{
  "type": "FeatureCollection",
  "properties": {
    "generated_at_utc": "2026-05-23T17:00:58.916495+00:00",
    "provider": "mapillary",
    "provider_api": "https://graph.mapillary.com/images",
    "municipalities": [
      "medford"
    ],
    "mode": "samples",
    "sample_count": 25,
    "image_metadata_count": 328,
    "radius_meters": 70,
    "sample_bbox": null,
    "sample_center": null,
    "sample_radius_meters": null,
    "photos_per_sample": 20,
    "errors": [],
    "note": "Metadata index only. Image URLs are source evidence for later review/inference; do not treat image detections as legal parking rules without confidence and source notes."
  },
  "features": [
    {
      "type": "Feature",
      "geometry": {
        "type": "Point",
        "coordinates": [
          -71.107225507974,
          42.418635165619
        ]
      },
      "properties": {
        "PROVIDER": "mapillary",
        "IMAGE_ID": "183873246925245",
        "SEQUENCE_ID": "-HUCkmCr5e84kG2F8fKFMQ",
        "CAPTURED_AT": 1506972780100,
        "HEADING": 265.59893983355,
        "IMAGE_THUMB_URL": "https://scontent-bos5-1.xx.fbcdn.net/m1/v/t6/An9IREZdCM1Bl4aWy7AhIvaQyxDH62XgQu3ya7a_OALtFkBaAfE-4Xfdt3i8JEkvYFHcZbmV4BXBbBJzloFaDMPzy0sEVKnzp7N6hezJ4Z2Bmk_SMfs_E-rSOgZJap0_p_z2mVNi4Ll4Ku56A9aWvQ?stp=s256x144&edm=AOnQwmMEAAAA&_nc_gid=bzb6TDA2YgqQOXuTEabFUQ&_nc_oc=AdoXGVW8WIhMqJvO39B0cdO3l8xQhDHP9-FfXINYXFAYRdSrPSkeAvMsD0HeuY05bBU&ccb=10-5&oh=00_Af6Okx-NVDPuINv487bHOxYmBJ5OTygG9L-DFq-dyX20gg&oe=6A39530A&_nc_sid=201bca",
        "IMAGE_PREVIEW_URL": "https://scontent-bos5-1.xx.fbcdn.net/m1/v/t6/An9IREZdCM1Bl4aWy7AhIvaQyxDH62XgQu3ya7a_OALtFkBaAfE-4Xfdt3i8JEkvYFHcZbmV4BXBbBJzloFaDMPzy0sEVKnzp7N6hezJ4Z2Bmk_SMfs_E-rSOgZJap0_p_z2mVNi4Ll4Ku56A9aWvQ?stp=s1024x576&edm=AOnQwmMEAAAA&_nc_gid=bzb6TDA2YgqQOXuTEabFUQ&_nc_oc=AdoXGVW8WIhMqJvO39B0cdO3l8xQhDHP9-FfXINYXFAYRdSrPSkeAvMsD0HeuY05bBU&ccb=10-5&oh=00_Af6VGcJMsA4OMDlD7sL0QBI8lI_8gLo918w7Np-MgCElxQ&oe=6A39530A&_nc_sid=201bca",
        "IMAGE_ORIGINAL_URL": "https://scontent-bos5-1.xx.fbcdn.net/m1/v/t6/An9IREZdCM1Bl4aWy7AhIvaQyxDH62XgQu3ya7a_OALtFkBaAfE-4Xfdt3i8JEkvYFHcZbmV4BXBbBJzloFaDMPzy0sEVKnzp7N6hezJ4Z2Bmk_SMfs_E-rSOgZJap0_p_z2mVNi4Ll4Ku56A9aWvQ?edm=AOnQwmMEAAAA&_nc_gid=bzb6TDA2YgqQOXuTEabFUQ&_nc_oc=AdoXGVW8WIhMqJvO39B0cdO3l8xQhDHP9-FfXINYXFAYRdSrPSkeAvMsD0HeuY05bBU&ccb=10-5&oh=00_Af4zo1Bu6PnC5QWH4TSScBEMq9TDlTHs7kR7y5isMAJ4Og&oe=6A39530A&_nc_sid=201bca",
        "SOURCE_URL": "https://www.mapillary.com/app/?pKey=183873246925245",
        "SAMPLE_MUNICIPALITY": "Medford",
        "SAMPLE_STREET_NAME": "SALEM STREET",
        "SAMPLE_SEGMENT_ID": 358481,
        "SAMPLE_LAT": 42.4185359404135,
        "SAMPLE_LNG": -71.107729960702
      }
    },
    {
      "type": "Feature",
      "geometry": {
        "type": "Point",
        "coordinates": [
          -71.107140141763,
          42.418641341324
        ]
      },
      "properties": {
        "PROVIDER": "mapillary",
        "IMAGE_ID": "216610136620165",
        "SEQUENCE_ID": "-HUCkmCr5e84kG2F8fKFMQ",
        "CAPTURED_AT": 1506972779600,
        "HEADING": 264.5382944901,
        "IMAGE_THUMB_URL": "https://scontent-bos5-1.xx.fbcdn.net/m1/v/t6/An_6o_UWHnadspiS7uGSM07FlDrc16cNFtk-Kso4Aj6AjOoZnsggpqV37pZQ692lDrSe3ebzWCoJN575XPGbLRHXJM5XFvIvFqasmclE9zqLibeJ2ZjOwYGc-v_AkTXlQeDGagZbLe8dmG6O33OQ6bc?stp=s256x144&edm=AOnQwmMEAAAA&_nc_gid=bzb6TDA2YgqQOXuTEabFUQ&_nc_oc=AdqOWfNXSc96Z9RuEhk6r5WAZKv4JTDAkVfiiu2lQJ3WIRoauYDXZl0yFcihhdppACc&ccb=10-5&oh=00_Af5Jy2DybNIifWDkR1-KqMySVQ6-RS9TlISvSPEZSXdQ2A&oe=6A395CC2&_nc_sid=201bca",
        "IMAGE_PREVIEW_URL": "https://scontent-bos5-1.xx.fbcdn.net/m1/v/t6/An_6o_UWHnadspiS7uGSM07FlDrc16cNFtk-Kso4Aj6AjOoZnsggpqV37pZQ692lDrSe3ebzWCoJN575XPGbLRHXJM5XFvIvFqasmclE9zqLibeJ2ZjOwYGc-v_AkTXlQeDGagZbLe8dmG6O33OQ6bc?stp=s1024x576&edm=AOnQwmMEAAAA&_nc_gid=bzb6TDA2YgqQOXuTEabFUQ&_nc_oc=AdqOWfNXSc96Z9RuEhk6r5WAZKv4JTDAkVfiiu2lQJ3WIRoauYDXZl0yFcihhdppACc&ccb=10-5&oh=00_Af5Hr07bDyCDOhcm_6xKxCQNil7YhnhVDtoFFdrD4Gd5mQ&oe=6A395CC2&_nc_sid=201bca",
        "IMAGE_ORIGINAL_URL": "https://scontent-bos5-1.xx.fbcdn.net/m1/v/t6/An_6o_UWHnadspiS7uGSM07FlDrc16cNFtk-Kso4Aj6AjOoZnsggpqV37pZQ692lDrSe3ebzWCoJN575XPGbLRHXJM5XFvIvFqasmclE9zqLibeJ2ZjOwYGc-v_AkTXlQeDGagZbLe8dmG6O33OQ6bc?edm=AOnQwmMEAAAA&_nc_gid=bzb6TDA2YgqQOXuTEabFUQ&_nc_oc=AdqOWfNXSc96Z9RuEhk6r5WAZKv4JTDAkVfiiu2lQJ3WIRoauYDXZl0yFcihhdppACc&ccb=10-5&oh=00_Af4Kj_V0K5UM8wzfSIGcDzmDIdt9g_tyLQLgglsDVLOAiA&oe=6A395CC2&_nc_sid=201bca",
        "SOURCE_URL": "https://www.mapillary.com/app/?pKey=216610136620165",
        "SAMPLE_MUNICIPALITY": "Medford",
        "SAMPLE_STREET_NAME": "SALEM STREET",
        "SAMPLE_SEGMENT_ID": 358481,
        "SAMPLE_LAT": 42.4185359404135,
        "SAMPLE_LNG": -71.107729960702
      }
    },
    {
      "type": "Feature",
      "geometry": {
        "type": "Point",
        "coordinates": [
          -71.106969422998,
          42.418672384791
        ]
      },
      "properties": {
        "PROVIDER": "mapillary",
        "IMAGE_ID": "239402384607742",
        "SEQUENCE_ID": "W9t3L0Pv6CAlyKvDTThgIw",
        "CAPTURED_AT": 1426090215000,
        "HEADING": 292.9033,
        "IMAGE_THUMB_URL": "https://scontent-bos5-1.xx.fbcdn.net/m1/v/t6/An9y-anEJzSkpUrixuUFaWoe5XQMBr81xw-UflS2TZjTTFplaVezZ8EnWsoaGXiMXI6D2oR81nncdP_fgurUD61ZL7DPjgJ2BSQKk6vmW52ilG0CgqZbNmDiGm2Ty6vDp2GBdS0FFfOgv3JBZJOSypw?stp=s256x192&edm=AOnQwmMEAAAA&_nc_gid=bzb6TDA2YgqQOXuTEabFUQ&_nc_oc=AdrbXQ8HXvpv9k0qPIVqTtlvQtpxb-azlM9UV7k6TVXX7k1wsYj1YMHHDK6M_UDjL-M&ccb=10-5&oh=00_Af55VhWrTYTUw9OOgoDQtI_WW2ssGA7Lt_PVVSc5mxJt6g&oe=6A393CB4&_nc_sid=201bca",
        "IMAGE_PREVIEW_URL": "https://scontent-bos5-1.xx.fbcdn.net/m1/v/t6/An9y-anEJzSkpUrixuUFaWoe5XQMBr81xw-UflS2TZjTTFplaVezZ8EnWsoaGXiMXI6D2oR81nncdP_fgurUD61ZL7DPjgJ2BSQKk6vmW52ilG0CgqZbNmDiGm2Ty6vDp2GBdS0FFfOgv3JBZJOSypw?stp=s1024x768&edm=AOnQwmMEAAAA&_nc_gid=bzb6TDA2YgqQOXuTEabFUQ&_nc_oc=AdrbXQ8HXvpv9k0qPIVqTtlvQtpxb-azlM9UV7k6TVXX7k1wsYj1YMHHDK6M_UDjL-M&ccb=10-5&oh=00_Af7cnY41AoGZK4IpS9dtBaZnNs4t4wFe1h2OMwgxdv52xg&oe=6A393CB4&_nc_sid=201bca",
        "IMAGE_ORIGINAL_URL": "https://scontent-bos5-1.xx.fbcdn.net/m1/v/t6/An9y-anEJzSkpUrixuUFaWoe5XQMBr81xw-UflS2TZjTTFplaVezZ8EnWsoaGXiMXI6D2oR81nncdP_fgurUD61ZL7DPjgJ2BSQKk6vmW52ilG0CgqZbNmDiGm2Ty6vDp2GBdS0FFfOgv3JBZJOSypw?edm=AOnQwmMEAAAA&_nc_gid=bzb6TDA2YgqQOXuTEabFUQ&_nc_oc=AdrbXQ8HXvpv9k0qPIVqTtlvQtpxb-azlM9UV7k6TVXX7k1wsYj1YMHHDK6M_UDjL-M&ccb=10-5&oh=00_Af5fdTE5yTORfLUzeLtyeVEpmmxBkG74CW6oxgX_9wq2tw&oe=6A393CB4&_nc_sid=201bca",
        "SOURCE_URL": "https://www.mapillary.com/app/?pKey=239402384607742",
        "SAMPLE_MUNICIPALITY": "Medford",
        "SAMPLE_STREET_NAME": "SALEM STREET",
        "SAMPLE_SEGMENT_ID": 358481,
        "SAMPLE_LAT": 42.4185359404135,
        "SAMPLE_LNG": -71.107729960702
      }
    },
    {
      "type": "Feature",
      "geometry": {
        "type": "Point",
        "coordinates": [
          -71.109015706507,
          42.418418774381
        ]
      },
      "properties": {
        "PROVIDER": "mapillary",
        "IMAGE_ID": "169670181737235",
        "SEQUENCE_ID": "-HUCkmCr5e84kG2F8fKFMQ",
        "CAPTURED_AT": 1506972790600,
        "HEADING": 259.26191781924,
        "IMAGE_THUMB_URL": "https://scontent-bos5-1.xx.fbcdn.net/m1/v/t6/An-xSVg9JhsEw23O6nnWJzOR6haVhqpi4KcRvfmuBLNEXH6Mj3LGkypiKhtMGkhthiCVhF3k9VDNb3Tytlze2nmAaWBaJvUttL0Gxus4Rmp6JRaTDUehShozqughCRo77N3xTvMK2CCNna20UoxcyQ?stp=s256x144&edm=AOnQwmMEAAAA&_nc_gid=kUGGugHdpsWrs4KJ-UeyUw&_nc_oc=Adr7_c94MSq8VdSfOMalLYfNkUgQJYacTnUmaPddMqwQZLmCvhrTXWQTipEUWDsW4o8&ccb=10-5&oh=00_Af6Vpei2RGPU3cj1X2W8rQZBnmNq7qSldYUgqrcfm5l6gw&oe=6A393A95&_nc_sid=201bca",
        "IMAGE_PREVIEW_URL": "https://scontent-bos5-1.xx.fbcdn.net/m1/v/t6/An-xSVg9JhsEw23O6nnWJzOR6haVhqpi4KcRvfmuBLNEXH6Mj3LGkypiKhtMGkhthiCVhF3k9VDNb3Tytlze2nmAaWBaJvUttL0Gxus4Rmp6JRaTDUehShozqughCRo77N3xTvMK2CCNna20UoxcyQ?stp=s1024x576&edm=AOnQwmMEAAAA&_nc_gid=kUGGugHdpsWrs4KJ-UeyUw&_nc_oc=Adr7_c94MSq8VdSfOMalLYfNkUgQJYacTnUmaPddMqwQZLmCvhrTXWQTipEUWDsW4o8&ccb=10-5&oh=00_Af65N-YjuDuQls-YiGgsjXQErXtCAMY6q-lJFItbL7jqsA&oe=6A393A95&_nc_sid=201bca",
        "IMAGE_ORIGINAL_URL": "https://scontent-bos5-1.xx.fbcdn.net/m1/v/t6/An-xSVg9JhsEw23O6nnWJzOR6haVhqpi4KcRvfmuBLNEXH6Mj3LGkypiKhtMGkhthiCVhF3k9VDNb3Tytlze2nmAaWBaJvUttL0Gxus4Rmp6JRaTDUehShozqughCRo77N3xTvMK2CCNna20UoxcyQ?edm=AOnQwmMEAAAA&_nc_gid=kUGGugHdpsWrs4KJ-UeyUw&_nc_oc=Adr7_c94MSq8VdSfOMalLYfNkUgQJYacTnUmaPddMqwQZLmCvhrTXWQTipEUWDsW4o8&ccb=10-5&oh=00_Af5OZMCyramN6cFXPLuizNvRf-4lgyfoJxKbKzvWMvaPvQ&oe=6A393A95&_nc_sid=201bca",
        "SOURCE_URL": "https://www.mapillary.com/app/?pKey=169670181737235",
        "SAMPLE_MUNICIPALITY": "Medford",
        "SAMPLE_STREET_NAME": "SALEM STREET",
        "SAMPLE_SEGMENT_ID": 358482,
        "SAMPLE_LAT": 42.4185183131643,
        "SAMPLE_LNG": -71.1081714652626
      }
    },
    {
      "type": "Feature",
      "geometry": {
        "type": "Point",
        "coordinates": [
          -71.108903169643,
          42.418409566672
        ]
      },
      "properties": {
        "PROVIDER": "mapillary",
        "IMAGE_ID": "130958125740928",
        "SEQUENCE_ID": "27ZH1q7NlN4c2vnsVDEreA",
        "CAPTURED_AT": 1520716441249,
        "HEADING": 256.29150390625,
        "IMAGE_THUMB_URL": "https://scontent-bos5-1.xx.fbcdn.net/m1/v/t6/An8uFgrQhxghvY-H2lXCa_d9dv3KN9tSx34VturJKpV-O-PWxBhRF-Ww31zkp8R_S_lEKkZ8SR464qGPBYsJ68UrLAA-_y5fvJaiU2aHzGKem8N4vtWOapwwRdoNWNkHPjUld_P_Kzeiog1iJtGYjA?stp=s256x192&edm=AOnQwmMEAAAA&_nc_gid=kUGGugHdpsWrs4KJ-UeyUw&_nc_oc=AdriJtQpX3JqgNZxvwzPhFXi8vIgrjn4WWl1jBbUa9zvPb0MQBxrUMIayWbGFGlh9_c&ccb=10-5&oh=00_Af7Wv_qeJCDGjcoh40H6HiA4Gwyk9FrYJAlSy_Zbyb3q0w&oe=6A3964FF&_nc_sid=201bca",
        "IMAGE_PREVIEW_URL": "https://scontent-bos5-1.xx.fbcdn.net/m1/v/t6/An8uFgrQhxghvY-H2lXCa_d9dv3KN9tSx34VturJKpV-O-PWxBhRF-Ww31zkp8R_S_lEKkZ8SR464qGPBYsJ68UrLAA-_y5fvJaiU2aHzGKem8N4vtWOapwwRdoNWNkHPjUld_P_Kzeiog1iJtGYjA?stp=s1024x768&edm=AOnQwmMEAAAA&_nc_gid=kUGGugHdpsWrs4KJ-UeyUw&_nc_oc=AdriJtQpX3JqgNZxvwzPhFXi8vIgrjn4WWl1jBbUa9zvPb0MQBxrUMIayWbGFGlh9_c&ccb=10-5&oh=00_Af5kitHjgDUn-zNnY-i-oV6kPRY1K4KR9aTTnJ3-ld31ig&oe=6A3964FF&_nc_sid=201bca",
        "IMAGE_ORIGINAL_URL": "https://scontent-bos5-1.xx.fbcdn.net/m1/v/t6/An8uFgrQhxghvY-H2lXCa_d9dv3KN9tSx34VturJKpV-O-PWxBhRF-Ww31zkp8R_S_lEKkZ8SR464qGPBYsJ68UrLAA-_y5fvJaiU2aHzGKem8N4vtWOapwwRdoNWNkHPjUld_P_Kzeiog1iJtGYjA?edm=AOnQwmMEAAAA&_nc_gid=kUGGugHdpsWrs4KJ-UeyUw&_nc_oc=AdriJtQpX3JqgNZxvwzPhFXi8vIgrjn4WWl1jBbUa9zvPb0MQBxrUMIayWbGFGlh9_c&ccb=10-5&oh=00_Af4ZRkvzTQUJBuF-hXBVl_Lbw6tUhBr_khS2ts2g5S814A&oe=6A3964FF&_nc_sid=201bca",
        "SOURCE_URL": "https://www.mapillary.com/app/?pKey=130958125740928",
        "SAMPLE_MUNICIPALITY": "Medford",
        "SAMPLE_STREET_NAME": "SALEM STREET",
        "SAMPLE_SEGMENT_ID": 358482,
        "SAMPLE_LAT": 42.4185183131643,
        "SAMPLE_LNG": -71.1081714652626
      }
    },
    {
      "type": "Feature",
      "geometry": {
        "type": "Point",
        "coordinates": [
          -71.109089303819,
          42.418405835165
        ]
      },
      "properties": {
        "PROVIDER": "mapillary",
        "IMAGE_ID": "133677705463332",
        "SEQUENCE_ID": "-HUCkmCr5e84kG2F8fKFMQ",
        "CAPTURED_AT": 1506972791100,
        "HEADING": 259.81331886193,
        "IMAGE_THUMB_URL": "https://scontent-bos5-1.xx.fbcdn.net/m1/v/t6/An_2LQonR5KsB0x9iVgR95Y42ONitfZKxstxG-o45XV_53kBVyrjwa01M2KbdBIUPeZ4Bva-Tw5GilZY_yelCsqTM6yp4-HOgDPx--ld7yPfd_MbTn2D4zSe1Lr7jFDCDJfGhFSmG3B64dsnt0DfYA?stp=s256x144&edm=AOnQwmMEAAAA&_nc_gid=kUGGugHdpsWrs4KJ-UeyUw&_nc_oc=Adp4W81XDnNlIEC2J5SWDnTzLdroP4naMZBcd5-JNQhgEq_4SGjTWXWleNjarqJWfks&ccb=10-5&oh=00_Af4MSnkmCoABxuHuxxpBu4uJPICU51DUSQXmiRe-Kr35cA&oe=6A393607&_nc_sid=201bca",
        "IMAGE_PREVIEW_URL": "https://scontent-bos5-1.xx.fbcdn.net/m1/v/t6/An_2LQonR5KsB0x9iVgR95Y42ONitfZKxstxG-o45XV_53kBVyrjwa01M2KbdBIUPeZ4Bva-Tw5GilZY_yelCsqTM6yp4-HOgDPx--ld7yPfd_MbTn2D4zSe1Lr7jFDCDJfGhFSmG3B64dsnt0DfYA?stp=s1024x576&edm=AOnQwmMEAAAA&_nc_gid=kUGGugHdpsWrs4KJ-UeyUw&_nc_oc=Adp4W81XDnNlIEC2J5SWDnTzLdroP4naMZBcd5-JNQhgEq_4SGjTWXWleNjarqJWfks&ccb=10-5&oh=00_Af6H9DuGumZE2hLrNDfllyEuf0LyQ0xYqgrBHyVvojdx9w&oe=6A393607&_nc_sid=201bca",
        "IMAGE_ORIGINAL_URL": "https://scontent-bos5-1.xx.fbcdn.net/m1/v/t6/An_2LQonR5KsB0x9iVgR95Y42ONitfZKxstxG-o45XV_53kBVyrjwa01M2KbdBIUPeZ4Bva-Tw5GilZY_yelCsqTM6yp4-HOgDPx--ld7yPfd_MbTn2D4zSe1Lr7jFDCDJfGhFSmG3B64dsnt0DfYA?edm=AOnQwmMEAAAA&_nc_gid=kUGGugHdpsWrs4KJ-UeyUw&_nc_oc=Adp4W81XDnNlIEC2J5SWDnTzLdroP4naMZBcd5-JNQhgEq_4SGjTWXWleNjarqJWfks&ccb=10-5&oh=00_Af4r-EVIY8JWauD8tStPbBhZvqnjZPSpAjnJXaRA-RhmkQ&oe=6A393607&_nc_sid=201bca",
        "SOURCE_URL": "https://www.mapillary.com/app/?pKey=133677705463332",
        "SAMPLE_MUNICIPALITY": "Medford",
        "SAMPLE_STREET_NAME": "SALEM STREET",
        "SAMPLE_SEGMENT_ID": 358482,
        "SAMPLE_LAT": 42.4185183131643,
        "SAMPLE_LNG": -71.1081714652626
      }
    },
    {
      "type": "Feature",
      "geometry": {
        "type": "Point",
        "coordinates": [
          -71.109178615527,
          42.418389630662
        ]
      },
      "properties": {
        "PROVIDER": "mapillary",
        "IMAGE_ID": "1101886903629248",
        "SEQUENCE_ID": "-HUCkmCr5e84kG2F8fKFMQ",
        "CAPTURED_AT": 1506972791700,
        "HEADING": 259.81344879882,
        "IMAGE_THUMB_URL": "https://scontent-bos5-1.xx.fbcdn.net/m1/v/t6/An9HsyPe0B4m9N-dLTptthK1H_OkG6LLYyX4Om6gf5LY_uIBA8W3C2BMNbzhlQqXkxZ9rR9qVZV3vhhsHwfumSzNlDKISi5fYL2ZzAqB9pp1rEbfEyoir2ui3Pi22UE5nug37jTgCyFhwFQFLuuWnA?stp=s256x144&edm=AOnQwmMEAAAA&_nc_gid=kUGGugHdpsWrs4KJ-UeyUw&_nc_oc=Adq6CfSzZZzj4gM2PYxyi0ghqCL3N9lJBiNW2b9yhnpMBWYaMaFUZ-5ZkUOh5yxM0bk&ccb=10-5&oh=00_Af5IDABC8uwB_0nVlzAk-ROROlJzJW1mYfwYiX57Qt0Bgw&oe=6A396154&_nc_sid=201bca",
        "IMAGE_PREVIEW_URL": "https://scontent-bos5-1.xx.fbcdn.net/m1/v/t6/An9HsyPe0B4m9N-dLTptthK1H_OkG6LLYyX4Om6gf5LY_uIBA8W3C2BMNbzhlQqXkxZ9rR9qVZV3vhhsHwfumSzNlDKISi5fYL2ZzAqB9pp1rEbfEyoir2ui3Pi22UE5nug37jTgCyFhwFQFLuuWnA?stp=s1024x576&edm=AOnQwmMEAAAA&_nc_gid=kUGGugHdpsWrs4KJ-UeyUw&_nc_oc=Adq6CfSzZZzj4gM2PYxyi0ghqCL3N9lJBiNW2b9yhnpMBWYaMaFUZ-5ZkUOh5yxM0bk&ccb=10-5&oh=00_Af6CDb09EJMNefnThG6gNxr53lhlLTwtyH_eZGvDCDgVPw&oe=6A396154&_nc_sid=201bca",
        "IMAGE_ORIGINAL_URL": "https://scontent-bos5-1.xx.fbcdn.net/m1/v/t6/An9HsyPe0B4m9N-dLTptthK1H_OkG6LLYyX4Om6gf5LY_uIBA8W3C2BMNbzhlQqXkxZ9rR9qVZV3vhhsHwfumSzNlDKISi5fYL2ZzAqB9pp1rEbfEyoir2ui3Pi22UE5nug37jTgCyFhwFQFLuuWnA?edm=AOnQwmMEAAAA&_nc_gid=kUGGugHdpsWrs4KJ-UeyUw&_nc_oc=Adq6CfSzZZzj4gM2PYxyi0ghqCL3N9lJBiNW2b9yhnpMBWYaMaFUZ-5ZkUOh5yxM0bk&ccb=10-5&oh=00_Af4kRJO8uKMLj7mXswicLX0H_aOHq0tehxcmrMPbQY9Y_A&oe=6A396154&_nc_sid=201bca",
        "SOURCE_URL": "https://www.mapillary.com/app/?pKey=1101886903629248",
        "SAMPLE_MUNICIPALITY": "Medford",
        "SAMPLE_STREET_NAME": "SALEM STREET",
        "SAMPLE_SEGMENT_ID": 358482,
        "SAMPLE_LAT": 42.4185183131643,
        "SAMPLE_LNG": -71.1081714652626
      }
    },
    {
      "type": "Feature",
      "geometry": {
        "type": "Point",
        "coordinates": [
          -71.108868779436,
          42.418489788377
        ]
      },
      "properties": {
        "PROVIDER": "mapillary",
        "IMAGE_ID": "178985354080354",
        "SEQUENCE_ID": "W9t3L0Pv6CAlyKvDTThgIw",
        "CAPTURED_AT": 1426090235000,
        "HEADING": 283.2596,
        "IMAGE_THUMB_URL": "https://scontent-bos5-1.xx.fbcdn.net/m1/v/t6/An8sEDEFwOJh2PVMaKDMuYRqxEhNS5vhFSVG9xswmSZOpmpuO59O_G59GUYPbuhpHwRETjII9EDGsft_XKTAAK83uEKD1z1ibaWwuYF7GUS7pA7qLj0AjTg-W-kBawffsbCD_j4ckO52LGxgqKndtA?stp=s256x192&edm=AOnQwmMEAAAA&_nc_gid=kUGGugHdpsWrs4KJ-UeyUw&_nc_oc=AdpE92pb7q_Z-Dmc87TBUwiqK201wdrtf1P1IybxftCkzotXUtV1RUnwLPywKv_yK_U&ccb=10-5&oh=00_Af7g36jepOWWGvUdfLfJJKGkrDVjFCZL0hqBGMqUmLCAww&oe=6A3933C9&_nc_sid=201bca",
        "IMAGE_PREVIEW_URL": "https://scontent-bos5-1.xx.fbcdn.net/m1/v/t6/An8sEDEFwOJh2PVMaKDMuYRqxEhNS5vhFSVG9xswmSZOpmpuO59O_G59GUYPbuhpHwRETjII9EDGsft_XKTAAK83uEKD1z1ibaWwuYF7GUS7pA7qLj0AjTg-W-kBawffsbCD_j4ckO52LGxgqKndtA?stp=s1024x768&edm=AOnQwmMEAAAA&_nc_gid=kUGGugHdpsWrs4KJ-UeyUw&_nc_oc=AdpE92pb7q_Z-Dmc87TBUwiqK201wdrtf1P1IybxftCkzotXUtV1RUnwLPywKv_yK_U&ccb=10-5&oh=00_Af6f_Wq_IzoY3YCXRsxrISxKXmPEHgXa6MMHiLwrH47dGg&oe=6A3933C9&_nc_sid=201bca",
        "IMAGE_ORIGINAL_URL": "https://scontent-bos5-1.xx.fbcdn.net/m1/v/t6/An8sEDEFwOJh2PVMaKDMuYRqxEhNS5vhFSVG9xswmSZOpmpuO59O_G59GUYPbuhpHwRETjII9EDGsft_XKTAAK83uEKD1z1ibaWwuYF7GUS7pA7qLj0AjTg-W-kBawffsbCD_j4ckO52LGxgqKndtA?edm=AOnQwmMEAAAA&_nc_gid=kUGGugHdpsWrs4KJ-UeyUw&_nc_oc=AdpE92pb7q_Z-Dmc87TBUwiqK201wdrtf1P1IybxftCkzotXUtV1RUnwLPywKv_yK_U&ccb=10-5&oh=00_Af5PV7zngF8HYKzpyJacT3f1tqmtI2xDOphhE6m8dCsNiQ&oe=6A3933C9&_nc_sid=201bca",
        "SOURCE_URL": "https://www.mapillary.com/app/?pKey=178985354080354",
        "SAMPLE_MUNICIPALITY": "Medford",
        "SAMPLE_STREET_NAME": "SALEM STREET",
        "SAMPLE_SEGMENT_ID": 358482,
        "SAMPLE_LAT": 42.4185183131643,
        "SAMPLE_LNG": -71.1081714652626
      }
    },
    {
      "type": "Feature",
      "geometry": {
        "type": "Point",
        "coordinates": [
          -71.108822507349,
          42.41842155817
        ]
      },
      "properties": {
        "PROVIDER": "mapillary",
        "IMAGE_ID": "1388597448171452",
        "SEQUENCE_ID": "27ZH1q7NlN4c2vnsVDEreA",
        "CAPTURED_AT": 1520716440116,
        "HEADING": 257.97540283203,
        "IMAGE_THUMB_URL": "https://scontent-bos5-1.xx.fbcdn.net/m1/v/t6/An8YjWWRO3RbtTDt_wge6qAZXuKIHftz_ghp4IgVJ0UX_hDzEKZsHtHeF_53UqzwKBPw5W1I5V2-gjoCc64tFw6lTgFjAXHk3uBzRoQ5SgE2WhDj-6bC30Ywz7sEgUylvq7mY-uoAjwsbtexNjws8g?stp=s256x192&edm=AOnQwmMEAAAA&_nc_gid=kUGGugHdpsWrs4KJ-UeyUw&_nc_oc=AdrR1WNy-uLmi_huY6rCmxC249I45mxvCcgctAvM5dseITQScV2Tu3DZDzG1tK8IVGY&ccb=10-5&oh=00_Af7qsOJihlGr2pHqVQb5GqqQXBR7wMO-ddQ0SO0NarvdAg&oe=6A393EB2&_nc_sid=201bca",
        "IMAGE_PREVIEW_URL": "https://scontent-bos5-1.xx.fbcdn.net/m1/v/t6/An8YjWWRO3RbtTDt_wge6qAZXuKIHftz_ghp4IgVJ0UX_hDzEKZsHtHeF_53UqzwKBPw5W1I5V2-gjoCc64tFw6lTgFjAXHk3uBzRoQ5SgE2WhDj-6bC30Ywz7sEgUylvq7mY-uoAjwsbtexNjws8g?stp=s1024x768&edm=AOnQwmMEAAAA&_nc_gid=kUGGugHdpsWrs4KJ-UeyUw&_nc_oc=AdrR1WNy-uLmi_huY6rCmxC249I45mxvCcgctAvM5dseITQScV2Tu3DZDzG1tK8IVGY&ccb=10-5&oh=00_Af7FO4-_VFPmBEOgbPMqtqBj1zXBhqVR694NPlWBYOmD9g&oe=6A393EB2&_nc_sid=201bca",
        "IMAGE_ORIGINAL_URL": "https://scontent-bos5-1.xx.fbcdn.net/m1/v/t6/An8YjWWRO3RbtTDt_wge6qAZXuKIHftz_ghp4IgVJ0UX_hDzEKZsHtHeF_53UqzwKBPw5W1I5V2-gjoCc64tFw6lTgFjAXHk3uBzRoQ5SgE2WhDj-6bC30Ywz7sEgUylvq7mY-uoAjwsbtexNjws8g?edm=AOnQwmMEAAAA&_nc_gid=kUGGugHdpsWrs4KJ-UeyUw&_nc_oc=AdrR1WNy-uLmi_huY6rCmxC249I45mxvCcgctAvM5dseITQScV2Tu3DZDzG1tK8IVGY&ccb=10-5&oh=00_Af7kP1A5oBjB0v2vZBt_FVErAFzz3myLLuEmmCqKzem0aQ&oe=6A393EB2&_nc_sid=201bca",
        "SOURCE_URL": "https://www.mapillary.com/app/?pKey=1388597448171452",
        "SAMPLE_MUNICIPALITY": "Medford",
        "SAMPLE_STREET_NAME": "SALEM STREET",
        "SAMPLE_SEGMENT_ID": 358482,
        "SAMPLE_LAT": 42.4185183131643,
        "SAMPLE_LNG": -71.1081714652626
      }
    },
    {
      "type": "Feature",
      "geometry": {
        "type": "Point",
        "coordinates": [
          -71.109222407333,
          42.418381611149
        ]
      },
      "properties": {
        "PROVIDER": "mapillary",
        "IMAGE_ID": "1440655796281411",
        "SEQUENCE_ID": "-HUCkmCr5e84kG2F8fKFMQ",
        "CAPTURED_AT": 1506972792000,
        "HEADING": 259.49868717509,
        "IMAGE_THUMB_URL": "https://scontent-bos5-1.xx.fbcdn.net/m1/v/t6/An_tSy4t5YQpNmgtRXW6AuEwle6DuWANoPYRHACP7e3UAZfXWOHtkjRO6LLZD1Iv37qdnrIMjyrjsbRHjElYrBbJ88QEkO4l-yO6mSmKaRni2aUDn6q16PGCmUvSZFtQ7AIhAOtXVpvTNXAA-5eZjAo?stp=s256x144&edm=AOnQwmMEAAAA&_nc_gid=kUGGugHdpsWrs4KJ-UeyUw&_nc_oc=Adr6bVFrjUdGlc0sob9iUf3IU6h0vw8TzVUtq_iYJ6_XEv-JQOzMvbD_rwSbNnkCaAY&ccb=10-5&oh=00_Af41hHpQDC_e0pmyBlTqTM1GL3ITpEyZKJnaM_cuKHt40w&oe=6A39504A&_nc_sid=201bca",
        "IMAGE_PREVIEW_URL": "https://scontent-bos5-1.xx.fbcdn.net/m1/v/t6/An_tSy4t5YQpNmgtRXW6AuEwle6DuWANoPYRHACP7e3UAZfXWOHtkjRO6LLZD1Iv37qdnrIMjyrjsbRHjElYrBbJ88QEkO4l-yO6mSmKaRni2aUDn6q16PGCmUvSZFtQ7AIhAOtXVpvTNXAA-5eZjAo?stp=s1024x576&edm=AOnQwmMEAAAA&_nc_gid=kUGGugHdpsWrs4KJ-UeyUw&_nc_oc=Adr6bVFrjUdGlc0sob9iUf3IU6h0vw8TzVUtq_iYJ6_XEv-JQOzMvbD_rwSbNnkCaAY&ccb=10-5&oh=00_Af4l2wRyAJTO8E7Ddptfy7gBu6mbI_Bb07a1fF9j5LgPFQ&oe=6A39504A&_nc_sid=201bca",
        "IMAGE_ORIGINAL_URL": "https://scontent-bos5-1.xx.fbcdn.net/m1/v/t6/An_tSy4t5YQpNmgtRXW6AuEwle6DuWANoPYRHACP7e3UAZfXWOHtkjRO6LLZD1Iv37qdnrIMjyrjsbRHjElYrBbJ88QEkO4l-yO6mSmKaRni2aUDn6q16PGCmUvSZFtQ7AIhAOtXVpvTNXAA-5eZjAo?edm=AOnQwmMEAAAA&_nc_gid=kUGGugHdpsWrs4KJ-UeyUw&_nc_oc=Adr6bVFrjUdGlc0sob9iUf3IU6h0vw8TzVUtq_iYJ6_XEv-JQOzMvbD_rwSbNnkCaAY&ccb=10-5&oh=00_Af5vfTHNpedRXE7QW9KcbYj4fTJHxNMgTZ2dAttFFlK9Tg&oe=6A39504A&_nc_sid=201bca",
        "SOURCE_URL": "https://www.mapillary.com/app/?pKey=1440655796281411",
        "SAMPLE_MUNICIPALITY": "Medford",
        "SAMPLE_STREET_NAME": "SALEM STREET",
        "SAMPLE_SEGMENT_ID": 358482,
        "SAMPLE_LAT": 42.4185183131643,
        "SAMPLE_LNG": -71.1081714652626
      }
    },
    {
      "type": "Feature",
      "geometry": {
        "type": "Point",
        "coordinates": [
          -71.108564809462,
          42.417926332189
        ]
      },
      "properties": {
        "PROVIDER": "mapillary",
        "IMAGE_ID": "2832602070313210",
        "SEQUENCE_ID": "fn4pqwb0sbof38sefipgi4",
        "CAPTURED_AT": 1589995106289,
        "HEADING": 110.58136636182,
        "IMAGE_THUMB_URL": "https://scontent-bos5-1.xx.fbcdn.net/m1/v/t6/An8tsAuTZ_lUaVpW-in2b1WgaB-lp1EenC_3T2EHfhqL9uTV7_Eaenjbn_hxIomGGP3as2nLhvzmrCwQiFen-im07ejQCa5_VAufuvJijRWg2EVSxXR49ioEDISAK5H9K7ghfnOSLMWjo4p73t2xBQ?stp=s256x192&edm=AOnQwmMEAAAA&_nc_gid=kUGGugHdpsWrs4KJ-UeyUw&_nc_oc=Adr_ctGh1ecHic4t9vE-EhIv8DqNta6gB73QBirUdylIZryGTdOPln6Cj6Gzy8ezS5Q&ccb=10-5&oh=00_Af7qXuYatamKDsXJRECdr2zRbcj2smDwh2pKTN71IyX7eQ&oe=6A396062&_nc_sid=201bca",
        "IMAGE_PREVIEW_URL": "https://scontent-bos5-1.xx.fbcdn.net/m1/v/t6/An8tsAuTZ_lUaVpW-in2b1WgaB-lp1EenC_3T2EHfhqL9uTV7_Eaenjbn_hxIomGGP3as2nLhvzmrCwQiFen-im07ejQCa5_VAufuvJijRWg2EVSxXR49ioEDISAK5H9K7ghfnOSLMWjo4p73t2xBQ?stp=s1024x768&edm=AOnQwmMEAAAA&_nc_gid=kUGGugHdpsWrs4KJ-UeyUw&_nc_oc=Adr_ctGh1ecHic4t9vE-EhIv8DqNta6gB73QBirUdylIZryGTdOPln6Cj6Gzy8ezS5Q&ccb=10-5&oh=00_Af48A6mxm_VhA4JvyrXVS9GTy7QRt3E1dqc9VxDtCJ2HFQ&oe=6A396062&_nc_sid=201bca",
        "IMAGE_ORIGINAL_URL": "https://scontent-bos5-1.xx.fbcdn.net/m1/v/t6/An8tsAuTZ_lUaVpW-in2b1WgaB-lp1EenC_3T2EHfhqL9uTV7_Eaenjbn_hxIomGGP3as2nLhvzmrCwQiFen-im07ejQCa5_VAufuvJijRWg2EVSxXR49ioEDISAK5H9K7ghfnOSLMWjo4p73t2xBQ?edm=AOnQwmMEAAAA&_nc_gid=kUGGugHdpsWrs4KJ-UeyUw&_nc_oc=Adr_ctGh1ecHic4t9vE-EhIv8DqNta6gB73QBirUdylIZryGTdOPln6Cj6Gzy8ezS5Q&ccb=10-5&oh=00_Af6K6_kg41GCSLg2bF_jvf3jjslNdFdsV3W5xrwgJWD4pg&oe=6A396062&_nc_sid=201bca",
        "SOURCE_URL": "https://www.mapillary.com/app/?pKey=2832602070313210",
        "SAMPLE_MUNICIPALITY": "Medford",
        "SAMPLE_STREET_NAME": "SALEM STREET",
        "SAMPLE_SEGMENT_ID": 358482,
        "SAMPLE_LAT": 42.4185183131643,
        "SAMPLE_LNG": -71.1081714652626
      }
    },
    {
      "type": "Feature",
      "geometry": {
        "type": "Point",
        "coordinates": [
          -71.108924322272,
          42.418433413318
        ]
      },
      "properties": {
        "PROVIDER": "mapillary",
        "IMAGE_ID": "472817254015285",
        "SEQUENCE_ID": "-HUCkmCr5e84kG2F8fKFMQ",
        "CAPTURED_AT": 1506972790000,
        "HEADING": 259.26179059603,
        "IMAGE_THUMB_URL": "https://scontent-bos5-1.xx.fbcdn.net/m1/v/t6/An__BwEOMckgrr8Qedj8D0RFeMxI8XhR1WIPKADSjFJAexWJuqWLZFht6_XNL6BSoEi24ST8UpVJZUM09jli9MSdTsBiiDFqP2mqgXNBRtlDuizlmBl4ez3Q9fXyz-BFV5RZte484d4kTBn1MrpWVSY?stp=s256x144&edm=AOnQwmMEAAAA&_nc_gid=kUGGugHdpsWrs4KJ-UeyUw&_nc_oc=AdraSW0fWtHVP8pncs8Z4jVsXSc9LKGlt1xGk_VIrYTPNKZg41lMyL4050QqH7P7XwY&ccb=10-5&oh=00_Af6UYieOzKRekSpWvYCN_ybMavYZi5OoiArpIxr--PY1sg&oe=6A395A28&_nc_sid=201bca",
        "IMAGE_PREVIEW_URL": "https://scontent-bos5-1.xx.fbcdn.net/m1/v/t6/An__BwEOMckgrr8Qedj8D0RFeMxI8XhR1WIPKADSjFJAexWJuqWLZFht6_XNL6BSoEi24ST8UpVJZUM09jli9MSdTsBiiDFqP2mqgXNBRtlDuizlmBl4ez3Q9fXyz-BFV5RZte484d4kTBn1MrpWVSY?stp=s1024x576&edm=AOnQwmMEAAAA&_nc_gid=kUGGugHdpsWrs4KJ-UeyUw&_nc_oc=AdraSW0fWtHVP8pncs8Z4jVsXSc9LKGlt1xGk_VIrYTPNKZg41lMyL4050QqH7P7XwY&ccb=10-5&oh=00_Af7qXKao2YQZajjmPL9nk6oTUKsNypFCA6xTavLkbf2zvg&oe=6A395A28&_nc_sid=201bca",
        "IMAGE_ORIGINAL_URL": "https://scontent-bos5-1.xx.fbcdn.net/m1/v/t6/An__BwEOMckgrr8Qedj8D0RFeMxI8XhR1WIPKADSjFJAexWJuqWLZFht6_XNL6BSoEi24ST8UpVJZUM09jli9MSdTsBiiDFqP2mqgXNBRtlDuizlmBl4ez3Q9fXyz-BFV5RZte484d4kTBn1MrpWVSY?edm=AOnQwmMEAAAA&_nc_gid=kUGGugHdpsWrs4KJ-UeyUw&_nc_oc=AdraSW0fWtHVP8pncs8Z4jVsXSc9LKGlt1xGk_VIrYTPNKZg41lMyL4050QqH7P7XwY&ccb=10-5&oh=00_Af4FX_blk2R2dXi3rXvN3VAZ_ezz4ccxVzpAIbJik2aEnQ&oe=6A395A28&_nc_sid=201bca",
        "SOURCE_URL": "https://www.mapillary.com/app/?pKey=472817254015285",
        "SAMPLE_MUNICIPALITY": "Medford",
        "SAMPLE_STREET_NAME": "SALEM STREET",
        "SAMPLE_SEGMENT_ID": 358482,
        "SAMPLE_LAT": 42.4185183131643,
        "SAMPLE_LNG": -71.1081714652626
      }
    },
    {
      "type": "Feature",
      "geometry": {
        "type": "Point",
        "coordinates": [
          -71.107774060024,
          42.418524135619
        ]
      },
      "properties": {
        "PROVIDER": "mapillary",
        "IMAGE_ID": "289662412783726",
        "SEQUENCE_ID": "27ZH1q7NlN4c2vnsVDEreA",
        "CAPTURED_AT": 1520716430159,
        "HEADING": 263.11187744141,
        "IMAGE_THUMB_URL": "https://scontent-bos5-1.xx.fbcdn.net/m1/v/t6/An9LN05R9r7L_yTX5DSXbKXdD2min6dcA0YYyEZpJvlgmlleOi7VlPyLhutaLl6_EtcdkYFHiQmK8EpocFqlgi2pzqQ9mpxksXNyZJ8rBy-_NS3Y5m9E_zBGFuPERn_0oI9kdcrJ1KBpdCeYQLI1QA?stp=s256x192&edm=AOnQwmMEAAAA&_nc_gid=kUGGugHdpsWrs4KJ-UeyUw&_nc_oc=AdoVmwmlb9ZU583m9A1i6uVcr0wBUoAKCddID-1uIBSXadhIEf847Og1EDQE_AwOJgM&ccb=10-5&oh=00_Af5-yC07QAQegjqFrbYEaOTuZvgWUBOU9mVQ9jZifOSRYQ&oe=6A3943A4&_nc_sid=201bca",
        "IMAGE_PREVIEW_URL": "https://scontent-bos5-1.xx.fbcdn.net/m1/v/t6/An9LN05R9r7L_yTX5DSXbKXdD2min6dcA0YYyEZpJvlgmlleOi7VlPyLhutaLl6_EtcdkYFHiQmK8EpocFqlgi2pzqQ9mpxksXNyZJ8rBy-_NS3Y5m9E_zBGFuPERn_0oI9kdcrJ1KBpdCeYQLI1QA?stp=s1024x768&edm=AOnQwmMEAAAA&_nc_gid=kUGGugHdpsWrs4KJ-UeyUw&_nc_oc=AdoVmwmlb9ZU583m9A1i6uVcr0wBUoAKCddID-1uIBSXadhIEf847Og1EDQE_AwOJgM&ccb=10-5&oh=00_Af6YvSfHcV2EZZNfprnpVZFVS9vBOJ_lbI0jQ-pFUZ1CRQ&oe=6A3943A4&_nc_sid=201bca",
        "IMAGE_ORIGINAL_URL": "https://scontent-bos5-1.xx.fbcdn.net/m1/v/t6/An9LN05R9r7L_yTX5DSXbKXdD2min6dcA0YYyEZpJvlgmlleOi7VlPyLhutaLl6_EtcdkYFHiQmK8EpocFqlgi2pzqQ9mpxksXNyZJ8rBy-_NS3Y5m9E_zBGFuPERn_0oI9kdcrJ1KBpdCeYQLI1QA?edm=AOnQwmMEAAAA&_nc_gid=kUGGugHdpsWrs4KJ-UeyUw&_nc_oc=AdoVmwmlb9ZU583m9A1i6uVcr0wBUoAKCddID-1uIBSXadhIEf847Og1EDQE_AwOJgM&ccb=10-5&oh=00_Af7HovmyAFIwMw7sVoicBCnM57kcDaKbOnr_wv-nl0Zh7g&oe=6A3943A4&_nc_sid=201bca",
        "SOURCE_URL": "https://www.mapillary.com/app/?pKey=289662412783726",
        "SAMPLE_MUNICIPALITY": "Medford",
        "SAMPLE_STREET_NAME": "SALEM STREET",
        "SAMPLE_SEGMENT_ID": 358482,
        "SAMPLE_LAT": 42.4185183131643,
        "SAMPLE_LNG": -71.1081714652626
      }
    },
    {
      "type": "Feature",
      "geometry": {
        "type": "Point",
        "coordinates": [
          -71.108845561883,
          42.418445852249
        ]
      },
      "properties": {
        "PROVIDER": "mapillary",
        "IMAGE_ID": "926862478114370",
        "SEQUENCE_ID": "-HUCkmCr5e84kG2F8fKFMQ",
        "CAPTURED_AT": 1506972789500,
        "HEADING": 258.7341472106,
        "IMAGE_THUMB_URL": "https://scontent-bos5-1.xx.fbcdn.net/m1/v/t6/An_R8aZXJaykNfF6OZR1LRqUxMyVWCvqGW9TP775Xpi0sbGSJiuwrxDMCG3oZCV9Rt4uZF_5KBio8wm2WOVhQDkoCsxru61Bnt7Cf8w1ceq_l6wPcOzy2VqPeBDNTPDZpAS4WazHIq_9_88BDxhN9Q?stp=s256x144&edm=AOnQwmMEAAAA&_nc_gid=kUGGugHdpsWrs4KJ-UeyUw&_nc_oc=Adq3nEAfO9zlDfsFbStXKkKWqesrceKP1M_OXSafrp98odRiMjobMnUsM_i5ItlqEzU&ccb=10-5&oh=00_Af4t3V-P-BVjN5xIQZPuRUIZhAKFv-lxZQwidy3r770Iyg&oe=6A394927&_nc_sid=201bca",
        "IMAGE_PREVIEW_URL": "https://scontent-bos5-1.xx.fbcdn.net/m1/v/t6/An_R8aZXJaykNfF6OZR1LRqUxMyVWCvqGW9TP775Xpi0sbGSJiuwrxDMCG3oZCV9Rt4uZF_5KBio8wm2WOVhQDkoCsxru61Bnt7Cf8w1ceq_l6wPcOzy2VqPeBDNTPDZpAS4WazHIq_9_88BDxhN9Q?stp=s1024x576&edm=AOnQwmMEAAAA&_nc_gid=kUGGugHdpsWrs4KJ-UeyUw&_nc_oc=Adq3nEAfO9zlDfsFbStXKkKWqesrceKP1M_OXSafrp98odRiMjobMnUsM_i5ItlqEzU&ccb=10-5&oh=00_Af5b0l3nxbYFX7TV9Q6KBTU5-k9RYp5eo8D9jBzFMtN-xg&oe=6A394927&_nc_sid=201bca",
        "IMAGE_ORIGINAL_URL": "https://scontent-bos5-1.xx.fbcdn.net/m1/v/t6/An_R8aZXJaykNfF6OZR1LRqUxMyVWCvqGW9TP775Xpi0sbGSJiuwrxDMCG3oZCV9Rt4uZF_5KBio8wm2WOVhQDkoCsxru61Bnt7Cf8w1ceq_l6wPcOzy2VqPeBDNTPDZpAS4WazHIq_9_88BDxhN9Q?edm=AOnQwmMEAAAA&_nc_gid=kUGGugHdpsWrs4KJ-UeyUw&_nc_oc=Adq3nEAfO9zlDfsFbStXKkKWqesrceKP1M_OXSafrp98odRiMjobMnUsM_i5ItlqEzU&ccb=10-5&oh=00_Af6jMVB96nLQKA_hjm9yuQ7-mqKHNkHqGq9UkV5FeDt4gg&oe=6A394927&_nc_sid=201bca",
        "SOURCE_URL": "https://www.mapillary.com/app/?pKey=926862478114370",
        "SAMPLE_MUNICIPALITY": "Medford",
        "SAMPLE_STREET_NAME": "SALEM STREET",
        "SAMPLE_SEGMENT_ID": 358482,
        "SAMPLE_LAT": 42.4185183131643,
        "SAMPLE_LNG": -71.1081714652626
      }
    },
    {
      "type": "Feature",
      "geometry": {
        "type": "Point",
        "coordinates": [
          -71.108683723875,
          42.418515942738
        ]
      },
      "properties": {
        "PROVIDER": "mapillary",
        "IMAGE_ID": "1392277331139225",
        "SEQUENCE_ID": "W9t3L0Pv6CAlyKvDTThgIw",
        "CAPTURED_AT": 1426090233000,
        "HEADING": 282.2258,
        "IMAGE_THUMB_URL": "https://scontent-bos5-1.xx.fbcdn.net/m1/v/t6/An-9aMmafY9RUwsrLgAh0p8mPcBd-C-0uJKc0eR6bSi6izlknG0aiIxMW5-ZYwvC1-P5Ax-folhbgp8EpNS83iEzo9GkOESgwpMjejqncPOENnseqbHaE5-noWcKPmfWjwbidWFr-SWsqVGgkr3Nu1U?stp=s256x192&edm=AOnQwmMEAAAA&_nc_gid=kUGGugHdpsWrs4KJ-UeyUw&_nc_oc=AdqsGpNS5mzZXjmWRpx-7sx4qzPgUrogsUbOMEP1Nj8UyX0YvUPNgMrjv26Srzj6Hu8&ccb=10-5&oh=00_Af7lQ2s3BtFsae5Uu_euEGEZYO9maI8Q9HMyld9-fidbPA&oe=6A393292&_nc_sid=201bca",
        "IMAGE_PREVIEW_URL": "https://scontent-bos5-1.xx.fbcdn.net/m1/v/t6/An-9aMmafY9RUwsrLgAh0p8mPcBd-C-0uJKc0eR6bSi6izlknG0aiIxMW5-ZYwvC1-P5Ax-folhbgp8EpNS83iEzo9GkOESgwpMjejqncPOENnseqbHaE5-noWcKPmfWjwbidWFr-SWsqVGgkr3Nu1U?stp=s1024x768&edm=AOnQwmMEAAAA&_nc_gid=kUGGugHdpsWrs4KJ-UeyUw&_nc_oc=AdqsGpNS5mzZXjmWRpx-7sx4qzPgUrogsUbOMEP1Nj8UyX0YvUPNgMrjv26Srzj6Hu8&ccb=10-5&oh=00_Af5x0i1uAVq0IjMIl_Kwh5OZXDS8AdEI2SSyGRdPrFtAbg&oe=6A393292&_nc_sid=201bca",
        "IMAGE_ORIGINAL_URL": "https://scontent-bos5-1.xx.fbcdn.net/m1/v/t6/An-9aMmafY9RUwsrLgAh0p8mPcBd-C-0uJKc0eR6bSi6izlknG0aiIxMW5-ZYwvC1-P5Ax-folhbgp8EpNS83iEzo9GkOESgwpMjejqncPOENnseqbHaE5-noWcKPmfWjwbidWFr-SWsqVGgkr3Nu1U?edm=AOnQwmMEAAAA&_nc_gid=kUGGugHdpsWrs4KJ-UeyUw&_nc_oc=AdqsGpNS5mzZXjmWRpx-7sx4qzPgUrogsUbOMEP1Nj8UyX0YvUPNgMrjv26Srzj6Hu8&ccb=10-5&oh=00_Af4Zk_geT6WQQv5BzSq8zqca9uISKThNa_HGBWEnCAhPMQ&oe=6A393292&_nc_sid=201bca",
        "SOURCE_URL": "https://www.mapillary.com/app/?pKey=1392277331139225",
        "SAMPLE_MUNICIPALITY": "Medford",
        "SAMPLE_STREET_NAME": "SALEM STREET",
        "SAMPLE_SEGMENT_ID": 358482,
        "SAMPLE_LAT": 42.4185183131643,
        "SAMPLE_LNG": -71.1081714652626
      }
    },
    {
      "type": "Feature",
      "geometry": {
        "type": "Point",
        "coordinates": [
          -71.108501691541,
          42.418500595688
        ]
      },
      "properties": {
        "PROVIDER": "mapillary",
        "IMAGE_ID": "214085936902997",
        "SEQUENCE_ID": "-HUCkmCr5e84kG2F8fKFMQ",
        "CAPTURED_AT": 1506972787400,
        "HEADING": 262.64914189664,
        "IMAGE_THUMB_URL": "https://scontent-bos5-1.xx.fbcdn.net/m1/v/t6/An-BY8S3ysgXbiKOBkC94DTaGm7F_yaqfHKQmnCSRM0Ip7vrF3cC-xXtjGIvFRS1QrVag71kOwx2QN7B9c_TK0jNSyw27Blq42hO4k0_R8mvLj0pBMc8EDS2eAgXXtftNP6mik1ZITvLpzgD4aeD5w?stp=s256x144&edm=AOnQwmMEAAAA&_nc_gid=kUGGugHdpsWrs4KJ-UeyUw&_nc_oc=AdrcM7Zi89h_Te3XrwSTDa8OArqoqBy0jQ3oiyr4O433yQPlDE5Y6UjzuOeL-IcuXkk&ccb=10-5&oh=00_Af4vYOtJNB8lh5HjwI9WtLipbrYC4mdYvUZ7ptBKzNrD_w&oe=6A395EA3&_nc_sid=201bca",
        "IMAGE_PREVIEW_URL": "https://scontent-bos5-1.xx.fbcdn.net/m1/v/t6/An-BY8S3ysgXbiKOBkC94DTaGm7F_yaqfHKQmnCSRM0Ip7vrF3cC-xXtjGIvFRS1QrVag71kOwx2QN7B9c_TK0jNSyw27Blq42hO4k0_R8mvLj0pBMc8EDS2eAgXXtftNP6mik1ZITvLpzgD4aeD5w?stp=s1024x576&edm=AOnQwmMEAAAA&_nc_gid=kUGGugHdpsWrs4KJ-UeyUw&_nc_oc=AdrcM7Zi89h_Te3XrwSTDa8OArqoqBy0jQ3oiyr4O433yQPlDE5Y6UjzuOeL-IcuXkk&ccb=10-5&oh=00_Af7EYUToRZ4Rmfho2nwfUL8xj3BnU-jFcpfgqhe-VDU-3Q&oe=6A395EA3&_nc_sid=201bca",
        "IMAGE_ORIGINAL_URL": "https://scontent-bos5-1.xx.fbcdn.net/m1/v/t6/An-BY8S3ysgXbiKOBkC94DTaGm7F_yaqfHKQmnCSRM0Ip7vrF3cC-xXtjGIvFRS1QrVag71kOwx2QN7B9c_TK0jNSyw27Blq42hO4k0_R8mvLj0pBMc8EDS2eAgXXtftNP6mik1ZITvLpzgD4aeD5w?edm=AOnQwmMEAAAA&_nc_gid=kUGGugHdpsWrs4KJ-UeyUw&_nc_oc=AdrcM7Zi89h_Te3XrwSTDa8OArqoqBy0jQ3oiyr4O433yQPlDE5Y6UjzuOeL-IcuXkk&ccb=10-5&oh=00_Af74oyPE7IuGFO3Fu-zRscWD5EjqMyzUN2FtloEzBGZwKQ&oe=6A395EA3&_nc_sid=201bca",
        "SOURCE_URL": "https://www.mapillary.com/app/?pKey=214085936902997",
        "SAMPLE_MUNICIPALITY": "Medford",
        "SAMPLE_STREET_NAME": "SALEM STREET",
        "SAMPLE_SEGMENT_ID": 358482,
        "SAMPLE_LAT": 42.4185183131643,
        "SAMPLE_LNG": -71.1081714652626
      }
    },
    {
      "type": "Feature",
      "geometry": {
        "type": "Point",
        "coordinates": [
          -71.109207834919,
          42.418384197062
        ]
      },
      "properties": {
        "PROVIDER": "mapillary",
        "IMAGE_ID": "1740555402784035",
        "SEQUENCE_ID": "-HUCkmCr5e84kG2F8fKFMQ",
        "CAPTURED_AT": 1506972791900,
        "HEADING": 259.81332165582,
        "IMAGE_THUMB_URL": "https://scontent-bos5-1.xx.fbcdn.net/m1/v/t6/An-1HfuX51DCfNiiWLSo-X5suN-QBVbYBnO5gD9hKz39RHwCFSYmN4ppEoy3PJqjew_NZMC8JHyYK6H-XG6ju5jGHtZtC0TQFccf5cXQWrIGW7fcPlMxlRPuYkLaOCE2Tchlx2PEA_YrvWvLkXb9Hg?stp=s256x144&edm=AOnQwmMEAAAA&_nc_gid=kUGGugHdpsWrs4KJ-UeyUw&_nc_oc=AdqW8yCTA2dVnM1A3_du28gcILSpSSh7P4wezdn57GRDCqL4F-DY2_XHv6sOgncZ2Ek&ccb=10-5&oh=00_Af5tBpFEPDLwLh1T-xTOR_HBV8jhasVkVx3uXAm03tKKMA&oe=6A396589&_nc_sid=201bca",
        "IMAGE_PREVIEW_URL": "https://scontent-bos5-1.xx.fbcdn.net/m1/v/t6/An-1HfuX51DCfNiiWLSo-X5suN-QBVbYBnO5gD9hKz39RHwCFSYmN4ppEoy3PJqjew_NZMC8JHyYK6H-XG6ju5jGHtZtC0TQFccf5cXQWrIGW7fcPlMxlRPuYkLaOCE2Tchlx2PEA_YrvWvLkXb9Hg?stp=s1024x576&edm=AOnQwmMEAAAA&_nc_gid=kUGGugHdpsWrs4KJ-UeyUw&_nc_oc=AdqW8yCTA2dVnM1A3_du28gcILSpSSh7P4wezdn57GRDCqL4F-DY2_XHv6sOgncZ2Ek&ccb=10-5&oh=00_Af6jMkfijP5Hj-dtfPhVu3P6jjLdxDgd7RiOXI38OqWU-g&oe=6A396589&_nc_sid=201bca",
        "IMAGE_ORIGINAL_URL": "https://scontent-bos5-1.xx.fbcdn.net/m1/v/t6/An-1HfuX51DCfNiiWLSo-X5suN-QBVbYBnO5gD9hKz39RHwCFSYmN4ppEoy3PJqjew_NZMC8JHyYK6H-XG6ju5jGHtZtC0TQFccf5cXQWrIGW7fcPlMxlRPuYkLaOCE2Tchlx2PEA_YrvWvLkXb9Hg?edm=AOnQwmMEAAAA&_nc_gid=kUGGugHdpsWrs4KJ-UeyUw&_nc_oc=AdqW8yCTA2dVnM1A3_du28gcILSpSSh7P4wezdn57GRDCqL4F-DY2_XHv6sOgncZ2Ek&ccb=10-5&oh=00_Af4eWrhKkKWgPMzWyOEb9r55KiWe-V_lqf9TEGIYq4gVfg&oe=6A396589&_nc_sid=201bca",
        "SOURCE_URL": "https://www.mapillary.com/app/?pKey=1740555402784035",
        "SAMPLE_MUNICIPALITY": "Medford",
        "SAMPLE_STREET_NAME": "SALEM STREET",
        "SAMPLE_SEGMENT_ID": 358482,
        "SAMPLE_LAT": 42.4185183131643,
        "SAMPLE_LNG": -71.1081714652626
      }
    },
    {
      "type": "Feature",
      "geometry": {
        "type": "Point",
        "coordinates": [
          -71.108877328839,
          42.418440655493
        ]
      },
      "properties": {
        "PROVIDER": "mapillary",
        "IMAGE_ID": "223886912835074",
        "SEQUENCE_ID": "-HUCkmCr5e84kG2F8fKFMQ",
        "CAPTURED_AT": 1506972789700,
        "HEADING": 258.73414809414,
        "IMAGE_THUMB_URL": "https://scontent-bos5-1.xx.fbcdn.net/m1/v/t6/An-WqZo1WJVlvH-EldJGQdEDbW6yPL1qrYwZmA9i7roTUINieqiXte83YEdFwjtAjj5aePXFgFIOjJi-wmM78a_kj_o0TTApFSs4Eg4vP9D40sufU1ZW9DmYoYNNkwUSzzvn9FY8DWgejrUa2tK5SDI?stp=s256x144&edm=AOnQwmMEAAAA&_nc_gid=kUGGugHdpsWrs4KJ-UeyUw&_nc_oc=Adoa7LrJ8zewMpQPcPYq3LH_C_C8p1zAJVovQBtF1tkWmiDp698WdZgcNrfcu_dAq2o&ccb=10-5&oh=00_Af6O6iS4uDp9WLxieMlURXwYMQcPvYRHNkf-kxM4vRou6A&oe=6A394793&_nc_sid=201bca",
        "IMAGE_PREVIEW_URL": "https://scontent-bos5-1.xx.fbcdn.net/m1/v/t6/An-WqZo1WJVlvH-EldJGQdEDbW6yPL1qrYwZmA9i7roTUINieqiXte83YEdFwjtAjj5aePXFgFIOjJi-wmM78a_kj_o0TTApFSs4Eg4vP9D40sufU1ZW9DmYoYNNkwUSzzvn9FY8DWgejrUa2tK5SDI?stp=s1024x576&edm=AOnQwmMEAAAA&_nc_gid=kUGGugHdpsWrs4KJ-UeyUw&_nc_oc=Adoa7LrJ8zewMpQPcPYq3LH_C_C8p1zAJVovQBtF1tkWmiDp698WdZgcNrfcu_dAq2o&ccb=10-5&oh=00_Af79kacN4dNoLNxQUYHR35vq87PCSBy3v5yCQNLs0d1Y-Q&oe=6A394793&_nc_sid=201bca",
        "IMAGE_ORIGINAL_URL": "https://scontent-bos5-1.xx.fbcdn.net/m1/v/t6/An-WqZo1WJVlvH-EldJGQdEDbW6yPL1qrYwZmA9i7roTUINieqiXte83YEdFwjtAjj5aePXFgFIOjJi-wmM78a_kj_o0TTApFSs4Eg4vP9D40sufU1ZW9DmYoYNNkwUSzzvn9FY8DWgejrUa2tK5SDI?edm=AOnQwmMEAAAA&_nc_gid=kUGGugHdpsWrs4KJ-UeyUw&_nc_oc=Adoa7LrJ8zewMpQPcPYq3LH_C_C8p1zAJVovQBtF1tkWmiDp698WdZgcNrfcu_dAq2o&ccb=10-5&oh=00_Af41QHT7l8f9Vy2Ub2d5MPKZgEzY6be8v6nmgq6yER9fVg&oe=6A394793&_nc_sid=201bca",
        "SOURCE_URL": "https://www.mapillary.com/app/?pKey=223886912835074",
        "SAMPLE_MUNICIPALITY": "Medford",
        "SAMPLE_STREET_NAME": "SALEM STREET",
        "SAMPLE_SEGMENT_ID": 358482,
        "SAMPLE_LAT": 42.4185183131643,
        "SAMPLE_LNG": -71.1081714652626
      }
    },
    {
      "type": "Feature",
      "geometry": {
        "type": "Point",
        "coordinates": [
          -71.1089705071,
          42.41842604004
        ]
      },
      "properties": {
        "PROVIDER": "mapillary",
        "IMAGE_ID": "1220918788367832",
        "SEQUENCE_ID": "-HUCkmCr5e84kG2F8fKFMQ",
        "CAPTURED_AT": 1506972790300,
        "HEADING": 259.26204147285,
        "IMAGE_THUMB_URL": "https://scontent-bos5-1.xx.fbcdn.net/m1/v/t6/An9Oz9dQOGGTPqa-JLUzz-lM1Vfi61kCzzTuapUyqmlUwDSwPiwHCHNdGuX9pV2EgZ3ZEjfWXrvLZDwiexrlGcQ2ByOR3v-q3jH6BF9l4jS7TcHD1pQ3dF04zv7vca2fAomPEDIyVaM8hvqMNkNhFFU?stp=s256x144&edm=AOnQwmMEAAAA&_nc_gid=_NCNH-EHQZ395wlJL0BMxw&_nc_oc=AdpHds6vQeHmsqtT6QPc_PzOeh38JqsT19NaI3P1zpuz3loc2ISDWOwZxv5UARfQd64&ccb=10-5&oh=00_Af5OucUPi6bJM5xE72QdyH23hYKDS_sqm_gFmtIsQL17cg&oe=6A3969B4&_nc_sid=201bca",
        "IMAGE_PREVIEW_URL": "https://scontent-bos5-1.xx.fbcdn.net/m1/v/t6/An9Oz9dQOGGTPqa-JLUzz-lM1Vfi61kCzzTuapUyqmlUwDSwPiwHCHNdGuX9pV2EgZ3ZEjfWXrvLZDwiexrlGcQ2ByOR3v-q3jH6BF9l4jS7TcHD1pQ3dF04zv7vca2fAomPEDIyVaM8hvqMNkNhFFU?stp=s1024x576&edm=AOnQwmMEAAAA&_nc_gid=_NCNH-EHQZ395wlJL0BMxw&_nc_oc=AdpHds6vQeHmsqtT6QPc_PzOeh38JqsT19NaI3P1zpuz3loc2ISDWOwZxv5UARfQd64&ccb=10-5&oh=00_Af6_B0uCJC1erHQLVhzVpxb21hAR1CM7ZdAFjMHw7jOHkQ&oe=6A3969B4&_nc_sid=201bca",
        "IMAGE_ORIGINAL_URL": "https://scontent-bos5-1.xx.fbcdn.net/m1/v/t6/An9Oz9dQOGGTPqa-JLUzz-lM1Vfi61kCzzTuapUyqmlUwDSwPiwHCHNdGuX9pV2EgZ3ZEjfWXrvLZDwiexrlGcQ2ByOR3v-q3jH6BF9l4jS7TcHD1pQ3dF04zv7vca2fAomPEDIyVaM8hvqMNkNhFFU?edm=AOnQwmMEAAAA&_nc_gid=_NCNH-EHQZ395wlJL0BMxw&_nc_oc=AdpHds6vQeHmsqtT6QPc_PzOeh38JqsT19NaI3P1zpuz3loc2ISDWOwZxv5UARfQd64&ccb=10-5&oh=00_Af6pgmpsOAJGBFOcG7a67LsOL1BW2m5MFHSacoAMy1Ma9g&oe=6A3969B4&_nc_sid=201bca",
        "SOURCE_URL": "https://www.mapillary.com/app/?pKey=1220918788367832",
        "SAMPLE_MUNICIPALITY": "Medford",
        "SAMPLE_STREET_NAME": "SALEM STREET",
        "SAMPLE_SEGMENT_ID": 358483,
        "SAMPLE_LAT": 42.4183813713606,
        "SAMPLE_LNG": -71.109097247096
      }
    },
    {
      "type": "Feature",
      "geometry": {
        "type": "Point",
        "coordinates": [
          -71.108819546556,
          42.417997874303
        ]
      },
      "properties": {
        "PROVIDER": "mapillary",
        "IMAGE_ID": "2950411475248046",
        "SEQUENCE_ID": "fn4pqwb0sbof38sefipgi4",
        "CAPTURED_AT": 1589995104262,
        "HEADING": 110.63930662105,
        "IMAGE_THUMB_URL": "https://scontent-bos5-1.xx.fbcdn.net/m1/v/t6/An_Rg-V0uAH-3rCJDsi_36LRWT3PiWfEANMRPX4MqWauELJIe5qw8BhzZnA5J0HjrNtb1tgkGY5axfbEpouNPuCMPthUY1D9U9N5u_0g33ZV7ktWtqJ7oNm8uJlN0lrypnerpriRw_qB2B8VMXZulg?stp=s256x192&edm=AOnQwmMEAAAA&_nc_gid=_NCNH-EHQZ395wlJL0BMxw&_nc_oc=AdoMdqz1dIyVF3HXoPH_-iGZYaFMmPy_ZDDS9UJ62C9q-essoTDA088U-lw5nNXd8aI&ccb=10-5&oh=00_Af5JcQVmciRd_hGCQNtUTOmUPH53TCnhO7WTuhRLCWF64A&oe=6A393F0B&_nc_sid=201bca",
        "IMAGE_PREVIEW_URL": "https://scontent-bos5-1.xx.fbcdn.net/m1/v/t6/An_Rg-V0uAH-3rCJDsi_36LRWT3PiWfEANMRPX4MqWauELJIe5qw8BhzZnA5J0HjrNtb1tgkGY5axfbEpouNPuCMPthUY1D9U9N5u_0g33ZV7ktWtqJ7oNm8uJlN0lrypnerpriRw_qB2B8VMXZulg?stp=s1024x768&edm=AOnQwmMEAAAA&_nc_gid=_NCNH-EHQZ395wlJL0BMxw&_nc_oc=AdoMdqz1dIyVF3HXoPH_-iGZYaFMmPy_ZDDS9UJ62C9q-essoTDA088U-lw5nNXd8aI&ccb=10-5&oh=00_Af4R5kORLVndsjB36m41LD95Pvgh3jf91cJW670i680vYQ&oe=6A393F0B&_nc_sid=201bca",
        "IMAGE_ORIGINAL_URL": "https://scontent-bos5-1.xx.fbcdn.net/m1/v/t6/An_Rg-V0uAH-3rCJDsi_36LRWT3PiWfEANMRPX4MqWauELJIe5qw8BhzZnA5J0HjrNtb1tgkGY5axfbEpouNPuCMPthUY1D9U9N5u_0g33ZV7ktWtqJ7oNm8uJlN0lrypnerpriRw_qB2B8VMXZulg?edm=AOnQwmMEAAAA&_nc_gid=_NCNH-EHQZ395wlJL0BMxw&_nc_oc=AdoMdqz1dIyVF3HXoPH_-iGZYaFMmPy_ZDDS9UJ62C9q-essoTDA088U-lw5nNXd8aI&ccb=10-5&oh=00_Af6OMMfVAap0zYYnlwpCej-Y5ETi7k6ZsD4d22lH9K3Tkw&oe=6A393F0B&_nc_sid=201bca",
        "SOURCE_URL": "https://www.mapillary.com/app/?pKey=2950411475248046",
        "SAMPLE_MUNICIPALITY": "Medford",
        "SAMPLE_STREET_NAME": "SALEM STREET",
        "SAMPLE_SEGMENT_ID": 358483,
        "SAMPLE_LAT": 42.4183813713606,
        "SAMPLE_LNG": -71.109097247096
      }
    },
    {
      "type": "Feature",
      "geometry": {
        "type": "Point",
        "coordinates": [
          -71.108169443389,
          42.41859551582
        ]
      },
      "properties": {
        "PROVIDER": "mapillary",
        "IMAGE_ID": "1136513920195055",
        "SEQUENCE_ID": "W9t3L0Pv6CAlyKvDTThgIw",
        "CAPTURED_AT": 1426090227000,
        "HEADING": 287.1511,
        "IMAGE_THUMB_URL": "https://scontent-bos5-1.xx.fbcdn.net/m1/v/t6/An-Rk6c_e6oFKBDUDKmC4FfLdaMOtbzoBUjDhRJ7JAy_y7S10KH5PBZN08uMo7KbwJ6WxVluAxahHe1ShJEMFjk4JePyMCIcYYmsgIUuAdkAatUQ128jLLHBfCLQj5G0F8nAEmpTKzDLxhxfZejNVg?stp=s256x192&edm=AOnQwmMEAAAA&_nc_gid=_NCNH-EHQZ395wlJL0BMxw&_nc_oc=Ado2VOFkKCxUz1S5QD_hEHdEZOsmBZgppM1PlCCKPdG7qUO7iQRqhJV05OZgudnnCZg&ccb=10-5&oh=00_Af4eTL-S-WqXaBj9fy4dZ77PO8agEC6eSzdkVGM3ZTn-Ag&oe=6A394471&_nc_sid=201bca",
        "IMAGE_PREVIEW_URL": "https://scontent-bos5-1.xx.fbcdn.net/m1/v/t6/An-Rk6c_e6oFKBDUDKmC4FfLdaMOtbzoBUjDhRJ7JAy_y7S10KH5PBZN08uMo7KbwJ6WxVluAxahHe1ShJEMFjk4JePyMCIcYYmsgIUuAdkAatUQ128jLLHBfCLQj5G0F8nAEmpTKzDLxhxfZejNVg?stp=s1024x768&edm=AOnQwmMEAAAA&_nc_gid=_NCNH-EHQZ395wlJL0BMxw&_nc_oc=Ado2VOFkKCxUz1S5QD_hEHdEZOsmBZgppM1PlCCKPdG7qUO7iQRqhJV05OZgudnnCZg&ccb=10-5&oh=00_Af5wCUb0lTlmippPm8Qrg-l2UwxMuQTVaZRkJ2IXdliOrA&oe=6A394471&_nc_sid=201bca",
        "IMAGE_ORIGINAL_URL": "https://scontent-bos5-1.xx.fbcdn.net/m1/v/t6/An-Rk6c_e6oFKBDUDKmC4FfLdaMOtbzoBUjDhRJ7JAy_y7S10KH5PBZN08uMo7KbwJ6WxVluAxahHe1ShJEMFjk4JePyMCIcYYmsgIUuAdkAatUQ128jLLHBfCLQj5G0F8nAEmpTKzDLxhxfZejNVg?edm=AOnQwmMEAAAA&_nc_gid=_NCNH-EHQZ395wlJL0BMxw&_nc_oc=Ado2VOFkKCxUz1S5QD_hEHdEZOsmBZgppM1PlCCKPdG7qUO7iQRqhJV05OZgudnnCZg&ccb=10-5&oh=00_Af6j9DEWosOpnvRMrV4Qv3iaxS4T9Di1-CTir70chu1y9Q&oe=6A394471&_nc_sid=201bca",
        "SOURCE_URL": "https://www.mapillary.com/app/?pKey=1136513920195055",
        "SAMPLE_MUNICIPALITY": "Medford",
        "SAMPLE_STREET_NAME": "SALEM STREET",
        "SAMPLE_SEGMENT_ID": 358483,
        "SAMPLE_LAT": 42.4183813713606,
        "SAMPLE_LNG": -71.109097247096
      }
    },
    {
      "type": "Feature",
      "geometry": {
        "type": "Point",
        "coordinates": [
          -71.108682622751,
          42.418471753646
        ]
      },
      "properties": {
        "PROVIDER": "mapillary",
        "IMAGE_ID": "1699175096957161",
        "SEQUENCE_ID": "-HUCkmCr5e84kG2F8fKFMQ",
        "CAPTURED_AT": 1506972788500,
        "HEADING": 260.29816347322,
        "IMAGE_THUMB_URL": "https://scontent-bos5-1.xx.fbcdn.net/m1/v/t6/An8b6yH_581M0scBJmOUG0Huc7RS5sA50RFeDqDQE9_WyUlt-CHlimeYHAzcCb1TJIBUSn1lAqrNf2oWxnjGNQEuJDh8VdWk-kHBEdKn37gUoiBK5bsKqz22kpulIW9m1kJ7SCR4TR5mlXDbCMFjl1s?stp=s256x144&edm=AOnQwmMEAAAA&_nc_gid=_NCNH-EHQZ395wlJL0BMxw&_nc_oc=AdpJCNQC1CQDgj1J838IrU1t5X20MjPJGdfTWJkX_uKLxihUpiyQjHFR8PlOkQcul8E&ccb=10-5&oh=00_Af5b3CKSF0Ao09TbirgKQ0lY7nrAS7LAoeZSR0tjPOnYHQ&oe=6A3964D0&_nc_sid=201bca",
        "IMAGE_PREVIEW_URL": "https://scontent-bos5-1.xx.fbcdn.net/m1/v/t6/An8b6yH_581M0scBJmOUG0Huc7RS5sA50RFeDqDQE9_WyUlt-CHlimeYHAzcCb1TJIBUSn1lAqrNf2oWxnjGNQEuJDh8VdWk-kHBEdKn37gUoiBK5bsKqz22kpulIW9m1kJ7SCR4TR5mlXDbCMFjl1s?stp=s1024x576&edm=AOnQwmMEAAAA&_nc_gid=_NCNH-EHQZ395wlJL0BMxw&_nc_oc=AdpJCNQC1CQDgj1J838IrU1t5X20MjPJGdfTWJkX_uKLxihUpiyQjHFR8PlOkQcul8E&ccb=10-5&oh=00_Af6hsTDuZJ7snJJ1T0TS8e6_5UZt8BDvDC9_rdAkttVpCA&oe=6A3964D0&_nc_sid=201bca",
        "IMAGE_ORIGINAL_URL": "https://scontent-bos5-1.xx.fbcdn.net/m1/v/t6/An8b6yH_581M0scBJmOUG0Huc7RS5sA50RFeDqDQE9_WyUlt-CHlimeYHAzcCb1TJIBUSn1lAqrNf2oWxnjGNQEuJDh8VdWk-kHBEdKn37gUoiBK5bsKqz22kpulIW9m1kJ7SCR4TR5mlXDbCMFjl1s?edm=AOnQwmMEAAAA&_nc_gid=_NCNH-EHQZ395wlJL0BMxw&_nc_oc=AdpJCNQC1CQDgj1J838IrU1t5X20MjPJGdfTWJkX_uKLxihUpiyQjHFR8PlOkQcul8E&ccb=10-5&oh=00_Af6DPudf3OYchCUf1deA6rQ5nQ3QgtYZDWAYTsApBGhW0Q&oe=6A3964D0&_nc_sid=201bca",
        "SOURCE_URL": "https://www.mapillary.com/app/?pKey=1699175096957161",
        "SAMPLE_MUNICIPALITY": "Medford",
        "SAMPLE_STREET_NAME": "SALEM STREET",
        "SAMPLE_SEGMENT_ID": 358483,
        "SAMPLE_LAT": 42.4183813713606,
        "SAMPLE_LNG": -71.109097247096
      }
    },
    {
      "type": "Feature",
      "geometry": {
        "type": "Point",
        "coordinates": [
          -71.108666050906,
          42.41847439159
        ]
      },
      "properties": {
        "PROVIDER": "mapillary",
        "IMAGE_ID": "267418065075273",
        "SEQUENCE_ID": "-HUCkmCr5e84kG2F8fKFMQ",
        "CAPTURED_AT": 1506972788400,
        "HEADING": 260.29819391144,
        "IMAGE_THUMB_URL": "https://scontent-bos5-1.xx.fbcdn.net/m1/v/t6/An9N1P6zDgr4gdAmXxNAe4VrMcRnKYYKCucnK3zzzfqiFNQdPSZu6VyMiu-dRT1iuv57s4nvhQUywq555egeVwEE248b9Uy8tZ5V1iUl66kYGGuSJ7rJCBKkEf8ZSQSgZ47Iv-eSu-PUN7Tnnvp5PA?stp=s256x144&edm=AOnQwmMEAAAA&_nc_gid=_NCNH-EHQZ395wlJL0BMxw&_nc_oc=Adr22cuAtdyLIOKfN3Up0QgA6NQMRyxFUMncyjZsf0d0zKCdyWp31KUzwYz1pA-WspE&ccb=10-5&oh=00_Af4EB5HM7aTz-BVP6mazqfx8mPnKXD0urCZKY7hCVI7hIg&oe=6A393A2D&_nc_sid=201bca",
        "IMAGE_PREVIEW_URL": "https://scontent-bos5-1.xx.fbcdn.net/m1/v/t6/An9N1P6zDgr4gdAmXxNAe4VrMcRnKYYKCucnK3zzzfqiFNQdPSZu6VyMiu-dRT1iuv57s4nvhQUywq555egeVwEE248b9Uy8tZ5V1iUl66kYGGuSJ7rJCBKkEf8ZSQSgZ47Iv-eSu-PUN7Tnnvp5PA?stp=s1024x576&edm=AOnQwmMEAAAA&_nc_gid=_NCNH-EHQZ395wlJL0BMxw&_nc_oc=Adr22cuAtdyLIOKfN3Up0QgA6NQMRyxFUMncyjZsf0d0zKCdyWp31KUzwYz1pA-WspE&ccb=10-5&oh=00_Af7mYC_yFNARvvZPykFW0w3OVoKrqo-iog2ENAhvP1rDNw&oe=6A393A2D&_nc_sid=201bca",
        "IMAGE_ORIGINAL_URL": "https://scontent-bos5-1.xx.fbcdn.net/m1/v/t6/An9N1P6zDgr4gdAmXxNAe4VrMcRnKYYKCucnK3zzzfqiFNQdPSZu6VyMiu-dRT1iuv57s4nvhQUywq555egeVwEE248b9Uy8tZ5V1iUl66kYGGuSJ7rJCBKkEf8ZSQSgZ47Iv-eSu-PUN7Tnnvp5PA?edm=AOnQwmMEAAAA&_nc_gid=_NCNH-EHQZ395wlJL0BMxw&_nc_oc=Adr22cuAtdyLIOKfN3Up0QgA6NQMRyxFUMncyjZsf0d0zKCdyWp31KUzwYz1pA-WspE&ccb=10-5&oh=00_Af6lyAljgAc6ckq9JEd6DazbLzOHxOLFO8WH1v3Sz_eN-Q&oe=6A393A2D&_nc_sid=201bca",
        "SOURCE_URL": "https://www.mapillary.com/app/?pKey=267418065075273",
        "SAMPLE_MUNICIPALITY": "Medford",
        "SAMPLE_STREET_NAME": "SALEM STREET",
        "SAMPLE_SEGMENT_ID": 358483,
        "SAMPLE_LAT": 42.4183813713606,
        "SAMPLE_LNG": -71.109097247096
      }
    },
    {
      "type": "Feature",
      "geometry": {
        "type": "Point",
        "coordinates": [
          -71.102137607807,
          42.419468750142
        ]
      },
      "properties": {
        "PROVIDER": "mapillary",
        "IMAGE_ID": "1647136092147619",
        "SEQUENCE_ID": "QzvFPzShD8-Hm6PEJBP7rQ",
        "CAPTURED_AT": 1506972699300,
        "HEADING": 249.65008220425,
        "IMAGE_THUMB_URL": "https://scontent-bos5-1.xx.fbcdn.net/m1/v/t6/An_QJiGypxygcRNRpKXaGCP_ONBHHPIlpy7s11jSYcwrYXETOz1n1uwlXhudhfsISxISYq_uqwbst_yrZo9FXy8MhyEIeerPqUvF78fbqHs7zKQgSbFQKel6FELE5xrf9_XQO4ehzS683RhbJbUKF2o?stp=s256x144&edm=AOnQwmMEAAAA&_nc_gid=HfcpzDFaWviK69sFq5fPFw&_nc_oc=Adpe8JWK1goFzWN061yIV04719AW3uWwtsV9L65HR6nygER_kREt1RaLvQcEzzq9BDs&ccb=10-5&oh=00_Af4vTYmqZ0NPrKv6YRF1UHxai42tTl1bWjMUBqqWYf_cMA&oe=6A395980&_nc_sid=201bca",
        "IMAGE_PREVIEW_URL": "https://scontent-bos5-1.xx.fbcdn.net/m1/v/t6/An_QJiGypxygcRNRpKXaGCP_ONBHHPIlpy7s11jSYcwrYXETOz1n1uwlXhudhfsISxISYq_uqwbst_yrZo9FXy8MhyEIeerPqUvF78fbqHs7zKQgSbFQKel6FELE5xrf9_XQO4ehzS683RhbJbUKF2o?stp=s1024x576&edm=AOnQwmMEAAAA&_nc_gid=HfcpzDFaWviK69sFq5fPFw&_nc_oc=Adpe8JWK1goFzWN061yIV04719AW3uWwtsV9L65HR6nygER_kREt1RaLvQcEzzq9BDs&ccb=10-5&oh=00_Af5t-RHDrd4-5y5yBapLXsuwH6Vjttm5fx5VHY_1P9OyRw&oe=6A395980&_nc_sid=201bca",
        "IMAGE_ORIGINAL_URL": "https://scontent-bos5-1.xx.fbcdn.net/m1/v/t6/An_QJiGypxygcRNRpKXaGCP_ONBHHPIlpy7s11jSYcwrYXETOz1n1uwlXhudhfsISxISYq_uqwbst_yrZo9FXy8MhyEIeerPqUvF78fbqHs7zKQgSbFQKel6FELE5xrf9_XQO4ehzS683RhbJbUKF2o?edm=AOnQwmMEAAAA&_nc_gid=HfcpzDFaWviK69sFq5fPFw&_nc_oc=Adpe8JWK1goFzWN061yIV04719AW3uWwtsV9L65HR6nygER_kREt1RaLvQcEzzq9BDs&ccb=10-5&oh=00_Af6w0ROyltn3map1_DydfU1kCWKR6rzwhq85WVva1WtJ6Q&oe=6A395980&_nc_sid=201bca",
        "SOURCE_URL": "https://www.mapillary.com/app/?pKey=1647136092147619",
        "SAMPLE_MUNICIPALITY": "Medford",
        "SAMPLE_STREET_NAME": "SALEM STREET",
        "SAMPLE_SEGMENT_ID": 360952,
        "SAMPLE_LAT": 42.4194160122579,
        "SAMPLE_LNG": -71.1027019750473
      }
    },
    {
      "type": "Feature",
      "geometry": {
        "type": "Point",
        "coordinates": [
          -71.102256567241,
          42.419452305165
        ]
      },
      "properties": {
        "PROVIDER": "mapillary",
        "IMAGE_ID": "307811530715660",
        "SEQUENCE_ID": "QzvFPzShD8-Hm6PEJBP7rQ",
        "CAPTURED_AT": 1506972700300,
        "HEADING": 250.64931119435,
        "IMAGE_THUMB_URL": "https://scontent-bos5-1.xx.fbcdn.net/m1/v/t6/An9zzKDqA3FbsA3WPZHhJGFpC6wqvjiBKQ8eg512a8aacOwWefSojH9nXvc-vXXz82KfIeBSgtoczgnCUiTvE-KSAQ-FFzgR3DZ3vO_aTqwkJn2-2Odcfv2urvvkWQteKWqiiBGLNPBQ4_pxzxAlcw?stp=s256x144&edm=AOnQwmMEAAAA&_nc_gid=HfcpzDFaWviK69sFq5fPFw&_nc_oc=Adqtcz_P4ly-PQmMYx4NN9j0rNSnbWtpyk7zziIIloq_9bNw-PAewELC2en8CYtnnAA&ccb=10-5&oh=00_Af522gh4kYkNZtL8jqgYQ9gPbeSbx9anpgl6HYAtgjn0fA&oe=6A39632E&_nc_sid=201bca",
        "IMAGE_PREVIEW_URL": "https://scontent-bos5-1.xx.fbcdn.net/m1/v/t6/An9zzKDqA3FbsA3WPZHhJGFpC6wqvjiBKQ8eg512a8aacOwWefSojH9nXvc-vXXz82KfIeBSgtoczgnCUiTvE-KSAQ-FFzgR3DZ3vO_aTqwkJn2-2Odcfv2urvvkWQteKWqiiBGLNPBQ4_pxzxAlcw?stp=s1024x576&edm=AOnQwmMEAAAA&_nc_gid=HfcpzDFaWviK69sFq5fPFw&_nc_oc=Adqtcz_P4ly-PQmMYx4NN9j0rNSnbWtpyk7zziIIloq_9bNw-PAewELC2en8CYtnnAA&ccb=10-5&oh=00_Af4byfw4C7ghfJ_1yQm8F7xzo9PNEtZz0EoXQq4PPMyuRA&oe=6A39632E&_nc_sid=201bca",
        "IMAGE_ORIGINAL_URL": "https://scontent-bos5-1.xx.fbcdn.net/m1/v/t6/An9zzKDqA3FbsA3WPZHhJGFpC6wqvjiBKQ8eg512a8aacOwWefSojH9nXvc-vXXz82KfIeBSgtoczgnCUiTvE-KSAQ-FFzgR3DZ3vO_aTqwkJn2-2Odcfv2urvvkWQteKWqiiBGLNPBQ4_pxzxAlcw?edm=AOnQwmMEAAAA&_nc_gid=HfcpzDFaWviK69sFq5fPFw&_nc_oc=Adqtcz_P4ly-PQmMYx4NN9j0rNSnbWtpyk7zziIIloq_9bNw-PAewELC2en8CYtnnAA&ccb=10-5&oh=00_Af7KboaTY2k9IC3y_B6u4N98f4A7ObqTf9cDk4PolSxp1g&oe=6A39632E&_nc_sid=201bca",
        "SOURCE_URL": "https://www.mapillary.com/app/?pKey=307811530715660",
        "SAMPLE_MUNICIPALITY": "Medford",
        "SAMPLE_STREET_NAME": "SALEM STREET",
        "SAMPLE_SEGMENT_ID": 360952,
        "SAMPLE_LAT": 42.4194160122579,
        "SAMPLE_LNG": -71.1027019750473
      }
    },
    {
      "type": "Feature",
      "geometry": {
        "type": "Point",
        "coordinates": [
          -71.102443940739,
          42.419453714811
        ]
      },
      "properties": {
        "PROVIDER": "mapillary",
        "IMAGE_ID": "2820021204915180",
        "SEQUENCE_ID": "QzvFPzShD8-Hm6PEJBP7rQ",
        "CAPTURED_AT": 1506972702500,
        "HEADING": 258.14751746756,
        "IMAGE_THUMB_URL": "https://scontent-bos5-1.xx.fbcdn.net/m1/v/t6/An-RHBVS6hfEZrwTnLB9UluH4MTdxh6__k71Sz4V5Szq3sbdNs1SK3eDMpq62D2dTkgv-xZp0og07rqTcDwcmrISXpvRVERNNaSlw_gMFx1CEujVPyqOgVOF_KDGGDgZdACZf3bxYWpIkSHr1MoQkQ?stp=s256x144&edm=AOnQwmMEAAAA&_nc_gid=HfcpzDFaWviK69sFq5fPFw&_nc_oc=AdoGoOjianwFjdGHhPHkQTqvQxxEO71g3AuyWRijasULRNCG0mryUJ-yujOpRxmVzgk&ccb=10-5&oh=00_Af7uEQu99CxuMetbwxf-M2HeHpxznDnRVcxbttWtPkGBYA&oe=6A3947D5&_nc_sid=201bca",
        "IMAGE_PREVIEW_URL": "https://scontent-bos5-1.xx.fbcdn.net/m1/v/t6/An-RHBVS6hfEZrwTnLB9UluH4MTdxh6__k71Sz4V5Szq3sbdNs1SK3eDMpq62D2dTkgv-xZp0og07rqTcDwcmrISXpvRVERNNaSlw_gMFx1CEujVPyqOgVOF_KDGGDgZdACZf3bxYWpIkSHr1MoQkQ?stp=s1024x576&edm=AOnQwmMEAAAA&_nc_gid=HfcpzDFaWviK69sFq5fPFw&_nc_oc=AdoGoOjianwFjdGHhPHkQTqvQxxEO71g3AuyWRijasULRNCG0mryUJ-yujOpRxmVzgk&ccb=10-5&oh=00_Af4G410mYU3kK-mn2FAzn2u04QPIWim_CCrlhCA5IYifZg&oe=6A3947D5&_nc_sid=201bca",
        "IMAGE_ORIGINAL_URL": "https://scontent-bos5-1.xx.fbcdn.net/m1/v/t6/An-RHBVS6hfEZrwTnLB9UluH4MTdxh6__k71Sz4V5Szq3sbdNs1SK3eDMpq62D2dTkgv-xZp0og07rqTcDwcmrISXpvRVERNNaSlw_gMFx1CEujVPyqOgVOF_KDGGDgZdACZf3bxYWpIkSHr1MoQkQ?edm=AOnQwmMEAAAA&_nc_gid=HfcpzDFaWviK69sFq5fPFw&_nc_oc=AdoGoOjianwFjdGHhPHkQTqvQxxEO71g3AuyWRijasULRNCG0mryUJ-yujOpRxmVzgk&ccb=10-5&oh=00_Af5lC0mFiLEVQRUCMQFSMlkVbaMb6bM6rWOF8MTaEMsQ6g&oe=6A3947D5&_nc_sid=201bca",
        "SOURCE_URL": "https://www.mapillary.com/app/?pKey=2820021204915180",
        "SAMPLE_MUNICIPALITY": "Medford",
        "SAMPLE_STREET_NAME": "SALEM STREET",
        "SAMPLE_SEGMENT_ID": 360952,
        "SAMPLE_LAT": 42.4194160122579,
        "SAMPLE_LNG": -71.1027019750473
      }
    },
    {
      "type": "Feature",
      "geometry": {
        "type": "Point",
        "coordinates": [
          -71.1024499702,
          42.41945454455
        ]
      },
      "properties": {
        "PROVIDER": "mapillary",
        "IMAGE_ID": "306243851002324",
        "SEQUENCE_ID": "QzvFPzShD8-Hm6PEJBP7rQ",
        "CAPTURED_AT": 1506972702600,
        "HEADING": 258.14769221548,
        "IMAGE_THUMB_URL": "https://scontent-bos5-1.xx.fbcdn.net/m1/v/t6/An9F-9-QMKI6ESG0c_bYMl-IFJK5Z_yUV6mVhJaaMkM6d3gx1QBvpfLOZMksv01xRJ3EYx7AjUKcvtBgBlgCh50pNfIDIoIj97yK1gznhiimZf4utVo3olGk-Rhjl9XZAkXsZ8BPuSDrn404LaAa8w?stp=s256x144&edm=AOnQwmMEAAAA&_nc_gid=HfcpzDFaWviK69sFq5fPFw&_nc_oc=AdoRxo8nhKNjFuy1VcIaqgTmI0_Msr_RbCn7CFh4wh9x5gl6QJVXE-alFkoFIL3lpEQ&ccb=10-5&oh=00_Af57Qq1c6Amek2CW7LFTFUaKKYQeLJYH30NWy1E82lIDyg&oe=6A3950B7&_nc_sid=201bca",
        "IMAGE_PREVIEW_URL": "https://scontent-bos5-1.xx.fbcdn.net/m1/v/t6/An9F-9-QMKI6ESG0c_bYMl-IFJK5Z_yUV6mVhJaaMkM6d3gx1QBvpfLOZMksv01xRJ3EYx7AjUKcvtBgBlgCh50pNfIDIoIj97yK1gznhiimZf4utVo3olGk-Rhjl9XZAkXsZ8BPuSDrn404LaAa8w?stp=s1024x576&edm=AOnQwmMEAAAA&_nc_gid=HfcpzDFaWviK69sFq5fPFw&_nc_oc=AdoRxo8nhKNjFuy1VcIaqgTmI0_Msr_RbCn7CFh4wh9x5gl6QJVXE-alFkoFIL3lpEQ&ccb=10-5&oh=00_Af5BLv44zbzxvN9G5hV8Pqg9HAc8YS5fjSwOYVr_JRSylg&oe=6A3950B7&_nc_sid=201bca",
        "IMAGE_ORIGINAL_URL": "https://scontent-bos5-1.xx.fbcdn.net/m1/v/t6/An9F-9-QMKI6ESG0c_bYMl-IFJK5Z_yUV6mVhJaaMkM6d3gx1QBvpfLOZMksv01xRJ3EYx7AjUKcvtBgBlgCh50pNfIDIoIj97yK1gznhiimZf4utVo3olGk-Rhjl9XZAkXsZ8BPuSDrn404LaAa8w?edm=AOnQwmMEAAAA&_nc_gid=HfcpzDFaWviK69sFq5fPFw&_nc_oc=AdoRxo8nhKNjFuy1VcIaqgTmI0_Msr_RbCn7CFh4wh9x5gl6QJVXE-alFkoFIL3lpEQ&ccb=10-5&oh=00_Af4VB6-JQyidnxvTQ9bmBTTJVaBFXfS4sPVGkTDx4_txtQ&oe=6A3950B7&_nc_sid=201bca",
        "SOURCE_URL": "https://www.mapillary.com/app/?pKey=306243851002324",
        "SAMPLE_MUNICIPALITY": "Medford",
        "SAMPLE_STREET_NAME": "SALEM STREET",
        "SAMPLE_SEGMENT_ID": 360952,
        "SAMPLE_LAT": 42.4194160122579,
        "SAMPLE_LNG": -71.1027019750473
      }
    },
    {
      "type": "Feature",
      "geometry": {
        "type": "Point",
        "coordinates": [
          -71.10247140163,
          42.419457884811
        ]
      },
      "properties": {
        "PROVIDER": "mapillary",
        "IMAGE_ID": "269833381554333",
        "SEQUENCE_ID": "QzvFPzShD8-Hm6PEJBP7rQ",
        "CAPTURED_AT": 1506972703000,
        "HEADING": 264.92397014797,
        "IMAGE_THUMB_URL": "https://scontent-bos5-1.xx.fbcdn.net/m1/v/t6/An-TW1MeoWZBx3ZPTQvMTKxkxPkEr6LZCq6mZzR4lcGatHAXLTFezq3qytilf0hLBrZI2FU3s0wmozfA9hEw99UUYDwLJsWiinXdsuJi3C4wLnZSDc9xAJSue2Zi1m1boFdLiGw-kMwS9-vlqQrf8A?stp=s256x144&edm=AOnQwmMEAAAA&_nc_gid=HfcpzDFaWviK69sFq5fPFw&_nc_oc=Ado7cBuYEnbplAR31nwOXDknL7u0LHh_AcuKhPiAK5TIsZUwCZxXh7wVA1VBe9U_nqo&ccb=10-5&oh=00_Af7JtmPZqsylKNQBFmEmnVlwVm6l3wtE0vueDDcL59rS5A&oe=6A3948D0&_nc_sid=201bca",
        "IMAGE_PREVIEW_URL": "https://scontent-bos5-1.xx.fbcdn.net/m1/v/t6/An-TW1MeoWZBx3ZPTQvMTKxkxPkEr6LZCq6mZzR4lcGatHAXLTFezq3qytilf0hLBrZI2FU3s0wmozfA9hEw99UUYDwLJsWiinXdsuJi3C4wLnZSDc9xAJSue2Zi1m1boFdLiGw-kMwS9-vlqQrf8A?stp=s1024x576&edm=AOnQwmMEAAAA&_nc_gid=HfcpzDFaWviK69sFq5fPFw&_nc_oc=Ado7cBuYEnbplAR31nwOXDknL7u0LHh_AcuKhPiAK5TIsZUwCZxXh7wVA1VBe9U_nqo&ccb=10-5&oh=00_Af5XpAUqkEZOf8tm3znZqtOYaz4sxYPi3Zd6NSzt_YmN8w&oe=6A3948D0&_nc_sid=201bca",
        "IMAGE_ORIGINAL_URL": "https://scontent-bos5-1.xx.fbcdn.net/m1/v/t6/An-TW1MeoWZBx3ZPTQvMTKxkxPkEr6LZCq6mZzR4lcGatHAXLTFezq3qytilf0hLBrZI2FU3s0wmozfA9hEw99UUYDwLJsWiinXdsuJi3C4wLnZSDc9xAJSue2Zi1m1boFdLiGw-kMwS9-vlqQrf8A?edm=AOnQwmMEAAAA&_nc_gid=HfcpzDFaWviK69sFq5fPFw&_nc_oc=Ado7cBuYEnbplAR31nwOXDknL7u0LHh_AcuKhPiAK5TIsZUwCZxXh7wVA1VBe9U_nqo&ccb=10-5&oh=00_Af5Dv8Ojz5szD5GSlLOrv-EvDqab9uTncWXDA7qDGkbTzA&oe=6A3948D0&_nc_sid=201bca",
        "SOURCE_URL": "https://www.mapillary.com/app/?pKey=269833381554333",
        "SAMPLE_MUNICIPALITY": "Medford",
        "SAMPLE_STREET_NAME": "SALEM STREET",
        "SAMPLE_SEGMENT_ID": 360952,
        "SAMPLE_LAT": 42.4194160122579,
        "SAMPLE_LNG": -71.1027019750473
      }
    },
    {
      "type": "Feature",
      "geometry": {
        "type": "Point",
        "coordinates": [
          -71.102355461709,
          42.419448136998
        ]
      },
      "properties": {
        "PROVIDER": "mapillary",
        "IMAGE_ID": "193680129249876",
        "SEQUENCE_ID": "QzvFPzShD8-Hm6PEJBP7rQ",
        "CAPTURED_AT": 1506972701300,
        "HEADING": 253.34981759647,
        "IMAGE_THUMB_URL": "https://scontent-bos5-1.xx.fbcdn.net/m1/v/t6/An8bIgFeIHmuUFmILLdZUE8toYom7vfNsbB3O2QrkXlltfLB64C1CkFo3r_HlzWouc8o8jDdxuU0JHxhdEi3j5HhWDIstGAYUySUFbK52UmmuRCkbQFybuuOq7yBwX4vQHVbAdlnzLkRTx2Gr9KVKQ?stp=s256x144&edm=AOnQwmMEAAAA&_nc_gid=HfcpzDFaWviK69sFq5fPFw&_nc_oc=AdpJ5hE6zcU5f3TilhJAxKsxzrYuMZf1m4LMvC3f-BmM7axaJouMyoCJJbdtXLCoWec&ccb=10-5&oh=00_Af4U1chvbh3KEYlt7ytEs2JTogHs2v5bJHCCeFSQe_oRIg&oe=6A3958E5&_nc_sid=201bca",
        "IMAGE_PREVIEW_URL": "https://scontent-bos5-1.xx.fbcdn.net/m1/v/t6/An8bIgFeIHmuUFmILLdZUE8toYom7vfNsbB3O2QrkXlltfLB64C1CkFo3r_HlzWouc8o8jDdxuU0JHxhdEi3j5HhWDIstGAYUySUFbK52UmmuRCkbQFybuuOq7yBwX4vQHVbAdlnzLkRTx2Gr9KVKQ?stp=s1024x576&edm=AOnQwmMEAAAA&_nc_gid=HfcpzDFaWviK69sFq5fPFw&_nc_oc=AdpJ5hE6zcU5f3TilhJAxKsxzrYuMZf1m4LMvC3f-BmM7axaJouMyoCJJbdtXLCoWec&ccb=10-5&oh=00_Af5jfLbOglzzYa3b4LUh9jZP-POejid_PhTLWqlOiLYRYg&oe=6A3958E5&_nc_sid=201bca",
        "IMAGE_ORIGINAL_URL": "https://scontent-bos5-1.xx.fbcdn.net/m1/v/t6/An8bIgFeIHmuUFmILLdZUE8toYom7vfNsbB3O2QrkXlltfLB64C1CkFo3r_HlzWouc8o8jDdxuU0JHxhdEi3j5HhWDIstGAYUySUFbK52UmmuRCkbQFybuuOq7yBwX4vQHVbAdlnzLkRTx2Gr9KVKQ?edm=AOnQwmMEAAAA&_nc_gid=HfcpzDFaWviK69sFq5fPFw&_nc_oc=AdpJ5hE6zcU5f3TilhJAxKsxzrYuMZf1m4LMvC3f-BmM7axaJouMyoCJJbdtXLCoWec&ccb=10-5&oh=00_Af7xSxKdvYzjQXIWzjGNHaS4jzo2361vm-AhGzFFeX2dyg&oe=6A3958E5&_nc_sid=201bca",
        "SOURCE_URL": "https://www.mapillary.com/app/?pKey=193680129249876",
        "SAMPLE_MUNICIPALITY": "Medford",
        "SAMPLE_STREET_NAME": "SALEM STREET",
        "SAMPLE_SEGMENT_ID": 360952,
        "SAMPLE_LAT": 42.4194160122579,
        "SAMPLE_LNG": -71.1027019750473
      }
    },
    {
      "type": "Feature",
      "geometry": {
        "type": "Point",
        "coordinates": [
          -71.102003385646,
          42.419498070558
        ]
      },
      "properties": {
        "PROVIDER": "mapillary",
        "IMAGE_ID": "2861078894131547",
        "SEQUENCE_ID": "QzvFPzShD8-Hm6PEJBP7rQ",
        "CAPTURED_AT": 1506972698300,
        "HEADING": 247.00704731811,
        "IMAGE_THUMB_URL": "https://scontent-bos5-1.xx.fbcdn.net/m1/v/t6/An_Z0-OboXtItBv14zMAfxhsHA3QFew9XhPlGqsz6Po0AAu_aI44hn1K9bz79AtqBuHdH_lJrh5fQq4zDpUNQO-RY32x6rYz2JydbDCNYA5GQF52Aos4CL25Jxzx3wsTduspglr2yC1SWuSj1OXxgQ?stp=s256x144&edm=AOnQwmMEAAAA&_nc_gid=HfcpzDFaWviK69sFq5fPFw&_nc_oc=AdqT-oXPrMBoS5g_sBNFI2yNtJdlm6Z1PvO82JaBdacFyJ1SM-iHu8vfJX1i2uAVjZY&ccb=10-5&oh=00_Af5Whj5fHqwXHzmjkwnHjvrUGQQWxCxy-sc7a6TkZs0btw&oe=6A393211&_nc_sid=201bca",
        "IMAGE_PREVIEW_URL": "https://scontent-bos5-1.xx.fbcdn.net/m1/v/t6/An_Z0-OboXtItBv14zMAfxhsHA3QFew9XhPlGqsz6Po0AAu_aI44hn1K9bz79AtqBuHdH_lJrh5fQq4zDpUNQO-RY32x6rYz2JydbDCNYA5GQF52Aos4CL25Jxzx3wsTduspglr2yC1SWuSj1OXxgQ?stp=s1024x576&edm=AOnQwmMEAAAA&_nc_gid=HfcpzDFaWviK69sFq5fPFw&_nc_oc=AdqT-oXPrMBoS5g_sBNFI2yNtJdlm6Z1PvO82JaBdacFyJ1SM-iHu8vfJX1i2uAVjZY&ccb=10-5&oh=00_Af69uDN-D6QYa58IuPhWDT7PDU-Hdo14ftIerYIzJlo-jw&oe=6A393211&_nc_sid=201bca",
        "IMAGE_ORIGINAL_URL": "https://scontent-bos5-1.xx.fbcdn.net/m1/v/t6/An_Z0-OboXtItBv14zMAfxhsHA3QFew9XhPlGqsz6Po0AAu_aI44hn1K9bz79AtqBuHdH_lJrh5fQq4zDpUNQO-RY32x6rYz2JydbDCNYA5GQF52Aos4CL25Jxzx3wsTduspglr2yC1SWuSj1OXxgQ?edm=AOnQwmMEAAAA&_nc_gid=HfcpzDFaWviK69sFq5fPFw&_nc_oc=AdqT-oXPrMBoS5g_sBNFI2yNtJdlm6Z1PvO82JaBdacFyJ1SM-iHu8vfJX1i2uAVjZY&ccb=10-5&oh=00_Af62sVh2ONU4PSmexy5z342DZXjWb2HZ68jw3EKn6yx2iQ&oe=6A393211&_nc_sid=201bca",
        "SOURCE_URL": "https://www.mapillary.com/app/?pKey=2861078894131547",
        "SAMPLE_MUNICIPALITY": "Medford",
        "SAMPLE_STREET_NAME": "SALEM STREET",
        "SAMPLE_SEGMENT_ID": 360952,
        "SAMPLE_LAT": 42.4194160122579,
        "SAMPLE_LNG": -71.1027019750473
      }
    },
    {
      "type": "Feature",
      "geometry": {
        "type": "Point",
        "coordinates": [
          -71.102372228887,
          42.419448417093
        ]
      },
      "properties": {
        "PROVIDER": "mapillary",
        "IMAGE_ID": "2985021011726412",
        "SEQUENCE_ID": "QzvFPzShD8-Hm6PEJBP7rQ",
        "CAPTURED_AT": 1506972701500,
        "HEADING": 253.34981903347,
        "IMAGE_THUMB_URL": "https://scontent-bos5-1.xx.fbcdn.net/m1/v/t6/An90MFav96AmICSKpOkZfu7GnEtrRuiW-r1V4cDPhNJHo79lwLaOpD9DjNn3kA0IfZrCZblWTobU9zkF2ov2D_gKskm0Q7XGdnYAduLVIkiorTp-M2fUwizRrEgWN0vOlXmr5wEYD55oIZTkaS0eceI?stp=s256x144&edm=AOnQwmMEAAAA&_nc_gid=HfcpzDFaWviK69sFq5fPFw&_nc_oc=Adrj9I4151fs5mdCYEBvpf2IllsXW2FK4OFtK4tK54zUgF2WXzKv3NTaEK1ie9TuALQ&ccb=10-5&oh=00_Af4NpjEtGp9O2uCSuoQ3xG52Mr37NZapEVH508T1FsFA-Q&oe=6A3963DA&_nc_sid=201bca",
        "IMAGE_PREVIEW_URL": "https://scontent-bos5-1.xx.fbcdn.net/m1/v/t6/An90MFav96AmICSKpOkZfu7GnEtrRuiW-r1V4cDPhNJHo79lwLaOpD9DjNn3kA0IfZrCZblWTobU9zkF2ov2D_gKskm0Q7XGdnYAduLVIkiorTp-M2fUwizRrEgWN0vOlXmr5wEYD55oIZTkaS0eceI?stp=s1024x576&edm=AOnQwmMEAAAA&_nc_gid=HfcpzDFaWviK69sFq5fPFw&_nc_oc=Adrj9I4151fs5mdCYEBvpf2IllsXW2FK4OFtK4tK54zUgF2WXzKv3NTaEK1ie9TuALQ&ccb=10-5&oh=00_Af7gBDE2ID9yqKIoL7dgsd-ga-sIBFhNR_o6jt5DT7kPIA&oe=6A3963DA&_nc_sid=201bca",
        "IMAGE_ORIGINAL_URL": "https://scontent-bos5-1.xx.fbcdn.net/m1/v/t6/An90MFav96AmICSKpOkZfu7GnEtrRuiW-r1V4cDPhNJHo79lwLaOpD9DjNn3kA0IfZrCZblWTobU9zkF2ov2D_gKskm0Q7XGdnYAduLVIkiorTp-M2fUwizRrEgWN0vOlXmr5wEYD55oIZTkaS0eceI?edm=AOnQwmMEAAAA&_nc_gid=HfcpzDFaWviK69sFq5fPFw&_nc_oc=Adrj9I4151fs5mdCYEBvpf2IllsXW2FK4OFtK4tK54zUgF2WXzKv3NTaEK1ie9TuALQ&ccb=10-5&oh=00_Af6bd8ehUuDqtzVtebtRdc_M5cwSzZvSjbaPNCuVkYf0iA&oe=6A3963DA&_nc_sid=201bca",
        "SOURCE_URL": "https://www.mapillary.com/app/?pKey=2985021011726412",
        "SAMPLE_MUNICIPALITY": "Medford",
        "SAMPLE_STREET_NAME": "SALEM STREET",
        "SAMPLE_SEGMENT_ID": 360952,
        "SAMPLE_LAT": 42.4194160122579,
        "SAMPLE_LNG": -71.1027019750473
      }
    },
    {
      "type": "Feature",
      "geometry": {
        "type": "Point",
        "coordinates": [
          -71.102222815815,
          42.419455871027
        ]
      },
      "properties": {
        "PROVIDER": "mapillary",
        "IMAGE_ID": "152108873542018",
        "SEQUENCE_ID": "QzvFPzShD8-Hm6PEJBP7rQ",
        "CAPTURED_AT": 1506972700000,
        "HEADING": 250.64912911036,
        "IMAGE_THUMB_URL": "https://scontent-bos5-1.xx.fbcdn.net/m1/v/t6/An_1bcHedEU-k49JVPVDbhNkYtnXLLuVGgy9Pzn7LBof2Zjvcpd6rjFb1uovP4hwDAtygMN5oi66a_cYJYji78F9FZCGbuI90DSZu0RiltwdMIAfipTAALVZ5_yTa8N9mDyvCzsVHocUtnjWOui5ZA?stp=s256x144&edm=AOnQwmMEAAAA&_nc_gid=HfcpzDFaWviK69sFq5fPFw&_nc_oc=AdqIoglnqwpdiy9QCiZSyvcITwAwGRFi9TeSpxWKA5y0m-99b_Ntd6CjDxmIZAIrgJ8&ccb=10-5&oh=00_Af4rgHio3NRsTImhvbUskaXSt_IlSgRv2Anxk7sqaCKkog&oe=6A394C14&_nc_sid=201bca",
        "IMAGE_PREVIEW_URL": "https://scontent-bos5-1.xx.fbcdn.net/m1/v/t6/An_1bcHedEU-k49JVPVDbhNkYtnXLLuVGgy9Pzn7LBof2Zjvcpd6rjFb1uovP4hwDAtygMN5oi66a_cYJYji78F9FZCGbuI90DSZu0RiltwdMIAfipTAALVZ5_yTa8N9mDyvCzsVHocUtnjWOui5ZA?stp=s1024x576&edm=AOnQwmMEAAAA&_nc_gid=HfcpzDFaWviK69sFq5fPFw&_nc_oc=AdqIoglnqwpdiy9QCiZSyvcITwAwGRFi9TeSpxWKA5y0m-99b_Ntd6CjDxmIZAIrgJ8&ccb=10-5&oh=00_Af4-V8YhXNxOMPm9LV7E4YOSSIDeBp5AR18epuNh2PeT1w&oe=6A394C14&_nc_sid=201bca",
        "IMAGE_ORIGINAL_URL": "https://scontent-bos5-1.xx.fbcdn.net/m1/v/t6/An_1bcHedEU-k49JVPVDbhNkYtnXLLuVGgy9Pzn7LBof2Zjvcpd6rjFb1uovP4hwDAtygMN5oi66a_cYJYji78F9FZCGbuI90DSZu0RiltwdMIAfipTAALVZ5_yTa8N9mDyvCzsVHocUtnjWOui5ZA?edm=AOnQwmMEAAAA&_nc_gid=HfcpzDFaWviK69sFq5fPFw&_nc_oc=AdqIoglnqwpdiy9QCiZSyvcITwAwGRFi9TeSpxWKA5y0m-99b_Ntd6CjDxmIZAIrgJ8&ccb=10-5&oh=00_Af7QAAXb13UZG5VQj6hj4HoACHdc9ZS5wnNJn2T9lIyMRw&oe=6A394C14&_nc_sid=201bca",
        "SOURCE_URL": "https://www.mapillary.com/app/?pKey=152108873542018",
        "SAMPLE_MUNICIPALITY": "Medford",
        "SAMPLE_STREET_NAME": "SALEM STREET",
        "SAMPLE_SEGMENT_ID": 360952,
        "SAMPLE_LAT": 42.4194160122579,
        "SAMPLE_LNG": -71.1027019750473
      }
    },
    {
      "type": "Feature",
      "geometry": {
        "type": "Point",
        "coordinates": [
          -71.101989591097,
          42.419501788816
        ]
      },
      "properties": {
        "PROVIDER": "mapillary",
        "IMAGE_ID": "1078176156003370",
        "SEQUENCE_ID": "QzvFPzShD8-Hm6PEJBP7rQ",
        "CAPTURED_AT": 1506972698200,
        "HEADING": 247.00678185848,
        "IMAGE_THUMB_URL": "https://scontent-bos5-1.xx.fbcdn.net/m1/v/t6/An9ieFBtx5ii25g-DInp7CRp79s4NYEIem_cn48hhppv_beUVDMC5C1jljmfRzbrJKzcM-Nd562ibqYL7kvFBlVdWBg_OjvoO97rm8tN1MN5BZlGOwqaqiv6kc89VZKMgpYmYTuFXs1g03dUh2Uh9A?stp=s256x144&edm=AOnQwmMEAAAA&_nc_gid=HfcpzDFaWviK69sFq5fPFw&_nc_oc=AdoH83hd6tgTnkpL7cRFJCQ0GaegtFW41nTjuUjKxVK9bwtP5gZ1z5lu_Nceihek7h0&ccb=10-5&oh=00_Af7kd4IJ8jM-zVzRGuHDv6-uDfWxvjW1WMmp2cig_nccpw&oe=6A3957E2&_nc_sid=201bca",
        "IMAGE_PREVIEW_URL": "https://scontent-bos5-1.xx.fbcdn.net/m1/v/t6/An9ieFBtx5ii25g-DInp7CRp79s4NYEIem_cn48hhppv_beUVDMC5C1jljmfRzbrJKzcM-Nd562ibqYL7kvFBlVdWBg_OjvoO97rm8tN1MN5BZlGOwqaqiv6kc89VZKMgpYmYTuFXs1g03dUh2Uh9A?stp=s1024x576&edm=AOnQwmMEAAAA&_nc_gid=HfcpzDFaWviK69sFq5fPFw&_nc_oc=AdoH83hd6tgTnkpL7cRFJCQ0GaegtFW41nTjuUjKxVK9bwtP5gZ1z5lu_Nceihek7h0&ccb=10-5&oh=00_Af5NbGFMaZsrC_wlZ0yygEGno3J5I68zBrfobi1F-_3zXg&oe=6A3957E2&_nc_sid=201bca",
        "IMAGE_ORIGINAL_URL": "https://scontent-bos5-1.xx.fbcdn.net/m1/v/t6/An9ieFBtx5ii25g-DInp7CRp79s4NYEIem_cn48hhppv_beUVDMC5C1jljmfRzbrJKzcM-Nd562ibqYL7kvFBlVdWBg_OjvoO97rm8tN1MN5BZlGOwqaqiv6kc89VZKMgpYmYTuFXs1g03dUh2Uh9A?edm=AOnQwmMEAAAA&_nc_gid=HfcpzDFaWviK69sFq5fPFw&_nc_oc=AdoH83hd6tgTnkpL7cRFJCQ0GaegtFW41nTjuUjKxVK9bwtP5gZ1z5lu_Nceihek7h0&ccb=10-5&oh=00_Af43TkFrw4YxFvgnA4vDOBJX-dY82uiNa-rgKC5GqvxABw&oe=6A3957E2&_nc_sid=201bca",
        "SOURCE_URL": "https://www.mapillary.com/app/?pKey=1078176156003370",
        "SAMPLE_MUNICIPALITY": "Medford",
        "SAMPLE_STREET_NAME": "SALEM STREET",
        "SAMPLE_SEGMENT_ID": 360952,
        "SAMPLE_LAT": 42.4194160122579,
        "SAMPLE_LNG": -71.1027019750473
      }
    },
    {
      "type": "Feature",
      "geometry": {
        "type": "Point",
        "coordinates": [
          -71.102337591569,
          42.419448159709
        ]
      },
      "properties": {
        "PROVIDER": "mapillary",
        "IMAGE_ID": "508324570208456",
        "SEQUENCE_ID": "QzvFPzShD8-Hm6PEJBP7rQ",
        "CAPTURED_AT": 1506972701100,
        "HEADING": 253.34985024628,
        "IMAGE_THUMB_URL": "https://scontent-bos5-1.xx.fbcdn.net/m1/v/t6/An_ZjncOxI3qne1iVs5Vvl0jLNGv3m1afrghrxfBrV-0LEVxGzd2PNhH8I388DyL-oqmJx2LAw2Y5KVfT6FQiDpAOnc19EdcMdz_NR3qxkV-B6K5QO8L1E4XYxPYSuNB7aGMLblfCyQt2K6mZ7TxZQ?stp=s256x144&edm=AOnQwmMEAAAA&_nc_gid=HfcpzDFaWviK69sFq5fPFw&_nc_oc=AdqwQ_G2SuZoSTfn4kwKXdeH0-Wx2a0Lj6dvW-PxgYyf9C8SEX_JK7by1JoPMoRxSp0&ccb=10-5&oh=00_Af6l_5acObtr65s6xvwL1XxUAmoGCWxDbMGu0DuTkB1Obw&oe=6A39597D&_nc_sid=201bca",
        "IMAGE_PREVIEW_URL": "https://scontent-bos5-1.xx.fbcdn.net/m1/v/t6/An_ZjncOxI3qne1iVs5Vvl0jLNGv3m1afrghrxfBrV-0LEVxGzd2PNhH8I388DyL-oqmJx2LAw2Y5KVfT6FQiDpAOnc19EdcMdz_NR3qxkV-B6K5QO8L1E4XYxPYSuNB7aGMLblfCyQt2K6mZ7TxZQ?stp=s1024x576&edm=AOnQwmMEAAAA&_nc_gid=HfcpzDFaWviK69sFq5fPFw&_nc_oc=AdqwQ_G2SuZoSTfn4kwKXdeH0-Wx2a0Lj6dvW-PxgYyf9C8SEX_JK7by1JoPMoRxSp0&ccb=10-5&oh=00_Af70lGwUyvEJzccWw_854uDL2uh9WgtYiikR9utDE5q1Ag&oe=6A39597D&_nc_sid=201bca",
        "IMAGE_ORIGINAL_URL": "https://scontent-bos5-1.xx.fbcdn.net/m1/v/t6/An_ZjncOxI3qne1iVs5Vvl0jLNGv3m1afrghrxfBrV-0LEVxGzd2PNhH8I388DyL-oqmJx2LAw2Y5KVfT6FQiDpAOnc19EdcMdz_NR3qxkV-B6K5QO8L1E4XYxPYSuNB7aGMLblfCyQt2K6mZ7TxZQ?edm=AOnQwmMEAAAA&_nc_gid=HfcpzDFaWviK69sFq5fPFw&_nc_oc=AdqwQ_G2SuZoSTfn4kwKXdeH0-Wx2a0Lj6dvW-PxgYyf9C8SEX_JK7by1JoPMoRxSp0&ccb=10-5&oh=00_Af7qGsQ_SurqOV_9QqYphRKre6d9HEKs-7Ojc6CqbyudXw&oe=6A39597D&_nc_sid=201bca",
        "SOURCE_URL": "https://www.mapillary.com/app/?pKey=508324570208456",
        "SAMPLE_MUNICIPALITY": "Medford",
        "SAMPLE_STREET_NAME": "SALEM STREET",
        "SAMPLE_SEGMENT_ID": 360952,
        "SAMPLE_LAT": 42.4194160122579,
        "SAMPLE_LNG": -71.1027019750473
      }
    },
    {
      "type": "Feature",
      "geometry": {
        "type": "Point",
        "coordinates": [
          -71.102388128021,
          42.419449011583
        ]
      },
      "properties": {
        "PROVIDER": "mapillary",
        "IMAGE_ID": "1793620484141185",
        "SEQUENCE_ID": "QzvFPzShD8-Hm6PEJBP7rQ",
        "CAPTURED_AT": 1506972701700,
        "HEADING": 253.34978639913,
        "IMAGE_THUMB_URL": "https://scontent-bos5-1.xx.fbcdn.net/m1/v/t6/An9LiMvqZlSQXzWNo0K6hNJvpVqGrnjveGvmzaWqHUQtX84Xawk1D4GL5m3btzzUUwsqaYYhmTwGjQYQ_3-OGVPU9TVvQAt6IwzuKnOl4Pg7J_yczdFOSS8itycXPGrU7OjOVfq7BjC5QklsCROURQ?stp=s256x144&edm=AOnQwmMEAAAA&_nc_gid=HfcpzDFaWviK69sFq5fPFw&_nc_oc=AdoGrQdKRK99iQ9avkGyl9qUiFD8vMLrIktrYRbuzAlk9XHoGi9CpUNl1lSMtD93lX4&ccb=10-5&oh=00_Af7WFSxivqr6nHxdksMbHG3UaKRO43dmV2YeyCYUJDaLQg&oe=6A39635A&_nc_sid=201bca",
        "IMAGE_PREVIEW_URL": "https://scontent-bos5-1.xx.fbcdn.net/m1/v/t6/An9LiMvqZlSQXzWNo0K6hNJvpVqGrnjveGvmzaWqHUQtX84Xawk1D4GL5m3btzzUUwsqaYYhmTwGjQYQ_3-OGVPU9TVvQAt6IwzuKnOl4Pg7J_yczdFOSS8itycXPGrU7OjOVfq7BjC5QklsCROURQ?stp=s1024x576&edm=AOnQwmMEAAAA&_nc_gid=HfcpzDFaWviK69sFq5fPFw&_nc_oc=AdoGrQdKRK99iQ9avkGyl9qUiFD8vMLrIktrYRbuzAlk9XHoGi9CpUNl1lSMtD93lX4&ccb=10-5&oh=00_Af6ZyRPoFA-PeRccgijN1L42tHcXlHy9g9tPoWz92p9Jnw&oe=6A39635A&_nc_sid=201bca",
        "IMAGE_ORIGINAL_URL": "https://scontent-bos5-1.xx.fbcdn.net/m1/v/t6/An9LiMvqZlSQXzWNo0K6hNJvpVqGrnjveGvmzaWqHUQtX84Xawk1D4GL5m3btzzUUwsqaYYhmTwGjQYQ_3-OGVPU9TVvQAt6IwzuKnOl4Pg7J_yczdFOSS8itycXPGrU7OjOVfq7BjC5QklsCROURQ?edm=AOnQwmMEAAAA&_nc_gid=HfcpzDFaWviK69sFq5fPFw&_nc_oc=AdoGrQdKRK99iQ9avkGyl9qUiFD8vMLrIktrYRbuzAlk9XHoGi9CpUNl1lSMtD93lX4&ccb=10-5&oh=00_Af7NI7gV3TQTigV7BSu0_PoUSmawAvBq9MQfWBJmHAXRAA&oe=6A39635A&_nc_sid=201bca",
        "SOURCE_URL": "https://www.mapillary.com/app/?pKey=1793620484141185",
        "SAMPLE_MUNICIPALITY": "Medford",
        "SAMPLE_STREET_NAME": "SALEM STREET",
        "SAMPLE_SEGMENT_ID": 360952,
        "SAMPLE_LAT": 42.4194160122579,
        "SAMPLE_LNG": -71.1027019750473
      }
    },
    {
      "type": "Feature",
      "geometry": {
        "type": "Point",
        "coordinates": [
          -71.10241047379,
          42.419450499396
        ]
      },
      "properties": {
        "PROVIDER": "mapillary",
        "IMAGE_ID": "312597326908708",
        "SEQUENCE_ID": "QzvFPzShD8-Hm6PEJBP7rQ",
        "CAPTURED_AT": 1506972702000,
        "HEADING": 258.14769015511,
        "IMAGE_THUMB_URL": "https://scontent-bos5-1.xx.fbcdn.net/m1/v/t6/An8-ZeYznUPU_DIp3fH2jxpbyMjzqR1bdxNFlJ5mvPUeOS038yzkSJXY84nVIck72UqdcupN5IbFlI-mUOTJfZjff5Nw35H9KQOrLw-H_762l9Jqw9OrpdSHr4JcAsxokjpGcGLnckx18bQvcCKf0g?stp=s256x144&edm=AOnQwmMEAAAA&_nc_gid=HfcpzDFaWviK69sFq5fPFw&_nc_oc=AdpqFrfXyDlXEQhaLzgOd6gu6Rpphg50Abxomv5ccx9S_rHeAHbkckIUGKfNxQzEZNk&ccb=10-5&oh=00_Af7Iq4S5FLZhr1OWxIA5l0tYJhQ4TEZ3rlr3WfVfi3GBAA&oe=6A395572&_nc_sid=201bca",
        "IMAGE_PREVIEW_URL": "https://scontent-bos5-1.xx.fbcdn.net/m1/v/t6/An8-ZeYznUPU_DIp3fH2jxpbyMjzqR1bdxNFlJ5mvPUeOS038yzkSJXY84nVIck72UqdcupN5IbFlI-mUOTJfZjff5Nw35H9KQOrLw-H_762l9Jqw9OrpdSHr4JcAsxokjpGcGLnckx18bQvcCKf0g?stp=s1024x576&edm=AOnQwmMEAAAA&_nc_gid=HfcpzDFaWviK69sFq5fPFw&_nc_oc=AdpqFrfXyDlXEQhaLzgOd6gu6Rpphg50Abxomv5ccx9S_rHeAHbkckIUGKfNxQzEZNk&ccb=10-5&oh=00_Af66wNr0t53Ws4eZYTxKZ4oc4zVqf2U-DaDnuOGihCcZyg&oe=6A395572&_nc_sid=201bca",
        "IMAGE_ORIGINAL_URL": "https://scontent-bos5-1.xx.fbcdn.net/m1/v/t6/An8-ZeYznUPU_DIp3fH2jxpbyMjzqR1bdxNFlJ5mvPUeOS038yzkSJXY84nVIck72UqdcupN5IbFlI-mUOTJfZjff5Nw35H9KQOrLw-H_762l9Jqw9OrpdSHr4JcAsxokjpGcGLnckx18bQvcCKf0g?edm=AOnQwmMEAAAA&_nc_gid=HfcpzDFaWviK69sFq5fPFw&_nc_oc=AdpqFrfXyDlXEQhaLzgOd6gu6Rpphg50Abxomv5ccx9S_rHeAHbkckIUGKfNxQzEZNk&ccb=10-5&oh=00_Af6RHbTJjpaoRuDTyuGQmYnOtf0w8Yjwbd-6q9uyVgfcsQ&oe=6A395572&_nc_sid=201bca",
        "SOURCE_URL": "https://www.mapillary.com/app/?pKey=312597326908708",
        "SAMPLE_MUNICIPALITY": "Medford",
        "SAMPLE_STREET_NAME": "SALEM STREET",
        "SAMPLE_SEGMENT_ID": 360952,
        "SAMPLE_LAT": 42.4194160122579,
        "SAMPLE_LNG": -71.1027019750473
      }
    },
    {
      "type": "Feature",
      "geometry": {
        "type": "Point",
        "coordinates": [
          -71.102111808787,
          42.419473518191
        ]
      },
      "properties": {
        "PROVIDER": "mapillary",
        "IMAGE_ID": "167651085180379",
        "SEQUENCE_ID": "QzvFPzShD8-Hm6PEJBP7rQ",
        "CAPTURED_AT": 1506972699100,
        "HEADING": 249.65017821971,
        "IMAGE_THUMB_URL": "https://scontent-bos5-1.xx.fbcdn.net/m1/v/t6/An-xCx9nqj80ZmK3GQM0Gl2FGF6a3erJY_tE-cQR7x9q_RKSbYMOiIM80GL-QDlf-_8VPwSBSDsi_x-IhGnST1H8izIbHXxiyxl-buCT7dQnIkEZ7_GGhIfNVB8mdvP3T12YnqFomN28ogVvFSJ-YOs?stp=s256x144&edm=AOnQwmMEAAAA&_nc_gid=HfcpzDFaWviK69sFq5fPFw&_nc_oc=AdqDQn5HUehueuDJUkOzJstxanfs2RNj0U-bAFL80wvuYumOWXPfDuxmfBLVJvkz5rM&ccb=10-5&oh=00_Af7DH4TsXhHvMs6iO28FfCxsNxYxxb_iW5f1zMgigq2Htg&oe=6A3954A0&_nc_sid=201bca",
        "IMAGE_PREVIEW_URL": "https://scontent-bos5-1.xx.fbcdn.net/m1/v/t6/An-xCx9nqj80ZmK3GQM0Gl2FGF6a3erJY_tE-cQR7x9q_RKSbYMOiIM80GL-QDlf-_8VPwSBSDsi_x-IhGnST1H8izIbHXxiyxl-buCT7dQnIkEZ7_GGhIfNVB8mdvP3T12YnqFomN28ogVvFSJ-YOs?stp=s1024x576&edm=AOnQwmMEAAAA&_nc_gid=HfcpzDFaWviK69sFq5fPFw&_nc_oc=AdqDQn5HUehueuDJUkOzJstxanfs2RNj0U-bAFL80wvuYumOWXPfDuxmfBLVJvkz5rM&ccb=10-5&oh=00_Af6_cvLxYiFqA_5QPtI0Ll6OywIGw2xeHtN_Zphpzp_mJQ&oe=6A3954A0&_nc_sid=201bca",
        "IMAGE_ORIGINAL_URL": "https://scontent-bos5-1.xx.fbcdn.net/m1/v/t6/An-xCx9nqj80ZmK3GQM0Gl2FGF6a3erJY_tE-cQR7x9q_RKSbYMOiIM80GL-QDlf-_8VPwSBSDsi_x-IhGnST1H8izIbHXxiyxl-buCT7dQnIkEZ7_GGhIfNVB8mdvP3T12YnqFomN28ogVvFSJ-YOs?edm=AOnQwmMEAAAA&_nc_gid=HfcpzDFaWviK69sFq5fPFw&_nc_oc=AdqDQn5HUehueuDJUkOzJstxanfs2RNj0U-bAFL80wvuYumOWXPfDuxmfBLVJvkz5rM&ccb=10-5&oh=00_Af7MlhM1AZQU1Qc9U1c_MiEL7prSFMBiMPEa9p-y1nsX1Q&oe=6A3954A0&_nc_sid=201bca",
        "SOURCE_URL": "https://www.mapillary.com/app/?pKey=167651085180379",
        "SAMPLE_MUNICIPALITY": "Medford",
        "SAMPLE_STREET_NAME": "SALEM STREET",
        "SAMPLE_SEGMENT_ID": 360952,
        "SAMPLE_LAT": 42.4194160122579,
        "SAMPLE_LNG": -71.1027019750473
      }
    },
    {
      "type": "Feature",
      "geometry": {
        "type": "Point",
        "coordinates": [
          -71.102328235388,
          42.419448382403
        ]
      },
      "properties": {
        "PROVIDER": "mapillary",
        "IMAGE_ID": "329504608565399",
        "SEQUENCE_ID": "QzvFPzShD8-Hm6PEJBP7rQ",
        "CAPTURED_AT": 1506972701000,
        "HEADING": 253.34978142627,
        "IMAGE_THUMB_URL": "https://scontent-bos5-1.xx.fbcdn.net/m1/v/t6/An-iSHAmMur6uvGyoeQ37eg2X-zpcPcdOlAji1n0Ho8wAH2lVrS5t3CS97edsVSagmqVJ9IFTXhkiDz3W2VMtpLWrMHWQllEVYi1jl40wLkjAoRlFAZwPHX5utl4gDWRlC3wh1LgBq1ibOMEe_aBuCU?stp=s256x144&edm=AOnQwmMEAAAA&_nc_gid=HfcpzDFaWviK69sFq5fPFw&_nc_oc=AdrODm5qMF9Yiggq4U7Lpm7fiR_Oal7tbhZRKFty-FOA9W7XH5-YOmUeP2WJcGBq3Kk&ccb=10-5&oh=00_Af6PpjelgfcyA7pWmiqtuaUnfOtFKYZLJZ5E5JeWlkfajQ&oe=6A3950B0&_nc_sid=201bca",
        "IMAGE_PREVIEW_URL": "https://scontent-bos5-1.xx.fbcdn.net/m1/v/t6/An-iSHAmMur6uvGyoeQ37eg2X-zpcPcdOlAji1n0Ho8wAH2lVrS5t3CS97edsVSagmqVJ9IFTXhkiDz3W2VMtpLWrMHWQllEVYi1jl40wLkjAoRlFAZwPHX5utl4gDWRlC3wh1LgBq1ibOMEe_aBuCU?stp=s1024x576&edm=AOnQwmMEAAAA&_nc_gid=HfcpzDFaWviK69sFq5fPFw&_nc_oc=AdrODm5qMF9Yiggq4U7Lpm7fiR_Oal7tbhZRKFty-FOA9W7XH5-YOmUeP2WJcGBq3Kk&ccb=10-5&oh=00_Af5jMmDjvYwM5oi11gpfaN0AwymfkkO4XqmXFREV0nnsBA&oe=6A3950B0&_nc_sid=201bca",
        "IMAGE_ORIGINAL_URL": "https://scontent-bos5-1.xx.fbcdn.net/m1/v/t6/An-iSHAmMur6uvGyoeQ37eg2X-zpcPcdOlAji1n0Ho8wAH2lVrS5t3CS97edsVSagmqVJ9IFTXhkiDz3W2VMtpLWrMHWQllEVYi1jl40wLkjAoRlFAZwPHX5utl4gDWRlC3wh1LgBq1ibOMEe_aBuCU?edm=AOnQwmMEAAAA&_nc_gid=HfcpzDFaWviK69sFq5fPFw&_nc_oc=AdrODm5qMF9Yiggq4U7Lpm7fiR_Oal7tbhZRKFty-FOA9W7XH5-YOmUeP2WJcGBq3Kk&ccb=10-5&oh=00_Af6QF15rJfQxIOrW8rwrngHNiodaIG6dSEzByOo30_PhDQ&oe=6A3950B0&_nc_sid=201bca",
        "SOURCE_URL": "https://www.mapillary.com/app/?pKey=329504608565399",
        "SAMPLE_MUNICIPALITY": "Medford",
        "SAMPLE_STREET_NAME": "SALEM STREET",
        "SAMPLE_SEGMENT_ID": 360952,
        "SAMPLE_LAT": 42.4194160122579,
        "SAMPLE_LNG": -71.1027019750473
      }
    },
    {
      "type": "Feature",
      "geometry": {
        "type": "Point",
        "coordinates": [
          -71.102395778076,
          42.419449470168
        ]
      },
      "properties": {
        "PROVIDER": "mapillary",
        "IMAGE_ID": "178279090738428",
        "SEQUENCE_ID": "QzvFPzShD8-Hm6PEJBP7rQ",
        "CAPTURED_AT": 1506972701800,
        "HEADING": 253.34985523885,
        "IMAGE_THUMB_URL": "https://scontent-bos5-1.xx.fbcdn.net/m1/v/t6/An8We0YQRMR3d5zh-3m8TVk5HfoFBAM6AkIGGmH8GOuRZu6CHkbSD7CnXKR4GOVQR7mN4JhxQ5DF15JqaDdtQBw7KWjbEgj1qTBUvSBf2qwzsFBdOlr80OYzTZZIOUosLPVjcNj3BtylsqYDtULxDWo?stp=s256x144&edm=AOnQwmMEAAAA&_nc_gid=HfcpzDFaWviK69sFq5fPFw&_nc_oc=Adq_6W6Rl6YZYSlLAOaJcL22Dwx-qbqWaAbPlZVscUv3b-9_fU9cHmVejqlr3X7jprs&ccb=10-5&oh=00_Af6UwBGtW0ty2szQxYIUzY1cfmT51dm_5KnYljThqIcyDw&oe=6A395039&_nc_sid=201bca",
        "IMAGE_PREVIEW_URL": "https://scontent-bos5-1.xx.fbcdn.net/m1/v/t6/An8We0YQRMR3d5zh-3m8TVk5HfoFBAM6AkIGGmH8GOuRZu6CHkbSD7CnXKR4GOVQR7mN4JhxQ5DF15JqaDdtQBw7KWjbEgj1qTBUvSBf2qwzsFBdOlr80OYzTZZIOUosLPVjcNj3BtylsqYDtULxDWo?stp=s1024x576&edm=AOnQwmMEAAAA&_nc_gid=HfcpzDFaWviK69sFq5fPFw&_nc_oc=Adq_6W6Rl6YZYSlLAOaJcL22Dwx-qbqWaAbPlZVscUv3b-9_fU9cHmVejqlr3X7jprs&ccb=10-5&oh=00_Af5QtZfBkWvkoKjLNHLaOpSycJQRZBuJgIrbvJFj1E2miA&oe=6A395039&_nc_sid=201bca",
        "IMAGE_ORIGINAL_URL": "https://scontent-bos5-1.xx.fbcdn.net/m1/v/t6/An8We0YQRMR3d5zh-3m8TVk5HfoFBAM6AkIGGmH8GOuRZu6CHkbSD7CnXKR4GOVQR7mN4JhxQ5DF15JqaDdtQBw7KWjbEgj1qTBUvSBf2qwzsFBdOlr80OYzTZZIOUosLPVjcNj3BtylsqYDtULxDWo?edm=AOnQwmMEAAAA&_nc_gid=HfcpzDFaWviK69sFq5fPFw&_nc_oc=Adq_6W6Rl6YZYSlLAOaJcL22Dwx-qbqWaAbPlZVscUv3b-9_fU9cHmVejqlr3X7jprs&ccb=10-5&oh=00_Af6YMJjmvtVkQ7g7JZBiCIQcpo27fZDg-_LVafytCkdafQ&oe=6A395039&_nc_sid=201bca",
        "SOURCE_URL": "https://www.mapillary.com/app/?pKey=178279090738428",
        "SAMPLE_MUNICIPALITY": "Medford",
        "SAMPLE_STREET_NAME": "SALEM STREET",
        "SAMPLE_SEGMENT_ID": 360952,
        "SAMPLE_LAT": 42.4194160122579,
        "SAMPLE_LNG": -71.1027019750473
      }
    },
    {
      "type": "Feature",
      "geometry": {
        "type": "Point",
        "coordinates": [
          -71.102298643784,
          42.419449508905
        ]
      },
      "properties": {
        "PROVIDER": "mapillary",
        "IMAGE_ID": "4322736647758464",
        "SEQUENCE_ID": "QzvFPzShD8-Hm6PEJBP7rQ",
        "CAPTURED_AT": 1506972700700,
        "HEADING": 250.64931522683,
        "IMAGE_THUMB_URL": "https://scontent-bos5-1.xx.fbcdn.net/m1/v/t6/An_2X9or8WbVWvd24jEhCKM7TgoN8WIPWzj1xhLjgxHc4xKH1O2mEZ_OLzVvI2nSypdqVxjZ3ZYuMJPTRRSxtq5LjklTBCv7I3OXEO2rU0WZOhfRwc4SfYG8rx9IjH8gRavNHFcGxFye883nsyIezg?stp=s256x144&edm=AOnQwmMEAAAA&_nc_gid=HfcpzDFaWviK69sFq5fPFw&_nc_oc=Adr6Ypd7agc3m96W8BEfJxuD_xxnPgChJ7GHnHnaKTttR15U9jUjaliFl_Q87mD4Izs&ccb=10-5&oh=00_Af7bsIAaGoA93wrj9OHJYKDS9lN6NCq-Z7RLRZ2Myn3A9Q&oe=6A394EA9&_nc_sid=201bca",
        "IMAGE_PREVIEW_URL": "https://scontent-bos5-1.xx.fbcdn.net/m1/v/t6/An_2X9or8WbVWvd24jEhCKM7TgoN8WIPWzj1xhLjgxHc4xKH1O2mEZ_OLzVvI2nSypdqVxjZ3ZYuMJPTRRSxtq5LjklTBCv7I3OXEO2rU0WZOhfRwc4SfYG8rx9IjH8gRavNHFcGxFye883nsyIezg?stp=s1024x576&edm=AOnQwmMEAAAA&_nc_gid=HfcpzDFaWviK69sFq5fPFw&_nc_oc=Adr6Ypd7agc3m96W8BEfJxuD_xxnPgChJ7GHnHnaKTttR15U9jUjaliFl_Q87mD4Izs&ccb=10-5&oh=00_Af4X4v2v2xtmekKtk2tMw9Dlkdt_Z7vqzTPdzc4eTBvFfw&oe=6A394EA9&_nc_sid=201bca",
        "IMAGE_ORIGINAL_URL": "https://scontent-bos5-1.xx.fbcdn.net/m1/v/t6/An_2X9or8WbVWvd24jEhCKM7TgoN8WIPWzj1xhLjgxHc4xKH1O2mEZ_OLzVvI2nSypdqVxjZ3ZYuMJPTRRSxtq5LjklTBCv7I3OXEO2rU0WZOhfRwc4SfYG8rx9IjH8gRavNHFcGxFye883nsyIezg?edm=AOnQwmMEAAAA&_nc_gid=HfcpzDFaWviK69sFq5fPFw&_nc_oc=Adr6Ypd7agc3m96W8BEfJxuD_xxnPgChJ7GHnHnaKTttR15U9jUjaliFl_Q87mD4Izs&ccb=10-5&oh=00_Af4OmR2_Oi8LQ0MLl9dZLxUgMVXBTpARzBkKGH-T7tzwcQ&oe=6A394EA9&_nc_sid=201bca",
        "SOURCE_URL": "https://www.mapillary.com/app/?pKey=4322736647758464",
        "SAMPLE_MUNICIPALITY": "Medford",
        "SAMPLE_STREET_NAME": "SALEM STREET",
        "SAMPLE_SEGMENT_ID": 360952,
        "SAMPLE_LAT": 42.4194160122579,
        "SAMPLE_LNG": -71.1027019750473
      }
    },
    {
      "type": "Feature",
      "geometry": {
        "type": "Point",
        "coordinates": [
          -71.107346756296,
          42.418626805118
        ]
      },
      "properties": {
        "PROVIDER": "mapillary",
        "IMAGE_ID": "1126293297847870",
        "SEQUENCE_ID": "-HUCkmCr5e84kG2F8fKFMQ",
        "CAPTURED_AT": 1506972780800,
        "HEADING": 265.59893189012,
        "IMAGE_THUMB_URL": "https://scontent-bos5-1.xx.fbcdn.net/m1/v/t6/An-_Ald5YQHqUGuqi3VnsKEDAPQNbfXhIprgNiXXu8_Q1ri8cc1GSrEpvGrbr-pbwD9CIL1H0RF1WLPp7dKcGxna-7yNo_8xzk86PcH7-gbK_xMn85q8cOOb0MHP8W7bIBk5QPJRTQ9AloKYT6mZPEM?stp=s256x144&edm=AOnQwmMEAAAA&_nc_gid=JuOW_edms76QM_ud85B_TQ&_nc_oc=AdqlflMQKTc4XwWKKNmzJ9rA9zfPopN_jNZoJFdW6u2soZg4VMXSYtXfszL0H7EfmIQ&ccb=10-5&oh=00_Af6qY_EA53HwbAVScClCiY7iNwFag5qtH8wPyfW_LxyIBw&oe=6A395325&_nc_sid=201bca",
        "IMAGE_PREVIEW_URL": "https://scontent-bos5-1.xx.fbcdn.net/m1/v/t6/An-_Ald5YQHqUGuqi3VnsKEDAPQNbfXhIprgNiXXu8_Q1ri8cc1GSrEpvGrbr-pbwD9CIL1H0RF1WLPp7dKcGxna-7yNo_8xzk86PcH7-gbK_xMn85q8cOOb0MHP8W7bIBk5QPJRTQ9AloKYT6mZPEM?stp=s1024x576&edm=AOnQwmMEAAAA&_nc_gid=JuOW_edms76QM_ud85B_TQ&_nc_oc=AdqlflMQKTc4XwWKKNmzJ9rA9zfPopN_jNZoJFdW6u2soZg4VMXSYtXfszL0H7EfmIQ&ccb=10-5&oh=00_Af5EhiOOYXDVW2FANDspfPUIWcg56mvRdcHV1V1iF8LP0w&oe=6A395325&_nc_sid=201bca",
        "IMAGE_ORIGINAL_URL": "https://scontent-bos5-1.xx.fbcdn.net/m1/v/t6/An-_Ald5YQHqUGuqi3VnsKEDAPQNbfXhIprgNiXXu8_Q1ri8cc1GSrEpvGrbr-pbwD9CIL1H0RF1WLPp7dKcGxna-7yNo_8xzk86PcH7-gbK_xMn85q8cOOb0MHP8W7bIBk5QPJRTQ9AloKYT6mZPEM?edm=AOnQwmMEAAAA&_nc_gid=JuOW_edms76QM_ud85B_TQ&_nc_oc=AdqlflMQKTc4XwWKKNmzJ9rA9zfPopN_jNZoJFdW6u2soZg4VMXSYtXfszL0H7EfmIQ&ccb=10-5&oh=00_Af4qpOz2kePT1DuFq9GWl-VbN__xR-oNxOEgbp84g6l7Rg&oe=6A395325&_nc_sid=201bca",
        "SOURCE_URL": "https://www.mapillary.com/app/?pKey=1126293297847870",
        "SAMPLE_MUNICIPALITY": "Medford",
        "SAMPLE_STREET_NAME": "SALEM STREET",
        "SAMPLE_SEGMENT_ID": 364089,
        "SAMPLE_LAT": 42.4185797161006,
        "SAMPLE_LNG": -71.1064387661216
      }
    },
    {
      "type": "Feature",
      "geometry": {
        "type": "Point",
        "coordinates": [
          -71.1065753397,
          42.418687745741
        ]
      },
      "properties": {
        "PROVIDER": "mapillary",
        "IMAGE_ID": "1061898134302996",
        "SEQUENCE_ID": "W9t3L0Pv6CAlyKvDTThgIw",
        "CAPTURED_AT": 1426090211000,
        "HEADING": 333.3171,
        "IMAGE_THUMB_URL": "https://scontent-bos5-1.xx.fbcdn.net/m1/v/t6/An-idqiVW4OIzot8tQTY0hBa1Y98Rq5XLE4y7Z9cgj9pffa30j59gWH39jGVrX_fY3Xve6K_NJWy2Qr5HdA7dEGDA1tDnWsZCcfOC6AYQFKBcPDLbPJ1olujifMVpi3hQRVc4tNKYizUBHuuBAXWow?stp=s256x192&edm=AOnQwmMEAAAA&_nc_gid=JuOW_edms76QM_ud85B_TQ&_nc_oc=AdopomOdIdG3mQcGUjiGN0tQDTe2edRKM-QSG47j1TO3-j9f8eEnwhbLkP3IB5-yTEA&ccb=10-5&oh=00_Af7OTdDn1vLg7U1mxhVBbm878je4NwHgBiKutaBI9ug03Q&oe=6A3949A6&_nc_sid=201bca",
        "IMAGE_PREVIEW_URL": "https://scontent-bos5-1.xx.fbcdn.net/m1/v/t6/An-idqiVW4OIzot8tQTY0hBa1Y98Rq5XLE4y7Z9cgj9pffa30j59gWH39jGVrX_fY3Xve6K_NJWy2Qr5HdA7dEGDA1tDnWsZCcfOC6AYQFKBcPDLbPJ1olujifMVpi3hQRVc4tNKYizUBHuuBAXWow?stp=s1024x768&edm=AOnQwmMEAAAA&_nc_gid=JuOW_edms76QM_ud85B_TQ&_nc_oc=AdopomOdIdG3mQcGUjiGN0tQDTe2edRKM-QSG47j1TO3-j9f8eEnwhbLkP3IB5-yTEA&ccb=10-5&oh=00_Af6wMkyOBZtMzU9X9TpoOj4MSXMjf3Ht8lOYZf9Evf5Vew&oe=6A3949A6&_nc_sid=201bca",
        "IMAGE_ORIGINAL_URL": "https://scontent-bos5-1.xx.fbcdn.net/m1/v/t6/An-idqiVW4OIzot8tQTY0hBa1Y98Rq5XLE4y7Z9cgj9pffa30j59gWH39jGVrX_fY3Xve6K_NJWy2Qr5HdA7dEGDA1tDnWsZCcfOC6AYQFKBcPDLbPJ1olujifMVpi3hQRVc4tNKYizUBHuuBAXWow?edm=AOnQwmMEAAAA&_nc_gid=JuOW_edms76QM_ud85B_TQ&_nc_oc=AdopomOdIdG3mQcGUjiGN0tQDTe2edRKM-QSG47j1TO3-j9f8eEnwhbLkP3IB5-yTEA&ccb=10-5&oh=00_Af5ZFN_IJ_j3Y64inOpkNySZ0tXSH-23FUSl9g5kFLODAQ&oe=6A3949A6&_nc_sid=201bca",
        "SOURCE_URL": "https://www.mapillary.com/app/?pKey=1061898134302996",
        "SAMPLE_MUNICIPALITY": "Medford",
        "SAMPLE_STREET_NAME": "SALEM STREET",
        "SAMPLE_SEGMENT_ID": 364089,
        "SAMPLE_LAT": 42.4185797161006,
        "SAMPLE_LNG": -71.1064387661216
      }
    },
    {
      "type": "Feature",
      "geometry": {
        "type": "Point",
        "coordinates": [
          -71.106501913643,
          42.418055263361
        ]
      },
      "properties": {
        "PROVIDER": "mapillary",
        "IMAGE_ID": "1202366136858780",
        "SEQUENCE_ID": "W9t3L0Pv6CAlyKvDTThgIw",
        "CAPTURED_AT": 1426090181000,
        "HEADING": 3.086548,
        "IMAGE_THUMB_URL": "https://scontent-bos5-1.xx.fbcdn.net/m1/v/t6/An8cjInI9c_vOGVZRuNPaBY6AWjnqxnaQAYm2j1phN4QJAmeO-ATyZwmT21fhyo8A3WWTVqQDcGBT9zz47_50MtFydsZJxQH4neUrezLGdVLNfb_t6oAe0YkQejBs_8CFEDZPJ2xIRLumJ5wfbekAA?stp=s256x192&edm=AOnQwmMEAAAA&_nc_gid=JuOW_edms76QM_ud85B_TQ&_nc_oc=AdpgQ9hK61kKcIwdnL08AdotRkAr7tK_C7E1FaZ9NfZBixFXOdTIWOoa8bmARuSaieU&ccb=10-5&oh=00_Af4t5z_ByWiNdfbrmo5Zt7UCzw-nmI47o7bTe64J598ssg&oe=6A39441A&_nc_sid=201bca",
        "IMAGE_PREVIEW_URL": "https://scontent-bos5-1.xx.fbcdn.net/m1/v/t6/An8cjInI9c_vOGVZRuNPaBY6AWjnqxnaQAYm2j1phN4QJAmeO-ATyZwmT21fhyo8A3WWTVqQDcGBT9zz47_50MtFydsZJxQH4neUrezLGdVLNfb_t6oAe0YkQejBs_8CFEDZPJ2xIRLumJ5wfbekAA?stp=s1024x768&edm=AOnQwmMEAAAA&_nc_gid=JuOW_edms76QM_ud85B_TQ&_nc_oc=AdpgQ9hK61kKcIwdnL08AdotRkAr7tK_C7E1FaZ9NfZBixFXOdTIWOoa8bmARuSaieU&ccb=10-5&oh=00_Af6fXdOrK9WxZTWGeHAANGNcllJtdByf6XEijRnbftFrhw&oe=6A39441A&_nc_sid=201bca",
        "IMAGE_ORIGINAL_URL": "https://scontent-bos5-1.xx.fbcdn.net/m1/v/t6/An8cjInI9c_vOGVZRuNPaBY6AWjnqxnaQAYm2j1phN4QJAmeO-ATyZwmT21fhyo8A3WWTVqQDcGBT9zz47_50MtFydsZJxQH4neUrezLGdVLNfb_t6oAe0YkQejBs_8CFEDZPJ2xIRLumJ5wfbekAA?edm=AOnQwmMEAAAA&_nc_gid=JuOW_edms76QM_ud85B_TQ&_nc_oc=AdpgQ9hK61kKcIwdnL08AdotRkAr7tK_C7E1FaZ9NfZBixFXOdTIWOoa8bmARuSaieU&ccb=10-5&oh=00_Af5z4pGOWDwRluQkROtEVjSn-LgKnon5Sqyx6SwejbF1cA&oe=6A39441A&_nc_sid=201bca",
        "SOURCE_URL": "https://www.mapillary.com/app/?pKey=1202366136858780",
        "SAMPLE_MUNICIPALITY": "Medford",
        "SAMPLE_STREET_NAME": "SALEM STREET",
        "SAMPLE_SEGMENT_ID": 364089,
        "SAMPLE_LAT": 42.4185797161006,
        "SAMPLE_LNG": -71.1064387661216
      }
    },
    {
      "type": "Feature",
      "geometry": {
        "type": "Point",
        "coordinates": [
          -71.107234187669,
          42.418562478928
        ]
      },
      "properties": {
        "PROVIDER": "mapillary",
        "IMAGE_ID": "175517407799093",
        "SEQUENCE_ID": "wmeew7dcbdjni6i2uulxyx",
        "CAPTURED_AT": 1590000394329,
        "HEADING": 261.50077812727,
        "IMAGE_THUMB_URL": "https://scontent-bos5-1.xx.fbcdn.net/m1/v/t6/An-vrlwq4jVUAt50f2i2S-rwC8B2qTXf6IZSgdMCqLSy24xztqFjxg7q921jk4qwNx2Ge_kIsVPMhq6kOudJXJZ95vS00L5IR9L1EUVmDehuRSrHpsdDpnPs3r9EWYSwfp1rO4PPwnY8Q_bPCDnKyA?stp=s256x192&edm=AOnQwmMEAAAA&_nc_gid=JuOW_edms76QM_ud85B_TQ&_nc_oc=Adoq-D43yUdkcOOXhh1viVwvt3WD-vAHXNpw8Tge817FT5tLCe5V3jyOdTDTO7be5Mg&ccb=10-5&oh=00_Af660wGWE9A5g1Fq1Ldu1pLvjUXUZ-zVXDRhlbU1ftO78Q&oe=6A3964ED&_nc_sid=201bca",
        "IMAGE_PREVIEW_URL": "https://scontent-bos5-1.xx.fbcdn.net/m1/v/t6/An-vrlwq4jVUAt50f2i2S-rwC8B2qTXf6IZSgdMCqLSy24xztqFjxg7q921jk4qwNx2Ge_kIsVPMhq6kOudJXJZ95vS00L5IR9L1EUVmDehuRSrHpsdDpnPs3r9EWYSwfp1rO4PPwnY8Q_bPCDnKyA?stp=s1024x768&edm=AOnQwmMEAAAA&_nc_gid=JuOW_edms76QM_ud85B_TQ&_nc_oc=Adoq-D43yUdkcOOXhh1viVwvt3WD-vAHXNpw8Tge817FT5tLCe5V3jyOdTDTO7be5Mg&ccb=10-5&oh=00_Af732fGqWNfnXLrbIBeM7BiNom52vqtgA2ylcr3zeY90dA&oe=6A3964ED&_nc_sid=201bca",
        "IMAGE_ORIGINAL_URL": "https://scontent-bos5-1.xx.fbcdn.net/m1/v/t6/An-vrlwq4jVUAt50f2i2S-rwC8B2qTXf6IZSgdMCqLSy24xztqFjxg7q921jk4qwNx2Ge_kIsVPMhq6kOudJXJZ95vS00L5IR9L1EUVmDehuRSrHpsdDpnPs3r9EWYSwfp1rO4PPwnY8Q_bPCDnKyA?edm=AOnQwmMEAAAA&_nc_gid=JuOW_edms76QM_ud85B_TQ&_nc_oc=Adoq-D43yUdkcOOXhh1viVwvt3WD-vAHXNpw8Tge817FT5tLCe5V3jyOdTDTO7be5Mg&ccb=10-5&oh=00_Af4W42RsmxaG2n9jDHLbUPALylUs_XqUxxOse1tzFqubgw&oe=6A3964ED&_nc_sid=201bca",
        "SOURCE_URL": "https://www.mapillary.com/app/?pKey=175517407799093",
        "SAMPLE_MUNICIPALITY": "Medford",
        "SAMPLE_STREET_NAME": "SALEM STREET",
        "SAMPLE_SEGMENT_ID": 364089,
        "SAMPLE_LAT": 42.4185797161006,
        "SAMPLE_LNG": -71.1064387661216
      }
    },
    {
      "type": "Feature",
      "geometry": {
        "type": "Point",
        "coordinates": [
          -71.106637942387,
          42.418031096596
        ]
      },
      "properties": {
        "PROVIDER": "mapillary",
        "IMAGE_ID": "1468358513499636",
        "SEQUENCE_ID": "fn4pqwb0sbof38sefipgi4",
        "CAPTURED_AT": 1589995142323,
        "HEADING": 316.40182193914,
        "IMAGE_THUMB_URL": "https://scontent-bos5-1.xx.fbcdn.net/m1/v/t6/An8ubuJdfjc0FTCNkTGyGs2GqG5Qk50Dg0aXGHUb7pmLeYL5YfMy6M3CceRZgfXdAExmv5B7EPwzgT617RSTevJumPjm2d3Kew0NUjEEPQ_GilJLT66pX1nXr6iDakI3CoGpg9wZ6AxLj4VMItkHGok?stp=s256x192&edm=AOnQwmMEAAAA&_nc_gid=JuOW_edms76QM_ud85B_TQ&_nc_oc=AdojsO0xHK5JM-Gv8D4YagDbEC72WIebSVJS7nFt5l6AZ4XTUX5p3VURacXKfVCwigg&ccb=10-5&oh=00_Af7TkXh09WbLsVgp17tY3f7W5B5e1wUEMQ-cFxi0bbRSXg&oe=6A39618E&_nc_sid=201bca",
        "IMAGE_PREVIEW_URL": "https://scontent-bos5-1.xx.fbcdn.net/m1/v/t6/An8ubuJdfjc0FTCNkTGyGs2GqG5Qk50Dg0aXGHUb7pmLeYL5YfMy6M3CceRZgfXdAExmv5B7EPwzgT617RSTevJumPjm2d3Kew0NUjEEPQ_GilJLT66pX1nXr6iDakI3CoGpg9wZ6AxLj4VMItkHGok?stp=s1024x768&edm=AOnQwmMEAAAA&_nc_gid=JuOW_edms76QM_ud85B_TQ&_nc_oc=AdojsO0xHK5JM-Gv8D4YagDbEC72WIebSVJS7nFt5l6AZ4XTUX5p3VURacXKfVCwigg&ccb=10-5&oh=00_Af4Iwx_2uSZfVXdP-2Ja4lb39khZ6j8EgBJUeX1_BPpp8g&oe=6A39618E&_nc_sid=201bca",
        "IMAGE_ORIGINAL_URL": "https://scontent-bos5-1.xx.fbcdn.net/m1/v/t6/An8ubuJdfjc0FTCNkTGyGs2GqG5Qk50Dg0aXGHUb7pmLeYL5YfMy6M3CceRZgfXdAExmv5B7EPwzgT617RSTevJumPjm2d3Kew0NUjEEPQ_GilJLT66pX1nXr6iDakI3CoGpg9wZ6AxLj4VMItkHGok?edm=AOnQwmMEAAAA&_nc_gid=JuOW_edms76QM_ud85B_TQ&_nc_oc=AdojsO0xHK5JM-Gv8D4YagDbEC72WIebSVJS7nFt5l6AZ4XTUX5p3VURacXKfVCwigg&ccb=10-5&oh=00_Af5fnDgdJyzpCaShFHYSnRk-c0zMHEcnEId887GkdsKxnw&oe=6A39618E&_nc_sid=201bca",
        "SOURCE_URL": "https://www.mapillary.com/app/?pKey=1468358513499636",
        "SAMPLE_MUNICIPALITY": "Medford",
        "SAMPLE_STREET_NAME": "SALEM STREET",
        "SAMPLE_SEGMENT_ID": 364089,
        "SAMPLE_LAT": 42.4185797161006,
        "SAMPLE_LNG": -71.1064387661216
      }
    },
    {
      "type": "Feature",
      "geometry": {
        "type": "Point",
        "coordinates": [
          -71.106740751568,
          42.418075224473
        ]
      },
      "properties": {
        "PROVIDER": "mapillary",
        "IMAGE_ID": "489351199163707",
        "SEQUENCE_ID": "fn4pqwb0sbof38sefipgi4",
        "CAPTURED_AT": 1589995147265,
        "HEADING": 305.36974680773,
        "IMAGE_THUMB_URL": "https://scontent-bos5-1.xx.fbcdn.net/m1/v/t6/An8dSfRrZbdpR8xpqd9uXdlMaNxUHGM_Gs3pMIuXWS1pvV4o5J3lqICjp9sxeBMJbQ_ly7FcW9q1KKpI3MCEGY-E1qJs_Emh54BldmWrmfm05lioFDDoR2Vw63-9ATj2tAXf96pO5xRP-_GgqrCMJw?stp=s256x192&edm=AOnQwmMEAAAA&_nc_gid=JuOW_edms76QM_ud85B_TQ&_nc_oc=AdoCCqJlQKrB3FUQYdKOONJqBWLh2dJ1zkCJH0Ko4ceThjuriFy3nNK0_x6qgvkbBrI&ccb=10-5&oh=00_Af7ukXhCe9WqGQgjpfKChkgPmfuV3aosGcWG71dgulGT-g&oe=6A39612A&_nc_sid=201bca",
        "IMAGE_PREVIEW_URL": "https://scontent-bos5-1.xx.fbcdn.net/m1/v/t6/An8dSfRrZbdpR8xpqd9uXdlMaNxUHGM_Gs3pMIuXWS1pvV4o5J3lqICjp9sxeBMJbQ_ly7FcW9q1KKpI3MCEGY-E1qJs_Emh54BldmWrmfm05lioFDDoR2Vw63-9ATj2tAXf96pO5xRP-_GgqrCMJw?stp=s1024x768&edm=AOnQwmMEAAAA&_nc_gid=JuOW_edms76QM_ud85B_TQ&_nc_oc=AdoCCqJlQKrB3FUQYdKOONJqBWLh2dJ1zkCJH0Ko4ceThjuriFy3nNK0_x6qgvkbBrI&ccb=10-5&oh=00_Af41OeJktfn-JA2LVV70wpq4HRmJ0FNO45LWJnnOJQgPwQ&oe=6A39612A&_nc_sid=201bca",
        "IMAGE_ORIGINAL_URL": "https://scontent-bos5-1.xx.fbcdn.net/m1/v/t6/An8dSfRrZbdpR8xpqd9uXdlMaNxUHGM_Gs3pMIuXWS1pvV4o5J3lqICjp9sxeBMJbQ_ly7FcW9q1KKpI3MCEGY-E1qJs_Emh54BldmWrmfm05lioFDDoR2Vw63-9ATj2tAXf96pO5xRP-_GgqrCMJw?edm=AOnQwmMEAAAA&_nc_gid=JuOW_edms76QM_ud85B_TQ&_nc_oc=AdoCCqJlQKrB3FUQYdKOONJqBWLh2dJ1zkCJH0Ko4ceThjuriFy3nNK0_x6qgvkbBrI&ccb=10-5&oh=00_Af69gpZhOnd9HvkYL8o7cDCA_BY57IcXItY7ig5pY4Klrg&oe=6A39612A&_nc_sid=201bca",
        "SOURCE_URL": "https://www.mapillary.com/app/?pKey=489351199163707",
        "SAMPLE_MUNICIPALITY": "Medford",
        "SAMPLE_STREET_NAME": "SALEM STREET",
        "SAMPLE_SEGMENT_ID": 364089,
        "SAMPLE_LAT": 42.4185797161006,
        "SAMPLE_LNG": -71.1064387661216
      }
    },
    {
      "type": "Feature",
      "geometry": {
        "type": "Point",
        "coordinates": [
          -71.106710421046,
          42.418065455193
        ]
      },
      "properties": {
        "PROVIDER": "mapillary",
        "IMAGE_ID": "965904004180755",
        "SEQUENCE_ID": "fn4pqwb0sbof38sefipgi4",
        "CAPTURED_AT": 1589995146096,
        "HEADING": 317.0652531093,
        "IMAGE_THUMB_URL": "https://scontent-bos5-1.xx.fbcdn.net/m1/v/t6/An8dF58UQpHx1taIBbSFrVslx4DWks3v2yIUmqVP-_6XrEDtJezZCUiV8qn7wkJaFVTmWdnwC1INmzwnD7rUDU5XG5lkKRZndxLC51pCCnY49tca5U7zHi6WpBt7EYCUCbTEM7qOakqZcX3vYOGMCn8?stp=s256x192&edm=AOnQwmMEAAAA&_nc_gid=JuOW_edms76QM_ud85B_TQ&_nc_oc=AdqpkgFGIn4hdl6ZsCb3OKNFDo2XYtw7aOg0-jNO0a602GQkmXwpztrdHMZ2u_GJyN8&ccb=10-5&oh=00_Af7ZKU8B8DbcuaVHXUszq6de7tECMR1_Mt1UScLQHRxWKQ&oe=6A393227&_nc_sid=201bca",
        "IMAGE_PREVIEW_URL": "https://scontent-bos5-1.xx.fbcdn.net/m1/v/t6/An8dF58UQpHx1taIBbSFrVslx4DWks3v2yIUmqVP-_6XrEDtJezZCUiV8qn7wkJaFVTmWdnwC1INmzwnD7rUDU5XG5lkKRZndxLC51pCCnY49tca5U7zHi6WpBt7EYCUCbTEM7qOakqZcX3vYOGMCn8?stp=s1024x768&edm=AOnQwmMEAAAA&_nc_gid=JuOW_edms76QM_ud85B_TQ&_nc_oc=AdqpkgFGIn4hdl6ZsCb3OKNFDo2XYtw7aOg0-jNO0a602GQkmXwpztrdHMZ2u_GJyN8&ccb=10-5&oh=00_Af4GJdWhjHizSbFdNMy8trWAtaliaHV9HXjEAY0IM5ig7A&oe=6A393227&_nc_sid=201bca",
        "IMAGE_ORIGINAL_URL": "https://scontent-bos5-1.xx.fbcdn.net/m1/v/t6/An8dF58UQpHx1taIBbSFrVslx4DWks3v2yIUmqVP-_6XrEDtJezZCUiV8qn7wkJaFVTmWdnwC1INmzwnD7rUDU5XG5lkKRZndxLC51pCCnY49tca5U7zHi6WpBt7EYCUCbTEM7qOakqZcX3vYOGMCn8?edm=AOnQwmMEAAAA&_nc_gid=JuOW_edms76QM_ud85B_TQ&_nc_oc=AdqpkgFGIn4hdl6ZsCb3OKNFDo2XYtw7aOg0-jNO0a602GQkmXwpztrdHMZ2u_GJyN8&ccb=10-5&oh=00_Af7TQNnZdaGKSSILiRhys4kRpHumQIv1KeZTly0uHla-og&oe=6A393227&_nc_sid=201bca",
        "SOURCE_URL": "https://www.mapillary.com/app/?pKey=965904004180755",
        "SAMPLE_MUNICIPALITY": "Medford",
        "SAMPLE_STREET_NAME": "SALEM STREET",
        "SAMPLE_SEGMENT_ID": 364089,
        "SAMPLE_LAT": 42.4185797161006,
        "SAMPLE_LNG": -71.1064387661216
      }
    },
    {
      "type": "Feature",
      "geometry": {
        "type": "Point",
        "coordinates": [
          -71.106262415531,
          42.418663429975
        ]
      },
      "properties": {
        "PROVIDER": "mapillary",
        "IMAGE_ID": "1147261269020703",
        "SEQUENCE_ID": "-HUCkmCr5e84kG2F8fKFMQ",
        "CAPTURED_AT": 1506972747800,
        "HEADING": 243.3571751466,
        "IMAGE_THUMB_URL": "https://scontent-bos5-1.xx.fbcdn.net/m1/v/t6/An86Y-E6mH_Vmw6axKFnYmcKVYs9c2wnAPHNBTawOGYxhXtIlgCJ6-jd08Gw-Sr3RgCXW8EXxn1LHVrXljdszqwd-fJcc1jHhbOgp42z1h_iMidgNc_ICaulO9JFfZEIsBjTwgxATWtoaDvG4QffEg?stp=s256x144&edm=AOnQwmMEAAAA&_nc_gid=JuOW_edms76QM_ud85B_TQ&_nc_oc=Adqv0qZOPfTmyWv3ldqMcQGhfPJyI06fr81Px8_bpbaqLe8XB4GjYGdRG3qpTYy_bFI&ccb=10-5&oh=00_Af64aQrC-aOjq60yN6iNUMWoAB7X7YK-1zzV1yyRm5ylMw&oe=6A394262&_nc_sid=201bca",
        "IMAGE_PREVIEW_URL": "https://scontent-bos5-1.xx.fbcdn.net/m1/v/t6/An86Y-E6mH_Vmw6axKFnYmcKVYs9c2wnAPHNBTawOGYxhXtIlgCJ6-jd08Gw-Sr3RgCXW8EXxn1LHVrXljdszqwd-fJcc1jHhbOgp42z1h_iMidgNc_ICaulO9JFfZEIsBjTwgxATWtoaDvG4QffEg?stp=s1024x576&edm=AOnQwmMEAAAA&_nc_gid=JuOW_edms76QM_ud85B_TQ&_nc_oc=Adqv0qZOPfTmyWv3ldqMcQGhfPJyI06fr81Px8_bpbaqLe8XB4GjYGdRG3qpTYy_bFI&ccb=10-5&oh=00_Af5JWVvtpysgemzPr0FuulWzbY8cB-Bv_py61OYw8WiRJw&oe=6A394262&_nc_sid=201bca",
        "IMAGE_ORIGINAL_URL": "https://scontent-bos5-1.xx.fbcdn.net/m1/v/t6/An86Y-E6mH_Vmw6axKFnYmcKVYs9c2wnAPHNBTawOGYxhXtIlgCJ6-jd08Gw-Sr3RgCXW8EXxn1LHVrXljdszqwd-fJcc1jHhbOgp42z1h_iMidgNc_ICaulO9JFfZEIsBjTwgxATWtoaDvG4QffEg?edm=AOnQwmMEAAAA&_nc_gid=JuOW_edms76QM_ud85B_TQ&_nc_oc=Adqv0qZOPfTmyWv3ldqMcQGhfPJyI06fr81Px8_bpbaqLe8XB4GjYGdRG3qpTYy_bFI&ccb=10-5&oh=00_Af5LciJbW1mapcZYZvtf3VfZftY0je8W3X4OwTdQb9vaBQ&oe=6A394262&_nc_sid=201bca",
        "SOURCE_URL": "https://www.mapillary.com/app/?pKey=1147261269020703",
        "SAMPLE_MUNICIPALITY": "Medford",
        "SAMPLE_STREET_NAME": "SALEM STREET",
        "SAMPLE_SEGMENT_ID": 364089,
        "SAMPLE_LAT": 42.4185797161006,
        "SAMPLE_LNG": -71.1064387661216
      }
    },
    {
      "type": "Feature",
      "geometry": {
        "type": "Point",
        "coordinates": [
          -71.107201646125,
          42.418662496996
        ]
      },
      "properties": {
        "PROVIDER": "mapillary",
        "IMAGE_ID": "169867281686213",
        "SEQUENCE_ID": "W9t3L0Pv6CAlyKvDTThgIw",
        "CAPTURED_AT": 1426090217000,
        "HEADING": 296.1288,
        "IMAGE_THUMB_URL": "https://scontent-bos5-1.xx.fbcdn.net/m1/v/t6/An9KaqycSxLJ7K0ImeAgJxsfFBQqI2TCVSTSE_4xtbci6pu-Ns6dHldVjQdhRc4zBUwutba7l0_nv7wznrbIXh8alu3tbO1Q44kjBrCqBAaaAgk_LmR6WUar8Wob1z8IxGL2DyMo5q0QdaJIOyIX4A?stp=s256x192&edm=AOnQwmMEAAAA&_nc_gid=JuOW_edms76QM_ud85B_TQ&_nc_oc=AdrJgHMyPeADsGZtYb5Pbs4r-EZ4Q-sutUTmEj1pl77HEwDXmUjeViJmzT817AYkwe8&ccb=10-5&oh=00_Af6QUmmDjjzE6mYvuTGxXa2R0caPQB6FBGLXJ9xmCSEGIg&oe=6A394042&_nc_sid=201bca",
        "IMAGE_PREVIEW_URL": "https://scontent-bos5-1.xx.fbcdn.net/m1/v/t6/An9KaqycSxLJ7K0ImeAgJxsfFBQqI2TCVSTSE_4xtbci6pu-Ns6dHldVjQdhRc4zBUwutba7l0_nv7wznrbIXh8alu3tbO1Q44kjBrCqBAaaAgk_LmR6WUar8Wob1z8IxGL2DyMo5q0QdaJIOyIX4A?stp=s1024x768&edm=AOnQwmMEAAAA&_nc_gid=JuOW_edms76QM_ud85B_TQ&_nc_oc=AdrJgHMyPeADsGZtYb5Pbs4r-EZ4Q-sutUTmEj1pl77HEwDXmUjeViJmzT817AYkwe8&ccb=10-5&oh=00_Af5z3qrjXHj7nvYty_BdWQqDdst6wA4rJm97StBqkF3kRg&oe=6A394042&_nc_sid=201bca",
        "IMAGE_ORIGINAL_URL": "https://scontent-bos5-1.xx.fbcdn.net/m1/v/t6/An9KaqycSxLJ7K0ImeAgJxsfFBQqI2TCVSTSE_4xtbci6pu-Ns6dHldVjQdhRc4zBUwutba7l0_nv7wznrbIXh8alu3tbO1Q44kjBrCqBAaaAgk_LmR6WUar8Wob1z8IxGL2DyMo5q0QdaJIOyIX4A?edm=AOnQwmMEAAAA&_nc_gid=JuOW_edms76QM_ud85B_TQ&_nc_oc=AdrJgHMyPeADsGZtYb5Pbs4r-EZ4Q-sutUTmEj1pl77HEwDXmUjeViJmzT817AYkwe8&ccb=10-5&oh=00_Af7E8j2IG_jlo7ukBzdV6MpXHnAtDtjd30nfDdI2WxflVQ&oe=6A394042&_nc_sid=201bca",
        "SOURCE_URL": "https://www.mapillary.com/app/?pKey=169867281686213",
        "SAMPLE_MUNICIPALITY": "Medford",
        "SAMPLE_STREET_NAME": "SALEM STREET",
        "SAMPLE_SEGMENT_ID": 364089,
        "SAMPLE_LAT": 42.4185797161006,
        "SAMPLE_LNG": -71.1064387661216
      }
    },
    {
      "type": "Feature",
      "geometry": {
        "type": "Point",
        "coordinates": [
          -71.106758740331,
          42.418079417614
        ]
      },
      "properties": {
        "PROVIDER": "mapillary",
        "IMAGE_ID": "572622350392417",
        "SEQUENCE_ID": "fn4pqwb0sbof38sefipgi4",
        "CAPTURED_AT": 1589995148521,
        "HEADING": 301.33453636329,
        "IMAGE_THUMB_URL": "https://scontent-bos5-1.xx.fbcdn.net/m1/v/t6/An8jBaNt1wf3Mlo0dojWTnWsEUJREBg4QBeIoboSgyXlyDHAc5M8_8vSbM24pxelkbBJrKmWQV1DTiZ-J4a9-FDl88FtptVwCl-9kRv5fa49mHmAcnieox_327rFXS5RVxq72JA51jeoJJX7DxzvmA?stp=s256x192&edm=AOnQwmMEAAAA&_nc_gid=JuOW_edms76QM_ud85B_TQ&_nc_oc=Adqn34Ffp4MnnbzYfPrh3UM52NyzJeKzTvxnWtY_OEscOqb__WB_Yh9p_wr6IJPpjps&ccb=10-5&oh=00_Af6qfQ4G_gt9Zso_h-B4EExx-bA7yLm1j1ivpGuFPB0yUw&oe=6A393FD7&_nc_sid=201bca",
        "IMAGE_PREVIEW_URL": "https://scontent-bos5-1.xx.fbcdn.net/m1/v/t6/An8jBaNt1wf3Mlo0dojWTnWsEUJREBg4QBeIoboSgyXlyDHAc5M8_8vSbM24pxelkbBJrKmWQV1DTiZ-J4a9-FDl88FtptVwCl-9kRv5fa49mHmAcnieox_327rFXS5RVxq72JA51jeoJJX7DxzvmA?stp=s1024x768&edm=AOnQwmMEAAAA&_nc_gid=JuOW_edms76QM_ud85B_TQ&_nc_oc=Adqn34Ffp4MnnbzYfPrh3UM52NyzJeKzTvxnWtY_OEscOqb__WB_Yh9p_wr6IJPpjps&ccb=10-5&oh=00_Af7n1fpcQqY_jWeL9eznBSN3w_34oJLxHH5nrSlQUwopnA&oe=6A393FD7&_nc_sid=201bca",
        "IMAGE_ORIGINAL_URL": "https://scontent-bos5-1.xx.fbcdn.net/m1/v/t6/An8jBaNt1wf3Mlo0dojWTnWsEUJREBg4QBeIoboSgyXlyDHAc5M8_8vSbM24pxelkbBJrKmWQV1DTiZ-J4a9-FDl88FtptVwCl-9kRv5fa49mHmAcnieox_327rFXS5RVxq72JA51jeoJJX7DxzvmA?edm=AOnQwmMEAAAA&_nc_gid=JuOW_edms76QM_ud85B_TQ&_nc_oc=Adqn34Ffp4MnnbzYfPrh3UM52NyzJeKzTvxnWtY_OEscOqb__WB_Yh9p_wr6IJPpjps&ccb=10-5&oh=00_Af47dNNB9bFclOrNYb4iGxkT9mttg4ObPlO98kKyMEfqfg&oe=6A393FD7&_nc_sid=201bca",
        "SOURCE_URL": "https://www.mapillary.com/app/?pKey=572622350392417",
        "SAMPLE_MUNICIPALITY": "Medford",
        "SAMPLE_STREET_NAME": "SALEM STREET",
        "SAMPLE_SEGMENT_ID": 364089,
        "SAMPLE_LAT": 42.4185797161006,
        "SAMPLE_LNG": -71.1064387661216
      }
    },
    {
      "type": "Feature",
      "geometry": {
        "type": "Point",
        "coordinates": [
          -71.106261434079,
          42.418663800906
        ]
      },
      "properties": {
        "PROVIDER": "mapillary",
        "IMAGE_ID": "1848940455267587",
        "SEQUENCE_ID": "-HUCkmCr5e84kG2F8fKFMQ",
        "CAPTURED_AT": 1506972747200,
        "HEADING": 243.35698008039,
        "IMAGE_THUMB_URL": "https://scontent-bos5-1.xx.fbcdn.net/m1/v/t6/An9TkerLL2tGLO9iMhA2UURuCNXBruJsG-JhdO7d_Q8yxJ4RtfjACWljBRVxR2ya8l8UrM0KhvssNUdV8Mm-t53jpMS-Km_3P2uJWbHJ8T2XUUHMG9Y_UcRSINBC5fPjGva1NWQa55umYPOUOTqY8Q?stp=s256x144&edm=AOnQwmMEAAAA&_nc_gid=JX8EPkv8Nq_y4V_UDAq7cA&_nc_oc=AdpMAxoWnQvabxH29MMTYXmm2gwryd6WJmfCcf0RqcI7DLR2kFk46sVIkRtiAnyl18E&ccb=10-5&oh=00_Af5XMTFQR8vaHbpo4QKQwe8zPTdqsAmog_55tTZVHVShMg&oe=6A396299&_nc_sid=201bca",
        "IMAGE_PREVIEW_URL": "https://scontent-bos5-1.xx.fbcdn.net/m1/v/t6/An9TkerLL2tGLO9iMhA2UURuCNXBruJsG-JhdO7d_Q8yxJ4RtfjACWljBRVxR2ya8l8UrM0KhvssNUdV8Mm-t53jpMS-Km_3P2uJWbHJ8T2XUUHMG9Y_UcRSINBC5fPjGva1NWQa55umYPOUOTqY8Q?stp=s1024x576&edm=AOnQwmMEAAAA&_nc_gid=JX8EPkv8Nq_y4V_UDAq7cA&_nc_oc=AdpMAxoWnQvabxH29MMTYXmm2gwryd6WJmfCcf0RqcI7DLR2kFk46sVIkRtiAnyl18E&ccb=10-5&oh=00_Af7HaTwqc-eg4cB2BijwT1Eh3Q2elI6g5bb0xrVzB6m3yQ&oe=6A396299&_nc_sid=201bca",
        "IMAGE_ORIGINAL_URL": "https://scontent-bos5-1.xx.fbcdn.net/m1/v/t6/An9TkerLL2tGLO9iMhA2UURuCNXBruJsG-JhdO7d_Q8yxJ4RtfjACWljBRVxR2ya8l8UrM0KhvssNUdV8Mm-t53jpMS-Km_3P2uJWbHJ8T2XUUHMG9Y_UcRSINBC5fPjGva1NWQa55umYPOUOTqY8Q?edm=AOnQwmMEAAAA&_nc_gid=JX8EPkv8Nq_y4V_UDAq7cA&_nc_oc=AdpMAxoWnQvabxH29MMTYXmm2gwryd6WJmfCcf0RqcI7DLR2kFk46sVIkRtiAnyl18E&ccb=10-5&oh=00_Af5Li_bQh17lPn3tY7QDLQoEB_Qtn6wuRkEeSAfCs1npDQ&oe=6A396299&_nc_sid=201bca",
        "SOURCE_URL": "https://www.mapillary.com/app/?pKey=1848940455267587",
        "SAMPLE_MUNICIPALITY": "Medford",
        "SAMPLE_STREET_NAME": "SALEM STREET",
        "SAMPLE_SEGMENT_ID": 364090,
        "SAMPLE_LAT": 42.4191903111907,
        "SAMPLE_LNG": -71.105421300116
      }
    },
    {
      "type": "Feature",
      "geometry": {
        "type": "Point",
        "coordinates": [
          -71.10624743083,
          42.418669233743
        ]
      },
      "properties": {
        "PROVIDER": "mapillary",
        "IMAGE_ID": "1024324898099042",
        "SEQUENCE_ID": "-HUCkmCr5e84kG2F8fKFMQ",
        "CAPTURED_AT": 1506972745900,
        "HEADING": 233.03707564508,
        "IMAGE_THUMB_URL": "https://scontent-bos5-1.xx.fbcdn.net/m1/v/t6/An-AvkuzOG3YEdSVTm9tpSgOZ_nShZvN-FEke11wqwFCvZp9rfy0OBfHKepae_hqrrc0pEPAYT_A647TOSB1vLmOZUj0BeUztjz78GDmnnem5reKoE8S8EeznVpXDd_driNCOYRmLQkXIe1yfsPZ_A?stp=s256x144&edm=AOnQwmMEAAAA&_nc_gid=JX8EPkv8Nq_y4V_UDAq7cA&_nc_oc=AdqYCLA0WM9TPzfNEFJL8ocQOoty-GBBvE7vqQZPgUxpomijRsnAdoDKF_CYaYM8H_o&ccb=10-5&oh=00_Af6gPOkGJsjhhaEga48g43KIs50QbC_UYUSjciBzR2jFIQ&oe=6A394170&_nc_sid=201bca",
        "IMAGE_PREVIEW_URL": "https://scontent-bos5-1.xx.fbcdn.net/m1/v/t6/An-AvkuzOG3YEdSVTm9tpSgOZ_nShZvN-FEke11wqwFCvZp9rfy0OBfHKepae_hqrrc0pEPAYT_A647TOSB1vLmOZUj0BeUztjz78GDmnnem5reKoE8S8EeznVpXDd_driNCOYRmLQkXIe1yfsPZ_A?stp=s1024x576&edm=AOnQwmMEAAAA&_nc_gid=JX8EPkv8Nq_y4V_UDAq7cA&_nc_oc=AdqYCLA0WM9TPzfNEFJL8ocQOoty-GBBvE7vqQZPgUxpomijRsnAdoDKF_CYaYM8H_o&ccb=10-5&oh=00_Af40Ldebb7uO9gwVbTl7gV_UBLewcFOUlEGQXl8_pxRi8g&oe=6A394170&_nc_sid=201bca",
        "IMAGE_ORIGINAL_URL": "https://scontent-bos5-1.xx.fbcdn.net/m1/v/t6/An-AvkuzOG3YEdSVTm9tpSgOZ_nShZvN-FEke11wqwFCvZp9rfy0OBfHKepae_hqrrc0pEPAYT_A647TOSB1vLmOZUj0BeUztjz78GDmnnem5reKoE8S8EeznVpXDd_driNCOYRmLQkXIe1yfsPZ_A?edm=AOnQwmMEAAAA&_nc_gid=JX8EPkv8Nq_y4V_UDAq7cA&_nc_oc=AdqYCLA0WM9TPzfNEFJL8ocQOoty-GBBvE7vqQZPgUxpomijRsnAdoDKF_CYaYM8H_o&ccb=10-5&oh=00_Af4a8JlP2qhP54gjkqSt5RJTttrd_WhtEXTPij0SApZMjw&oe=6A394170&_nc_sid=201bca",
        "SOURCE_URL": "https://www.mapillary.com/app/?pKey=1024324898099042",
        "SAMPLE_MUNICIPALITY": "Medford",
        "SAMPLE_STREET_NAME": "SALEM STREET",
        "SAMPLE_SEGMENT_ID": 364090,
        "SAMPLE_LAT": 42.4191903111907,
        "SAMPLE_LNG": -71.105421300116
      }
    },
    {
      "type": "Feature",
      "geometry": {
        "type": "Point",
        "coordinates": [
          -71.10603896794,
          42.41876888307
        ]
      },
      "properties": {
        "PROVIDER": "mapillary",
        "IMAGE_ID": "497883254674557",
        "SEQUENCE_ID": "-HUCkmCr5e84kG2F8fKFMQ",
        "CAPTURED_AT": 1506972741800,
        "HEADING": 225.02068301764,
        "IMAGE_THUMB_URL": "https://scontent-bos5-1.xx.fbcdn.net/m1/v/t6/An_VXDiTInfEknFITdVvujCy1BIc1DSsMl_at0mfOBdIX8qw-2N2Pry1kX1-CqU3Fci8DhHK-1u8-yPKO77UBYP1rCfJjSik6nf0pfvKk5ejg0Fpnn1MyLWNFFh3phGYyRdpMC_56Egg3zay9uuKdg?stp=s256x144&edm=AOnQwmMEAAAA&_nc_gid=JX8EPkv8Nq_y4V_UDAq7cA&_nc_oc=Adr8N5Uu9RHofUk4gL0CpgakV19z9a_ky-jm6Upw-pDIH0-ta3f8mV2QzgWApkoMmUY&ccb=10-5&oh=00_Af4J14MTinuOP47PglkJNlVZ-bbFZYPR3w5-AlP2jojNuA&oe=6A3960CD&_nc_sid=201bca",
        "IMAGE_PREVIEW_URL": "https://scontent-bos5-1.xx.fbcdn.net/m1/v/t6/An_VXDiTInfEknFITdVvujCy1BIc1DSsMl_at0mfOBdIX8qw-2N2Pry1kX1-CqU3Fci8DhHK-1u8-yPKO77UBYP1rCfJjSik6nf0pfvKk5ejg0Fpnn1MyLWNFFh3phGYyRdpMC_56Egg3zay9uuKdg?stp=s1024x576&edm=AOnQwmMEAAAA&_nc_gid=JX8EPkv8Nq_y4V_UDAq7cA&_nc_oc=Adr8N5Uu9RHofUk4gL0CpgakV19z9a_ky-jm6Upw-pDIH0-ta3f8mV2QzgWApkoMmUY&ccb=10-5&oh=00_Af5LkTrM3ZH-WHzK13dKfDDweJ-GEOA5zomHL0jdI7z-HQ&oe=6A3960CD&_nc_sid=201bca",
        "IMAGE_ORIGINAL_URL": "https://scontent-bos5-1.xx.fbcdn.net/m1/v/t6/An_VXDiTInfEknFITdVvujCy1BIc1DSsMl_at0mfOBdIX8qw-2N2Pry1kX1-CqU3Fci8DhHK-1u8-yPKO77UBYP1rCfJjSik6nf0pfvKk5ejg0Fpnn1MyLWNFFh3phGYyRdpMC_56Egg3zay9uuKdg?edm=AOnQwmMEAAAA&_nc_gid=JX8EPkv8Nq_y4V_UDAq7cA&_nc_oc=Adr8N5Uu9RHofUk4gL0CpgakV19z9a_ky-jm6Upw-pDIH0-ta3f8mV2QzgWApkoMmUY&ccb=10-5&oh=00_Af6KuDTzF38V2gVquxpfm6HYvauxGHgnjOyrWI-rxYgM8Q&oe=6A3960CD&_nc_sid=201bca",
        "SOURCE_URL": "https://www.mapillary.com/app/?pKey=497883254674557",
        "SAMPLE_MUNICIPALITY": "Medford",
        "SAMPLE_STREET_NAME": "SALEM STREET",
        "SAMPLE_SEGMENT_ID": 364090,
        "SAMPLE_LAT": 42.4191903111907,
        "SAMPLE_LNG": -71.105421300116
      }
    },
    {
      "type": "Feature",
      "geometry": {
        "type": "Point",
        "coordinates": [
          -71.105715283373,
          42.419000798221
        ]
      },
      "properties": {
        "PROVIDER": "mapillary",
        "IMAGE_ID": "504379237476792",
        "SEQUENCE_ID": "27ZH1q7NlN4c2vnsVDEreA",
        "CAPTURED_AT": 1520716403295,
        "HEADING": 219.85655212402,
        "IMAGE_THUMB_URL": "https://scontent-bos5-1.xx.fbcdn.net/m1/v/t6/An_8oLdJwFxx3WyJkc2f55tdkc-E0lgLLnhoeEBoW6N48p5k6djMsz8_cJAj6zixtqtGGSzpvq_ofVsVIt2ksVz4vY8tESsN5U9Ouqwq_mgUGlLlayMjO-geoxWYfsZFY0Dho483VaE5JLbRtgqS7A?stp=s256x192&edm=AOnQwmMEAAAA&_nc_gid=JX8EPkv8Nq_y4V_UDAq7cA&_nc_oc=Adp4StDtFZidVKm6WLLn3fRqHqMoXoM-mCVLat9HPyWNe2BGWGWPDy3_-d_dQj9kx7A&ccb=10-5&oh=00_Af5_XXcbXjikX-kaIjs-yQTPC7O3oy52nr-PwWyAsmf3Qg&oe=6A396681&_nc_sid=201bca",
        "IMAGE_PREVIEW_URL": "https://scontent-bos5-1.xx.fbcdn.net/m1/v/t6/An_8oLdJwFxx3WyJkc2f55tdkc-E0lgLLnhoeEBoW6N48p5k6djMsz8_cJAj6zixtqtGGSzpvq_ofVsVIt2ksVz4vY8tESsN5U9Ouqwq_mgUGlLlayMjO-geoxWYfsZFY0Dho483VaE5JLbRtgqS7A?stp=s1024x768&edm=AOnQwmMEAAAA&_nc_gid=JX8EPkv8Nq_y4V_UDAq7cA&_nc_oc=Adp4StDtFZidVKm6WLLn3fRqHqMoXoM-mCVLat9HPyWNe2BGWGWPDy3_-d_dQj9kx7A&ccb=10-5&oh=00_Af7mmvZemE3chPBCIooRUBOg1108MbcuZoxvCTo_bVO3XQ&oe=6A396681&_nc_sid=201bca",
        "IMAGE_ORIGINAL_URL": "https://scontent-bos5-1.xx.fbcdn.net/m1/v/t6/An_8oLdJwFxx3WyJkc2f55tdkc-E0lgLLnhoeEBoW6N48p5k6djMsz8_cJAj6zixtqtGGSzpvq_ofVsVIt2ksVz4vY8tESsN5U9Ouqwq_mgUGlLlayMjO-geoxWYfsZFY0Dho483VaE5JLbRtgqS7A?edm=AOnQwmMEAAAA&_nc_gid=JX8EPkv8Nq_y4V_UDAq7cA&_nc_oc=Adp4StDtFZidVKm6WLLn3fRqHqMoXoM-mCVLat9HPyWNe2BGWGWPDy3_-d_dQj9kx7A&ccb=10-5&oh=00_Af74UmJyp1orfvSRJ3wPpSENU9aUQuTzMod9vHdIB8hbmQ&oe=6A396681&_nc_sid=201bca",
        "SOURCE_URL": "https://www.mapillary.com/app/?pKey=504379237476792",
        "SAMPLE_MUNICIPALITY": "Medford",
        "SAMPLE_STREET_NAME": "SALEM STREET",
        "SAMPLE_SEGMENT_ID": 364090,
        "SAMPLE_LAT": 42.4191903111907,
        "SAMPLE_LNG": -71.105421300116
      }
    },
    {
      "type": "Feature",
      "geometry": {
        "type": "Point",
        "coordinates": [
          -71.106203809403,
          42.418667196542
        ]
      },
      "properties": {
        "PROVIDER": "mapillary",
        "IMAGE_ID": "510494976644218",
        "SEQUENCE_ID": "27ZH1q7NlN4c2vnsVDEreA",
        "CAPTURED_AT": 1520716414192,
        "HEADING": 231.52156066895,
        "IMAGE_THUMB_URL": "https://scontent-bos5-1.xx.fbcdn.net/m1/v/t6/An9qRZBlxq7VTs1qzrA4kK4osX0EibIqtLJqFb3g5lZSiSgUne9mMMmKaUvW-w0xJfg9iEDSoxgWXJOqVVXzeOkwy04gAQtlx4dkU_sghkhNyKTyC0rmX12-R0CkPbddqU6Df1CtVNBfpAwuwWM7ZQ?stp=s256x192&edm=AOnQwmMEAAAA&_nc_gid=JX8EPkv8Nq_y4V_UDAq7cA&_nc_oc=AdrsoYdML6zKwlCL-2drr_NfVB2JCZJZRf2wCm_F7cNc_GWxADKq9YUIcB8m6AFtehY&ccb=10-5&oh=00_Af6ZzN6gCKJPmoEza-j0PlNGp7VurzWILpC6X1-VFXEIPQ&oe=6A39560D&_nc_sid=201bca",
        "IMAGE_PREVIEW_URL": "https://scontent-bos5-1.xx.fbcdn.net/m1/v/t6/An9qRZBlxq7VTs1qzrA4kK4osX0EibIqtLJqFb3g5lZSiSgUne9mMMmKaUvW-w0xJfg9iEDSoxgWXJOqVVXzeOkwy04gAQtlx4dkU_sghkhNyKTyC0rmX12-R0CkPbddqU6Df1CtVNBfpAwuwWM7ZQ?stp=s1024x768&edm=AOnQwmMEAAAA&_nc_gid=JX8EPkv8Nq_y4V_UDAq7cA&_nc_oc=AdrsoYdML6zKwlCL-2drr_NfVB2JCZJZRf2wCm_F7cNc_GWxADKq9YUIcB8m6AFtehY&ccb=10-5&oh=00_Af4xPRpJmmSKPmkaQG92w-5L6tAmlOTU59epODNBmmLurg&oe=6A39560D&_nc_sid=201bca",
        "IMAGE_ORIGINAL_URL": "https://scontent-bos5-1.xx.fbcdn.net/m1/v/t6/An9qRZBlxq7VTs1qzrA4kK4osX0EibIqtLJqFb3g5lZSiSgUne9mMMmKaUvW-w0xJfg9iEDSoxgWXJOqVVXzeOkwy04gAQtlx4dkU_sghkhNyKTyC0rmX12-R0CkPbddqU6Df1CtVNBfpAwuwWM7ZQ?edm=AOnQwmMEAAAA&_nc_gid=JX8EPkv8Nq_y4V_UDAq7cA&_nc_oc=AdrsoYdML6zKwlCL-2drr_NfVB2JCZJZRf2wCm_F7cNc_GWxADKq9YUIcB8m6AFtehY&ccb=10-5&oh=00_Af4ebTsAaxAph-xknNmBe-MjwdYqKGdmVKACeSfQk3iB2g&oe=6A39560D&_nc_sid=201bca",
        "SOURCE_URL": "https://www.mapillary.com/app/?pKey=510494976644218",
        "SAMPLE_MUNICIPALITY": "Medford",
        "SAMPLE_STREET_NAME": "SALEM STREET",
        "SAMPLE_SEGMENT_ID": 364090,
        "SAMPLE_LAT": 42.4191903111907,
        "SAMPLE_LNG": -71.105421300116
      }
    },
    {
      "type": "Feature",
      "geometry": {
        "type": "Point",
        "coordinates": [
          -71.10556520219,
          42.419115207175
        ]
      },
      "properties": {
        "PROVIDER": "mapillary",
        "IMAGE_ID": "131376329023606",
        "SEQUENCE_ID": "27ZH1q7NlN4c2vnsVDEreA",
        "CAPTURED_AT": 1520716401171,
        "HEADING": 229.8910369873,
        "IMAGE_THUMB_URL": "https://scontent-bos5-1.xx.fbcdn.net/m1/v/t6/An9f95QjGQ7E8pBSD6geOP2FPXlpHdltzn60R9FU_pKB9FnoJmf5c0W8i6JIb6n7qazDnVmE6bXy0bgSpDk7sYqgHxp3BGUulKWDXAg42JQZkOu03B4BbU6wkoHMvPaItnMjr7n2itFgjFnoioczyQ?stp=s256x192&edm=AOnQwmMEAAAA&_nc_gid=JX8EPkv8Nq_y4V_UDAq7cA&_nc_oc=AdpbC7c_lBh8nHcoFQ7rC-Byw41avEGjtlxUFm_dVeq5GbEHm3f-JXAylkizHQcPtkQ&ccb=10-5&oh=00_Af5gqebuKj6bFWaY2P3eR6NchiZBiey92ETxIFq_UVKrYg&oe=6A3945E5&_nc_sid=201bca",
        "IMAGE_PREVIEW_URL": "https://scontent-bos5-1.xx.fbcdn.net/m1/v/t6/An9f95QjGQ7E8pBSD6geOP2FPXlpHdltzn60R9FU_pKB9FnoJmf5c0W8i6JIb6n7qazDnVmE6bXy0bgSpDk7sYqgHxp3BGUulKWDXAg42JQZkOu03B4BbU6wkoHMvPaItnMjr7n2itFgjFnoioczyQ?stp=s1024x768&edm=AOnQwmMEAAAA&_nc_gid=JX8EPkv8Nq_y4V_UDAq7cA&_nc_oc=AdpbC7c_lBh8nHcoFQ7rC-Byw41avEGjtlxUFm_dVeq5GbEHm3f-JXAylkizHQcPtkQ&ccb=10-5&oh=00_Af6YVE9jJBGaxSaqTro3s-_4DSbX6ZFi4igRLwn8E7Retw&oe=6A3945E5&_nc_sid=201bca",
        "IMAGE_ORIGINAL_URL": "https://scontent-bos5-1.xx.fbcdn.net/m1/v/t6/An9f95QjGQ7E8pBSD6geOP2FPXlpHdltzn60R9FU_pKB9FnoJmf5c0W8i6JIb6n7qazDnVmE6bXy0bgSpDk7sYqgHxp3BGUulKWDXAg42JQZkOu03B4BbU6wkoHMvPaItnMjr7n2itFgjFnoioczyQ?edm=AOnQwmMEAAAA&_nc_gid=JX8EPkv8Nq_y4V_UDAq7cA&_nc_oc=AdpbC7c_lBh8nHcoFQ7rC-Byw41avEGjtlxUFm_dVeq5GbEHm3f-JXAylkizHQcPtkQ&ccb=10-5&oh=00_Af6_pYkZ-N7EJCjhgkrcu3quBFGLSbL8q5SVBYqiv1DtsA&oe=6A3945E5&_nc_sid=201bca",
        "SOURCE_URL": "https://www.mapillary.com/app/?pKey=131376329023606",
        "SAMPLE_MUNICIPALITY": "Medford",
        "SAMPLE_STREET_NAME": "SALEM STREET",
        "SAMPLE_SEGMENT_ID": 364090,
        "SAMPLE_LAT": 42.4191903111907,
        "SAMPLE_LNG": -71.105421300116
      }
    },
    {
      "type": "Feature",
      "geometry": {
        "type": "Point",
        "coordinates": [
          -71.106154627328,
          42.418708903205
        ]
      },
      "properties": {
        "PROVIDER": "mapillary",
        "IMAGE_ID": "1139586649840740",
        "SEQUENCE_ID": "-HUCkmCr5e84kG2F8fKFMQ",
        "CAPTURED_AT": 1506972743500,
        "HEADING": 227.64335158427,
        "IMAGE_THUMB_URL": "https://scontent-bos5-1.xx.fbcdn.net/m1/v/t6/An-v2PXneSZyUYA_u7X2qh8dOnDG92xv4Thtuz3MD1Xs7Nm95Z1w6vWK09_Gq6TCFlNSmQqZSeLF-2PnChFmUMMxpBYIf9LWKgdMHum5WvD0jdHsMjTT77TjZkRV6LsyNcKgEY_YZsuT5scG2MjiPA?stp=s256x144&edm=AOnQwmMEAAAA&_nc_gid=JX8EPkv8Nq_y4V_UDAq7cA&_nc_oc=AdoVmtv957LsRilB60d6_cs5_IyifzJRe4f9Dh_kJTaTkZkfo6kaR792F94MERQcg3M&ccb=10-5&oh=00_Af66flBb3Fmo8RKR0uVyORB_z8DW94NLE22LPiUpCTd9Fg&oe=6A3963F0&_nc_sid=201bca",
        "IMAGE_PREVIEW_URL": "https://scontent-bos5-1.xx.fbcdn.net/m1/v/t6/An-v2PXneSZyUYA_u7X2qh8dOnDG92xv4Thtuz3MD1Xs7Nm95Z1w6vWK09_Gq6TCFlNSmQqZSeLF-2PnChFmUMMxpBYIf9LWKgdMHum5WvD0jdHsMjTT77TjZkRV6LsyNcKgEY_YZsuT5scG2MjiPA?stp=s1024x576&edm=AOnQwmMEAAAA&_nc_gid=JX8EPkv8Nq_y4V_UDAq7cA&_nc_oc=AdoVmtv957LsRilB60d6_cs5_IyifzJRe4f9Dh_kJTaTkZkfo6kaR792F94MERQcg3M&ccb=10-5&oh=00_Af5woTSAimSWrP-GCgBlQAzFf5TWb3pRRcaL1tH8t_B2PA&oe=6A3963F0&_nc_sid=201bca",
        "IMAGE_ORIGINAL_URL": "https://scontent-bos5-1.xx.fbcdn.net/m1/v/t6/An-v2PXneSZyUYA_u7X2qh8dOnDG92xv4Thtuz3MD1Xs7Nm95Z1w6vWK09_Gq6TCFlNSmQqZSeLF-2PnChFmUMMxpBYIf9LWKgdMHum5WvD0jdHsMjTT77TjZkRV6LsyNcKgEY_YZsuT5scG2MjiPA?edm=AOnQwmMEAAAA&_nc_gid=JX8EPkv8Nq_y4V_UDAq7cA&_nc_oc=AdoVmtv957LsRilB60d6_cs5_IyifzJRe4f9Dh_kJTaTkZkfo6kaR792F94MERQcg3M&ccb=10-5&oh=00_Af7xDq7yI1CMQwITfSFM_eTcSwQ7lIrXilRs6bKT5aaULA&oe=6A3963F0&_nc_sid=201bca",
        "SOURCE_URL": "https://www.mapillary.com/app/?pKey=1139586649840740",
        "SAMPLE_MUNICIPALITY": "Medford",
        "SAMPLE_STREET_NAME": "SALEM STREET",
        "SAMPLE_SEGMENT_ID": 364090,
        "SAMPLE_LAT": 42.4191903111907,
        "SAMPLE_LNG": -71.105421300116
      }
    },
    {
      "type": "Feature",
      "geometry": {
        "type": "Point",
        "coordinates": [
          -71.106251091228,
          42.418667848594
        ]
      },
      "properties": {
        "PROVIDER": "mapillary",
        "IMAGE_ID": "217606439830700",
        "SEQUENCE_ID": "-HUCkmCr5e84kG2F8fKFMQ",
        "CAPTURED_AT": 1506972746100,
        "HEADING": 247.37399974364,
        "IMAGE_THUMB_URL": "https://scontent-bos5-1.xx.fbcdn.net/m1/v/t6/An8q-XS3mlmhpyFZCNyr2mMCZamYNVEWIDEXE3Ij2DvF46Av_asu9Ze3R0BEHS9jUZlY1eyrYmPw66AZ1Ob3mn-srJvjMOilkEY0UkobgF4H2zxFQ5TI9MNFw9I0-5x8TlnZ5REEmcujcN6jw5ODGek?stp=s256x144&edm=AOnQwmMEAAAA&_nc_gid=JX8EPkv8Nq_y4V_UDAq7cA&_nc_oc=AdqEvqHy0UqHPHmSU25FWUG9O4z_Oz574q0YgMUpAqbCsv2k5xXKxI0TLs-Rag8ojMo&ccb=10-5&oh=00_Af7NFyFqXLViM7SdAsPXiZ7XaY3lat5zYEikJDPPpUOZ9w&oe=6A3950AA&_nc_sid=201bca",
        "IMAGE_PREVIEW_URL": "https://scontent-bos5-1.xx.fbcdn.net/m1/v/t6/An8q-XS3mlmhpyFZCNyr2mMCZamYNVEWIDEXE3Ij2DvF46Av_asu9Ze3R0BEHS9jUZlY1eyrYmPw66AZ1Ob3mn-srJvjMOilkEY0UkobgF4H2zxFQ5TI9MNFw9I0-5x8TlnZ5REEmcujcN6jw5ODGek?stp=s1024x576&edm=AOnQwmMEAAAA&_nc_gid=JX8EPkv8Nq_y4V_UDAq7cA&_nc_oc=AdqEvqHy0UqHPHmSU25FWUG9O4z_Oz574q0YgMUpAqbCsv2k5xXKxI0TLs-Rag8ojMo&ccb=10-5&oh=00_Af43PyFACkYpclqH2IzdISliHltleYpYU4Ks0eK_VQLBLA&oe=6A3950AA&_nc_sid=201bca",
        "IMAGE_ORIGINAL_URL": "https://scontent-bos5-1.xx.fbcdn.net/m1/v/t6/An8q-XS3mlmhpyFZCNyr2mMCZamYNVEWIDEXE3Ij2DvF46Av_asu9Ze3R0BEHS9jUZlY1eyrYmPw66AZ1Ob3mn-srJvjMOilkEY0UkobgF4H2zxFQ5TI9MNFw9I0-5x8TlnZ5REEmcujcN6jw5ODGek?edm=AOnQwmMEAAAA&_nc_gid=JX8EPkv8Nq_y4V_UDAq7cA&_nc_oc=AdqEvqHy0UqHPHmSU25FWUG9O4z_Oz574q0YgMUpAqbCsv2k5xXKxI0TLs-Rag8ojMo&ccb=10-5&oh=00_Af5Pdu1BU4cOKAnvOkoBHyxxJpLj1xnqM-gDpIDcWsr1Cg&oe=6A3950AA&_nc_sid=201bca",
        "SOURCE_URL": "https://www.mapillary.com/app/?pKey=217606439830700",
        "SAMPLE_MUNICIPALITY": "Medford",
        "SAMPLE_STREET_NAME": "SALEM STREET",
        "SAMPLE_SEGMENT_ID": 364090,
        "SAMPLE_LAT": 42.4191903111907,
        "SAMPLE_LNG": -71.105421300116
      }
    },
    {
      "type": "Feature",
      "geometry": {
        "type": "Point",
        "coordinates": [
          -71.106260519834,
          42.418664156985
        ]
      },
      "properties": {
        "PROVIDER": "mapillary",
        "IMAGE_ID": "1483684341962706",
        "SEQUENCE_ID": "-HUCkmCr5e84kG2F8fKFMQ",
        "CAPTURED_AT": 1506972747000,
        "HEADING": 243.35750335547,
        "IMAGE_THUMB_URL": "https://scontent-bos5-1.xx.fbcdn.net/m1/v/t6/An-d6x230mlzpJSh9QQn8CRZHkbbtUAaHSh_-6L8-PUnbW9gAvTKi2ieHdDEWUoLhiuLTDPEyPwjeLDdztpXpXD6fUJo8pOMV0wFnWiVZMzrQ4l-nx5bHnooS7jEP7Hsfs2g8YUL9fBTs63KikUe6Q?stp=s256x144&edm=AOnQwmMEAAAA&_nc_gid=JX8EPkv8Nq_y4V_UDAq7cA&_nc_oc=AdrmNUXBvxvUIFqC02y9LrPIJhU-NxpF-RiulXfSkmxYMmbbydz54-fRwUt6hpXXbFg&ccb=10-5&oh=00_Af5SOHn5FzVGRXydpSbcxq36wvq-Ux6wKGLjfE8cbrXwmA&oe=6A394049&_nc_sid=201bca",
        "IMAGE_PREVIEW_URL": "https://scontent-bos5-1.xx.fbcdn.net/m1/v/t6/An-d6x230mlzpJSh9QQn8CRZHkbbtUAaHSh_-6L8-PUnbW9gAvTKi2ieHdDEWUoLhiuLTDPEyPwjeLDdztpXpXD6fUJo8pOMV0wFnWiVZMzrQ4l-nx5bHnooS7jEP7Hsfs2g8YUL9fBTs63KikUe6Q?stp=s1024x576&edm=AOnQwmMEAAAA&_nc_gid=JX8EPkv8Nq_y4V_UDAq7cA&_nc_oc=AdrmNUXBvxvUIFqC02y9LrPIJhU-NxpF-RiulXfSkmxYMmbbydz54-fRwUt6hpXXbFg&ccb=10-5&oh=00_Af7YGBRoW3DMSFDCaSEjhzSvXzu9xYjFwX5S0pSXF75XGQ&oe=6A394049&_nc_sid=201bca",
        "IMAGE_ORIGINAL_URL": "https://scontent-bos5-1.xx.fbcdn.net/m1/v/t6/An-d6x230mlzpJSh9QQn8CRZHkbbtUAaHSh_-6L8-PUnbW9gAvTKi2ieHdDEWUoLhiuLTDPEyPwjeLDdztpXpXD6fUJo8pOMV0wFnWiVZMzrQ4l-nx5bHnooS7jEP7Hsfs2g8YUL9fBTs63KikUe6Q?edm=AOnQwmMEAAAA&_nc_gid=JX8EPkv8Nq_y4V_UDAq7cA&_nc_oc=AdrmNUXBvxvUIFqC02y9LrPIJhU-NxpF-RiulXfSkmxYMmbbydz54-fRwUt6hpXXbFg&ccb=10-5&oh=00_Af77Nj80nN8B-AUy76dOJfY7SUk9N4hGhlWjC5Y6K_9AlA&oe=6A394049&_nc_sid=201bca",
        "SOURCE_URL": "https://www.mapillary.com/app/?pKey=1483684341962706",
        "SAMPLE_MUNICIPALITY": "Medford",
        "SAMPLE_STREET_NAME": "SALEM STREET",
        "SAMPLE_SEGMENT_ID": 364090,
        "SAMPLE_LAT": 42.4191903111907,
        "SAMPLE_LNG": -71.105421300116
      }
    },
    {
      "type": "Feature",
      "geometry": {
        "type": "Point",
        "coordinates": [
          -71.106262365061,
          42.418663451096
        ]
      },
      "properties": {
        "PROVIDER": "mapillary",
        "IMAGE_ID": "524194631941061",
        "SEQUENCE_ID": "-HUCkmCr5e84kG2F8fKFMQ",
        "CAPTURED_AT": 1506972747600,
        "HEADING": 243.35724482443,
        "IMAGE_THUMB_URL": "https://scontent-bos5-1.xx.fbcdn.net/m1/v/t6/An9vlkw6CiEweJxDQ4gcQepXnpNWJ-eSyOYsCwLUrSJKan9ZYs0uqzgxEpV9IXTkTzpRiFv-k-FrqB6P7BR3TDGPh0Q3mDGun_sAojaLPvdnULmevcwcAj8W-fZEfGLzOnapin7RtZPaUcD0Q02l0w?stp=s256x144&edm=AOnQwmMEAAAA&_nc_gid=JX8EPkv8Nq_y4V_UDAq7cA&_nc_oc=Adq_O1cuITusxd6WyvS0vJNn2aC6ZxMQ7Cu7_P5Fz5doRohTquxIF-VIhHckZTXJhF4&ccb=10-5&oh=00_Af6YaPXtQApNqVSdP6AWAJWHXCCzD51ese4vjbRKuZLxEw&oe=6A393E5A&_nc_sid=201bca",
        "IMAGE_PREVIEW_URL": "https://scontent-bos5-1.xx.fbcdn.net/m1/v/t6/An9vlkw6CiEweJxDQ4gcQepXnpNWJ-eSyOYsCwLUrSJKan9ZYs0uqzgxEpV9IXTkTzpRiFv-k-FrqB6P7BR3TDGPh0Q3mDGun_sAojaLPvdnULmevcwcAj8W-fZEfGLzOnapin7RtZPaUcD0Q02l0w?stp=s1024x576&edm=AOnQwmMEAAAA&_nc_gid=JX8EPkv8Nq_y4V_UDAq7cA&_nc_oc=Adq_O1cuITusxd6WyvS0vJNn2aC6ZxMQ7Cu7_P5Fz5doRohTquxIF-VIhHckZTXJhF4&ccb=10-5&oh=00_Af6XWFjs1oQaZbEuMON-qdW6uk_nvelxByFOMZ0HKKR3ZA&oe=6A393E5A&_nc_sid=201bca",
        "IMAGE_ORIGINAL_URL": "https://scontent-bos5-1.xx.fbcdn.net/m1/v/t6/An9vlkw6CiEweJxDQ4gcQepXnpNWJ-eSyOYsCwLUrSJKan9ZYs0uqzgxEpV9IXTkTzpRiFv-k-FrqB6P7BR3TDGPh0Q3mDGun_sAojaLPvdnULmevcwcAj8W-fZEfGLzOnapin7RtZPaUcD0Q02l0w?edm=AOnQwmMEAAAA&_nc_gid=JX8EPkv8Nq_y4V_UDAq7cA&_nc_oc=Adq_O1cuITusxd6WyvS0vJNn2aC6ZxMQ7Cu7_P5Fz5doRohTquxIF-VIhHckZTXJhF4&ccb=10-5&oh=00_Af6sosCLkvhf2bddBXCxIS_2gmV9PjGIEONYcY05EPv4uw&oe=6A393E5A&_nc_sid=201bca",
        "SOURCE_URL": "https://www.mapillary.com/app/?pKey=524194631941061",
        "SAMPLE_MUNICIPALITY": "Medford",
        "SAMPLE_STREET_NAME": "SALEM STREET",
        "SAMPLE_SEGMENT_ID": 364090,
        "SAMPLE_LAT": 42.4191903111907,
        "SAMPLE_LNG": -71.105421300116
      }
    },
    {
      "type": "Feature",
      "geometry": {
        "type": "Point",
        "coordinates": [
          -71.106169105156,
          42.418647346315
        ]
      },
      "properties": {
        "PROVIDER": "mapillary",
        "IMAGE_ID": "466682791231446",
        "SEQUENCE_ID": "dmrjph964kvpo1jr0jun6h",
        "CAPTURED_AT": 1426334414000,
        "HEADING": 37.06799,
        "IMAGE_THUMB_URL": "https://scontent-bos5-1.xx.fbcdn.net/m1/v/t6/An_V8lR-Tlugyaz6RrG0y4izZQmQtLx6M0ESuDasgvj6n1x3btMRRay92tqGxz0bWUs_oSbWgvAMlY_JFVnhGLMDPuSgf6-R6iQqBS26l4-ULRl89vcZJaNs5-V7VSszradDh4rnpPL2Kk94kKMjaQ?stp=s256x192&edm=AOnQwmMEAAAA&_nc_gid=JX8EPkv8Nq_y4V_UDAq7cA&_nc_oc=AdoUC3FYiHdrNnIajWMTfFAkmm7xY3KQI7Zmsurne4svtIqKlDjTHPJ0vQXfMnyrT98&ccb=10-5&oh=00_Af7-vRgqnD4xTRYOrkrbHIZDvIFf_rpk06QqwPJL7pbL9g&oe=6A3964CE&_nc_sid=201bca",
        "IMAGE_PREVIEW_URL": "https://scontent-bos5-1.xx.fbcdn.net/m1/v/t6/An_V8lR-Tlugyaz6RrG0y4izZQmQtLx6M0ESuDasgvj6n1x3btMRRay92tqGxz0bWUs_oSbWgvAMlY_JFVnhGLMDPuSgf6-R6iQqBS26l4-ULRl89vcZJaNs5-V7VSszradDh4rnpPL2Kk94kKMjaQ?stp=s1024x768&edm=AOnQwmMEAAAA&_nc_gid=JX8EPkv8Nq_y4V_UDAq7cA&_nc_oc=AdoUC3FYiHdrNnIajWMTfFAkmm7xY3KQI7Zmsurne4svtIqKlDjTHPJ0vQXfMnyrT98&ccb=10-5&oh=00_Af7sMvTXzm7b33jColvBz3eYrVZWXNKok9sy8w9XqIQ0IA&oe=6A3964CE&_nc_sid=201bca",
        "IMAGE_ORIGINAL_URL": "https://scontent-bos5-1.xx.fbcdn.net/m1/v/t6/An_V8lR-Tlugyaz6RrG0y4izZQmQtLx6M0ESuDasgvj6n1x3btMRRay92tqGxz0bWUs_oSbWgvAMlY_JFVnhGLMDPuSgf6-R6iQqBS26l4-ULRl89vcZJaNs5-V7VSszradDh4rnpPL2Kk94kKMjaQ?edm=AOnQwmMEAAAA&_nc_gid=JX8EPkv8Nq_y4V_UDAq7cA&_nc_oc=AdoUC3FYiHdrNnIajWMTfFAkmm7xY3KQI7Zmsurne4svtIqKlDjTHPJ0vQXfMnyrT98&ccb=10-5&oh=00_Af6eTjE2nel4pK7j2M94-LL0zI_bhWqwysl4MRQW8sQYvA&oe=6A3964CE&_nc_sid=201bca",
        "SOURCE_URL": "https://www.mapillary.com/app/?pKey=466682791231446",
        "SAMPLE_MUNICIPALITY": "Medford",
        "SAMPLE_STREET_NAME": "SALEM STREET",
        "SAMPLE_SEGMENT_ID": 364090,
        "SAMPLE_LAT": 42.4191903111907,
        "SAMPLE_LNG": -71.105421300116
      }
    },
    {
      "type": "Feature",
      "geometry": {
        "type": "Point",
        "coordinates": [
          -71.106259177965,
          42.418664665503
        ]
      },
      "properties": {
        "PROVIDER": "mapillary",
        "IMAGE_ID": "1199416210529303",
        "SEQUENCE_ID": "-HUCkmCr5e84kG2F8fKFMQ",
        "CAPTURED_AT": 1506972746800,
        "HEADING": 247.37363465325,
        "IMAGE_THUMB_URL": "https://scontent-bos5-1.xx.fbcdn.net/m1/v/t6/An9KqiLPjNTeEECcZjzirgBPvo0Y8wzWq2o5QwxXoiLRqb0cBwWLhaI0OWViw9fgWu4WDuhDh2DZ7IZfUjZVr2th99pTfAC7QOraMfDtPyycP1fi_9o4do5iuoAqDY47IgAivz1VJdWfDGSE0syzfQ?stp=s256x144&edm=AOnQwmMEAAAA&_nc_gid=JX8EPkv8Nq_y4V_UDAq7cA&_nc_oc=AdocLWkzyyoprzHSFJmaCp1R2y8io5ld8Dvp_ddRUZulNotnU3KC21doEOqGEMawrmE&ccb=10-5&oh=00_Af59zvfLfninA8-D0JJrw9Y39a6XFdrsxkjdvv-ny1C0PQ&oe=6A394BD1&_nc_sid=201bca",
        "IMAGE_PREVIEW_URL": "https://scontent-bos5-1.xx.fbcdn.net/m1/v/t6/An9KqiLPjNTeEECcZjzirgBPvo0Y8wzWq2o5QwxXoiLRqb0cBwWLhaI0OWViw9fgWu4WDuhDh2DZ7IZfUjZVr2th99pTfAC7QOraMfDtPyycP1fi_9o4do5iuoAqDY47IgAivz1VJdWfDGSE0syzfQ?stp=s1024x576&edm=AOnQwmMEAAAA&_nc_gid=JX8EPkv8Nq_y4V_UDAq7cA&_nc_oc=AdocLWkzyyoprzHSFJmaCp1R2y8io5ld8Dvp_ddRUZulNotnU3KC21doEOqGEMawrmE&ccb=10-5&oh=00_Af51i_EEw06_qFx_qLZ26B8OgD-u2-GJbk7TNzdag9YZKg&oe=6A394BD1&_nc_sid=201bca",
        "IMAGE_ORIGINAL_URL": "https://scontent-bos5-1.xx.fbcdn.net/m1/v/t6/An9KqiLPjNTeEECcZjzirgBPvo0Y8wzWq2o5QwxXoiLRqb0cBwWLhaI0OWViw9fgWu4WDuhDh2DZ7IZfUjZVr2th99pTfAC7QOraMfDtPyycP1fi_9o4do5iuoAqDY47IgAivz1VJdWfDGSE0syzfQ?edm=AOnQwmMEAAAA&_nc_gid=JX8EPkv8Nq_y4V_UDAq7cA&_nc_oc=AdocLWkzyyoprzHSFJmaCp1R2y8io5ld8Dvp_ddRUZulNotnU3KC21doEOqGEMawrmE&ccb=10-5&oh=00_Af5BQgjELzREW9dNt3i4vrHstQRN7a7-b1ZKXqZpsZQ99A&oe=6A394BD1&_nc_sid=201bca",
        "SOURCE_URL": "https://www.mapillary.com/app/?pKey=1199416210529303",
        "SAMPLE_MUNICIPALITY": "Medford",
        "SAMPLE_STREET_NAME": "SALEM STREET",
        "SAMPLE_SEGMENT_ID": 364090,
        "SAMPLE_LAT": 42.4191903111907,
        "SAMPLE_LNG": -71.105421300116
      }
    },
    {
      "type": "Feature",
      "geometry": {
        "type": "Point",
        "coordinates": [
          -71.106076858433,
          42.418748089192
        ]
      },
      "properties": {
        "PROVIDER": "mapillary",
        "IMAGE_ID": "105948894911482",
        "SEQUENCE_ID": "-HUCkmCr5e84kG2F8fKFMQ",
        "CAPTURED_AT": 1506972742300,
        "HEADING": 225.2372408983,
        "IMAGE_THUMB_URL": "https://scontent-bos5-1.xx.fbcdn.net/m1/v/t6/An-ACR7cbF4JrfFHRR5M3ixAoZKzw1_jMgR6ph2D-dOnt-q6IJl1AZYC8x_YbirDVpra6wC1ib9tBoXTNsOm0GKApYi88F8UoIryKNOBL4X04bRPfsZ3JrwMe7_8929Qbo-gKC7GqZ0YLSRgoIcDsUo?stp=s256x144&edm=AOnQwmMEAAAA&_nc_gid=JX8EPkv8Nq_y4V_UDAq7cA&_nc_oc=AdrPp5bZCNToI45pYbJLe2D7I65PvLVo6MDtViYz4al5PlkCQQ35k6Vf9aN0yHYtmwE&ccb=10-5&oh=00_Af4kIlHJ0O3UVEj8tjY2DNf7GBbMX5mMnhJJP8dB-p5l4Q&oe=6A39488E&_nc_sid=201bca",
        "IMAGE_PREVIEW_URL": "https://scontent-bos5-1.xx.fbcdn.net/m1/v/t6/An-ACR7cbF4JrfFHRR5M3ixAoZKzw1_jMgR6ph2D-dOnt-q6IJl1AZYC8x_YbirDVpra6wC1ib9tBoXTNsOm0GKApYi88F8UoIryKNOBL4X04bRPfsZ3JrwMe7_8929Qbo-gKC7GqZ0YLSRgoIcDsUo?stp=s1024x576&edm=AOnQwmMEAAAA&_nc_gid=JX8EPkv8Nq_y4V_UDAq7cA&_nc_oc=AdrPp5bZCNToI45pYbJLe2D7I65PvLVo6MDtViYz4al5PlkCQQ35k6Vf9aN0yHYtmwE&ccb=10-5&oh=00_Af5Hl3zaGAhfWu_ywmgqLIyPFHTGtCIzHOcCi25dbLa8LA&oe=6A39488E&_nc_sid=201bca",
        "IMAGE_ORIGINAL_URL": "https://scontent-bos5-1.xx.fbcdn.net/m1/v/t6/An-ACR7cbF4JrfFHRR5M3ixAoZKzw1_jMgR6ph2D-dOnt-q6IJl1AZYC8x_YbirDVpra6wC1ib9tBoXTNsOm0GKApYi88F8UoIryKNOBL4X04bRPfsZ3JrwMe7_8929Qbo-gKC7GqZ0YLSRgoIcDsUo?edm=AOnQwmMEAAAA&_nc_gid=JX8EPkv8Nq_y4V_UDAq7cA&_nc_oc=AdrPp5bZCNToI45pYbJLe2D7I65PvLVo6MDtViYz4al5PlkCQQ35k6Vf9aN0yHYtmwE&ccb=10-5&oh=00_Af43Nxa3cgjCYiLM0K_kRSYnrRT7C_0oVEPq8FIKSQe6TQ&oe=6A39488E&_nc_sid=201bca",
        "SOURCE_URL": "https://www.mapillary.com/app/?pKey=105948894911482",
        "SAMPLE_MUNICIPALITY": "Medford",
        "SAMPLE_STREET_NAME": "SALEM STREET",
        "SAMPLE_SEGMENT_ID": 364090,
        "SAMPLE_LAT": 42.4191903111907,
        "SAMPLE_LNG": -71.105421300116
      }
    },
    {
      "type": "Feature",
      "geometry": {
        "type": "Point",
        "coordinates": [
          -71.106258379545,
          42.418664989315
        ]
      },
      "properties": {
        "PROVIDER": "mapillary",
        "IMAGE_ID": "1031009923972123",
        "SEQUENCE_ID": "-HUCkmCr5e84kG2F8fKFMQ",
        "CAPTURED_AT": 1506972746700,
        "HEADING": 247.37428627327,
        "IMAGE_THUMB_URL": "https://scontent-bos5-1.xx.fbcdn.net/m1/v/t6/An_wQ-SFj9AhyJkad7HJ1Y3HvfB-HicsEa3hgauqE8YLsmtx6hEv-OIrEnAJUJFrg3cvOALytL_AhUxw3BhiN1zqL8KYyCwFj2KQFrIkxvSShazIDMzn9vHI6A_Iub0iKOosNHN29rHl_i0GCeE4mUY?stp=s256x144&edm=AOnQwmMEAAAA&_nc_gid=JX8EPkv8Nq_y4V_UDAq7cA&_nc_oc=Adp4UGdg4KeLal5Nal8DS07ssw9zpY4ahxn6WixdsAy-xJtIz8bgYS5kp3DxzEC0IMw&ccb=10-5&oh=00_Af4zRw0iM-R0LEgjQK9CWiXIUnzqA_NNe1eQOR4jiGro6g&oe=6A3960BC&_nc_sid=201bca",
        "IMAGE_PREVIEW_URL": "https://scontent-bos5-1.xx.fbcdn.net/m1/v/t6/An_wQ-SFj9AhyJkad7HJ1Y3HvfB-HicsEa3hgauqE8YLsmtx6hEv-OIrEnAJUJFrg3cvOALytL_AhUxw3BhiN1zqL8KYyCwFj2KQFrIkxvSShazIDMzn9vHI6A_Iub0iKOosNHN29rHl_i0GCeE4mUY?stp=s1024x576&edm=AOnQwmMEAAAA&_nc_gid=JX8EPkv8Nq_y4V_UDAq7cA&_nc_oc=Adp4UGdg4KeLal5Nal8DS07ssw9zpY4ahxn6WixdsAy-xJtIz8bgYS5kp3DxzEC0IMw&ccb=10-5&oh=00_Af7zTlhwzbLwkSA1WETc-Zu9aC45bTcVo-pd8aFFMpWdrQ&oe=6A3960BC&_nc_sid=201bca",
        "IMAGE_ORIGINAL_URL": "https://scontent-bos5-1.xx.fbcdn.net/m1/v/t6/An_wQ-SFj9AhyJkad7HJ1Y3HvfB-HicsEa3hgauqE8YLsmtx6hEv-OIrEnAJUJFrg3cvOALytL_AhUxw3BhiN1zqL8KYyCwFj2KQFrIkxvSShazIDMzn9vHI6A_Iub0iKOosNHN29rHl_i0GCeE4mUY?edm=AOnQwmMEAAAA&_nc_gid=JX8EPkv8Nq_y4V_UDAq7cA&_nc_oc=Adp4UGdg4KeLal5Nal8DS07ssw9zpY4ahxn6WixdsAy-xJtIz8bgYS5kp3DxzEC0IMw&ccb=10-5&oh=00_Af5e0pundMJxUiFIevOep0gdIF-Q8FIXJGQf0QNrAS9nXQ&oe=6A3960BC&_nc_sid=201bca",
        "SOURCE_URL": "https://www.mapillary.com/app/?pKey=1031009923972123",
        "SAMPLE_MUNICIPALITY": "Medford",
        "SAMPLE_STREET_NAME": "SALEM STREET",
        "SAMPLE_SEGMENT_ID": 364090,
        "SAMPLE_LAT": 42.4191903111907,
        "SAMPLE_LNG": -71.105421300116
      }
    },
    {
      "type": "Feature",
      "geometry": {
        "type": "Point",
        "coordinates": [
          -71.106259888164,
          42.418664406811
        ]
      },
      "properties": {
        "PROVIDER": "mapillary",
        "IMAGE_ID": "500834714451519",
        "SEQUENCE_ID": "-HUCkmCr5e84kG2F8fKFMQ",
        "CAPTURED_AT": 1506972746900,
        "HEADING": 247.3738312387,
        "IMAGE_THUMB_URL": "https://scontent-bos5-1.xx.fbcdn.net/m1/v/t6/An9eNLeoT4Rbkv6SD9gdssXUrBIJ53A34j5ma96wYhAuwSHRFZL_huM0qioaOv3e9J4ZX6j01GY693WiivwAPXnATjbebaAfhxn8kIgOpw6nXBwRAsepzsTE7xOvN1Zh26Ch5M6YvB9QVUpWl544CA?stp=s256x144&edm=AOnQwmMEAAAA&_nc_gid=JX8EPkv8Nq_y4V_UDAq7cA&_nc_oc=Adq2JPlOwvfPtbiQCgmwM6Qlswd_gyHg5ZvREW2LIHMascuKlbOa6ItnJDdauaqpXiE&ccb=10-5&oh=00_Af6IrlP3YRnpp70mhoROXLXYv31fEjPOmvki5hnRi8zsSg&oe=6A394629&_nc_sid=201bca",
        "IMAGE_PREVIEW_URL": "https://scontent-bos5-1.xx.fbcdn.net/m1/v/t6/An9eNLeoT4Rbkv6SD9gdssXUrBIJ53A34j5ma96wYhAuwSHRFZL_huM0qioaOv3e9J4ZX6j01GY693WiivwAPXnATjbebaAfhxn8kIgOpw6nXBwRAsepzsTE7xOvN1Zh26Ch5M6YvB9QVUpWl544CA?stp=s1024x576&edm=AOnQwmMEAAAA&_nc_gid=JX8EPkv8Nq_y4V_UDAq7cA&_nc_oc=Adq2JPlOwvfPtbiQCgmwM6Qlswd_gyHg5ZvREW2LIHMascuKlbOa6ItnJDdauaqpXiE&ccb=10-5&oh=00_Af4K_1MxlNIMqygVCHzllhGoUAHMKb6jVWBPWVEHvC5IJQ&oe=6A394629&_nc_sid=201bca",
        "IMAGE_ORIGINAL_URL": "https://scontent-bos5-1.xx.fbcdn.net/m1/v/t6/An9eNLeoT4Rbkv6SD9gdssXUrBIJ53A34j5ma96wYhAuwSHRFZL_huM0qioaOv3e9J4ZX6j01GY693WiivwAPXnATjbebaAfhxn8kIgOpw6nXBwRAsepzsTE7xOvN1Zh26Ch5M6YvB9QVUpWl544CA?edm=AOnQwmMEAAAA&_nc_gid=JX8EPkv8Nq_y4V_UDAq7cA&_nc_oc=Adq2JPlOwvfPtbiQCgmwM6Qlswd_gyHg5ZvREW2LIHMascuKlbOa6ItnJDdauaqpXiE&ccb=10-5&oh=00_Af4L5IBRp5rE8JakF2VGJFSEA7tGjbhIviPWQIrZu4AKmg&oe=6A394629&_nc_sid=201bca",
        "SOURCE_URL": "https://www.mapillary.com/app/?pKey=500834714451519",
        "SAMPLE_MUNICIPALITY": "Medford",
        "SAMPLE_STREET_NAME": "SALEM STREET",
        "SAMPLE_SEGMENT_ID": 364090,
        "SAMPLE_LAT": 42.4191903111907,
        "SAMPLE_LNG": -71.105421300116
      }
    },
    {
      "type": "Feature",
      "geometry": {
        "type": "Point",
        "coordinates": [
          -71.106255293837,
          42.418666209278
        ]
      },
      "properties": {
        "PROVIDER": "mapillary",
        "IMAGE_ID": "2888547161357566",
        "SEQUENCE_ID": "-HUCkmCr5e84kG2F8fKFMQ",
        "CAPTURED_AT": 1506972746400,
        "HEADING": 247.37363212218,
        "IMAGE_THUMB_URL": "https://scontent-bos5-1.xx.fbcdn.net/m1/v/t6/An-hCEe-nMV4h5WnlPWSu2EGG5fMLV_Itya_ZTM1SMaYG7CIaKDQd3Jc_a6dDop8j-xT5RTLkgz4NCN0sF-sFd3TUBra7jM-ews527rKB-JsBJdNwFycjW7fq2O849y0hUYpPi9J6rlDMUQVqb4lyg?stp=s256x144&edm=AOnQwmMEAAAA&_nc_gid=JX8EPkv8Nq_y4V_UDAq7cA&_nc_oc=Adrh63W7Ozu8M4dLyOfcjoHgneykACUEYBwbiJ1XakqwTssr7yNsqvPpPnr2dmd8IwY&ccb=10-5&oh=00_Af4ny9LauzE3eXFP-DFYZrEa4YBuBzWl7EUNc5aKQNUf_Q&oe=6A393AD2&_nc_sid=201bca",
        "IMAGE_PREVIEW_URL": "https://scontent-bos5-1.xx.fbcdn.net/m1/v/t6/An-hCEe-nMV4h5WnlPWSu2EGG5fMLV_Itya_ZTM1SMaYG7CIaKDQd3Jc_a6dDop8j-xT5RTLkgz4NCN0sF-sFd3TUBra7jM-ews527rKB-JsBJdNwFycjW7fq2O849y0hUYpPi9J6rlDMUQVqb4lyg?stp=s1024x576&edm=AOnQwmMEAAAA&_nc_gid=JX8EPkv8Nq_y4V_UDAq7cA&_nc_oc=Adrh63W7Ozu8M4dLyOfcjoHgneykACUEYBwbiJ1XakqwTssr7yNsqvPpPnr2dmd8IwY&ccb=10-5&oh=00_Af5Hysx0LevKsHo04tuxNCFmC_cwbe8RhUhn9QsAdox0JQ&oe=6A393AD2&_nc_sid=201bca",
        "IMAGE_ORIGINAL_URL": "https://scontent-bos5-1.xx.fbcdn.net/m1/v/t6/An-hCEe-nMV4h5WnlPWSu2EGG5fMLV_Itya_ZTM1SMaYG7CIaKDQd3Jc_a6dDop8j-xT5RTLkgz4NCN0sF-sFd3TUBra7jM-ews527rKB-JsBJdNwFycjW7fq2O849y0hUYpPi9J6rlDMUQVqb4lyg?edm=AOnQwmMEAAAA&_nc_gid=JX8EPkv8Nq_y4V_UDAq7cA&_nc_oc=Adrh63W7Ozu8M4dLyOfcjoHgneykACUEYBwbiJ1XakqwTssr7yNsqvPpPnr2dmd8IwY&ccb=10-5&oh=00_Af4oR7BBIcuXc12Ro1WDu-0hz-pXEpbWmGVROEDtQGPG0Q&oe=6A393AD2&_nc_sid=201bca",
        "SOURCE_URL": "https://www.mapillary.com/app/?pKey=2888547161357566",
        "SAMPLE_MUNICIPALITY": "Medford",
        "SAMPLE_STREET_NAME": "SALEM STREET",
        "SAMPLE_SEGMENT_ID": 364090,
        "SAMPLE_LAT": 42.4191903111907,
        "SAMPLE_LNG": -71.105421300116
      }
    },
    {
      "type": "Feature",
      "geometry": {
        "type": "Point",
        "coordinates": [
          -71.106257488795,
          42.418665375694
        ]
      },
      "properties": {
        "PROVIDER": "mapillary",
        "IMAGE_ID": "1107443423078544",
        "SEQUENCE_ID": "-HUCkmCr5e84kG2F8fKFMQ",
        "CAPTURED_AT": 1506972746600,
        "HEADING": 247.37391599108,
        "IMAGE_THUMB_URL": "https://scontent-bos5-1.xx.fbcdn.net/m1/v/t6/An9tLRJe4jIynuIomNTAeRrgxiGJOg8J7wWkkR7sqzWjrSDSUXKTdgb3jDycgbYEGLP1h5zGsCrdUuGEdYMyViYBbLqrdLzrgJhvNFteotpEBdgDVgqcxcSLJ0sy3TW6sCN8IIW3JtBqFqk3GyDdvg?stp=s256x144&edm=AOnQwmMEAAAA&_nc_gid=JX8EPkv8Nq_y4V_UDAq7cA&_nc_oc=Ado7P13XFmmtu_vWUw-JnVXZA8kQnkch3gN1z5rlOM9Je_A2KCuTd4wHUYhG1rtiovE&ccb=10-5&oh=00_Af4XgFAJL-qWaUrTW0s5NHtPalS8jYcpljpRNdA2DBqOww&oe=6A39636A&_nc_sid=201bca",
        "IMAGE_PREVIEW_URL": "https://scontent-bos5-1.xx.fbcdn.net/m1/v/t6/An9tLRJe4jIynuIomNTAeRrgxiGJOg8J7wWkkR7sqzWjrSDSUXKTdgb3jDycgbYEGLP1h5zGsCrdUuGEdYMyViYBbLqrdLzrgJhvNFteotpEBdgDVgqcxcSLJ0sy3TW6sCN8IIW3JtBqFqk3GyDdvg?stp=s1024x576&edm=AOnQwmMEAAAA&_nc_gid=JX8EPkv8Nq_y4V_UDAq7cA&_nc_oc=Ado7P13XFmmtu_vWUw-JnVXZA8kQnkch3gN1z5rlOM9Je_A2KCuTd4wHUYhG1rtiovE&ccb=10-5&oh=00_Af5ehJjIh3uucEjURv18cmbpnR0PwM-J3zLM2-S6_VYiGA&oe=6A39636A&_nc_sid=201bca",
        "IMAGE_ORIGINAL_URL": "https://scontent-bos5-1.xx.fbcdn.net/m1/v/t6/An9tLRJe4jIynuIomNTAeRrgxiGJOg8J7wWkkR7sqzWjrSDSUXKTdgb3jDycgbYEGLP1h5zGsCrdUuGEdYMyViYBbLqrdLzrgJhvNFteotpEBdgDVgqcxcSLJ0sy3TW6sCN8IIW3JtBqFqk3GyDdvg?edm=AOnQwmMEAAAA&_nc_gid=JX8EPkv8Nq_y4V_UDAq7cA&_nc_oc=Ado7P13XFmmtu_vWUw-JnVXZA8kQnkch3gN1z5rlOM9Je_A2KCuTd4wHUYhG1rtiovE&ccb=10-5&oh=00_Af769LFKdZMS5yVSZ2GS-_HzPGOvI4rAzBjoyVe5DTSNWw&oe=6A39636A&_nc_sid=201bca",
        "SOURCE_URL": "https://www.mapillary.com/app/?pKey=1107443423078544",
        "SAMPLE_MUNICIPALITY": "Medford",
        "SAMPLE_STREET_NAME": "SALEM STREET",
        "SAMPLE_SEGMENT_ID": 364090,
        "SAMPLE_LAT": 42.4191903111907,
        "SAMPLE_LNG": -71.105421300116
      }
    },
    {
      "type": "Feature",
      "geometry": {
        "type": "Point",
        "coordinates": [
          -71.106262052526,
          42.418663570057
        ]
      },
      "properties": {
        "PROVIDER": "mapillary",
        "IMAGE_ID": "1624643137727779",
        "SEQUENCE_ID": "-HUCkmCr5e84kG2F8fKFMQ",
        "CAPTURED_AT": 1506972747400,
        "HEADING": 243.35750588464,
        "IMAGE_THUMB_URL": "https://scontent-bos5-1.xx.fbcdn.net/m1/v/t6/An9Kr48Zp1jyKojAOE7nxRLj_1KyH4S_Qvaoj_b3heLQoOSxqOAMzl53JGmRnUlQVtfyWH6YEv80xohrJdKdtHxxW9suPnOK-qmIOsRQ_u7fr_hIsKKW1vMep__r7GeVuvzphHxLpYup5TLxeu9jmg?stp=s256x144&edm=AOnQwmMEAAAA&_nc_gid=JX8EPkv8Nq_y4V_UDAq7cA&_nc_oc=AdrLGVaI7t9_Pa0OEH-dwuY9Mr4A8LDm52Mlj_kW4cXxDIscnyZ-Fq2iPFHbipebNRs&ccb=10-5&oh=00_Af74dBTjJc-4CEy6PrRv986e5F_0ff73hF-MUt0qB88tBQ&oe=6A39409E&_nc_sid=201bca",
        "IMAGE_PREVIEW_URL": "https://scontent-bos5-1.xx.fbcdn.net/m1/v/t6/An9Kr48Zp1jyKojAOE7nxRLj_1KyH4S_Qvaoj_b3heLQoOSxqOAMzl53JGmRnUlQVtfyWH6YEv80xohrJdKdtHxxW9suPnOK-qmIOsRQ_u7fr_hIsKKW1vMep__r7GeVuvzphHxLpYup5TLxeu9jmg?stp=s1024x576&edm=AOnQwmMEAAAA&_nc_gid=JX8EPkv8Nq_y4V_UDAq7cA&_nc_oc=AdrLGVaI7t9_Pa0OEH-dwuY9Mr4A8LDm52Mlj_kW4cXxDIscnyZ-Fq2iPFHbipebNRs&ccb=10-5&oh=00_Af4uuodJukAstEy28yGJSewPIG5Vdo1MJtSbPVxaeRiGBw&oe=6A39409E&_nc_sid=201bca",
        "IMAGE_ORIGINAL_URL": "https://scontent-bos5-1.xx.fbcdn.net/m1/v/t6/An9Kr48Zp1jyKojAOE7nxRLj_1KyH4S_Qvaoj_b3heLQoOSxqOAMzl53JGmRnUlQVtfyWH6YEv80xohrJdKdtHxxW9suPnOK-qmIOsRQ_u7fr_hIsKKW1vMep__r7GeVuvzphHxLpYup5TLxeu9jmg?edm=AOnQwmMEAAAA&_nc_gid=JX8EPkv8Nq_y4V_UDAq7cA&_nc_oc=AdrLGVaI7t9_Pa0OEH-dwuY9Mr4A8LDm52Mlj_kW4cXxDIscnyZ-Fq2iPFHbipebNRs&ccb=10-5&oh=00_Af56PrpDBqsJFW63BCWTKUZmly0pglywbrIu8EnS-GVbKw&oe=6A39409E&_nc_sid=201bca",
        "SOURCE_URL": "https://www.mapillary.com/app/?pKey=1624643137727779",
        "SAMPLE_MUNICIPALITY": "Medford",
        "SAMPLE_STREET_NAME": "SALEM STREET",
        "SAMPLE_SEGMENT_ID": 364090,
        "SAMPLE_LAT": 42.4191903111907,
        "SAMPLE_LNG": -71.105421300116
      }
    },
    {
      "type": "Feature",
      "geometry": {
        "type": "Point",
        "coordinates": [
          -71.105834029066,
          42.418895534468
        ]
      },
      "properties": {
        "PROVIDER": "mapillary",
        "IMAGE_ID": "122596519857518",
        "SEQUENCE_ID": "-HUCkmCr5e84kG2F8fKFMQ",
        "CAPTURED_AT": 1506972739400,
        "HEADING": 225.1141852724,
        "IMAGE_THUMB_URL": "https://scontent-bos5-1.xx.fbcdn.net/m1/v/t6/An-c_tcWTEViAuKEU9fdltBuEM-0KSevdP33T17YFaXo3S43LT27gWnqbKLZn08EgOuJmtG2aUoxRIrjh_KkQCjRIVvvXNtn1Jkagyxr80sKdor7xMJfMDbmGcbtMtOaiJf5SK_lXe5gkvU2UqVDbQ?stp=s256x144&edm=AOnQwmMEAAAA&_nc_gid=JX8EPkv8Nq_y4V_UDAq7cA&_nc_oc=AdrPRHpTqzUSUIzUYUtXaygJHVYn3gPkKEY3Q8TpS3OhcWwgz_uFHNDn1PtnkTLp4TE&ccb=10-5&oh=00_Af6YFw0xqGl3CCvWBoY4JKr9tdbx0HxXj1FlmaGTP3llgA&oe=6A394F6D&_nc_sid=201bca",
        "IMAGE_PREVIEW_URL": "https://scontent-bos5-1.xx.fbcdn.net/m1/v/t6/An-c_tcWTEViAuKEU9fdltBuEM-0KSevdP33T17YFaXo3S43LT27gWnqbKLZn08EgOuJmtG2aUoxRIrjh_KkQCjRIVvvXNtn1Jkagyxr80sKdor7xMJfMDbmGcbtMtOaiJf5SK_lXe5gkvU2UqVDbQ?stp=s1024x576&edm=AOnQwmMEAAAA&_nc_gid=JX8EPkv8Nq_y4V_UDAq7cA&_nc_oc=AdrPRHpTqzUSUIzUYUtXaygJHVYn3gPkKEY3Q8TpS3OhcWwgz_uFHNDn1PtnkTLp4TE&ccb=10-5&oh=00_Af5L0ctjDTUhXLo7S2W9UwZYnsgAlgVMei3FIfBkNtkV-A&oe=6A394F6D&_nc_sid=201bca",
        "IMAGE_ORIGINAL_URL": "https://scontent-bos5-1.xx.fbcdn.net/m1/v/t6/An-c_tcWTEViAuKEU9fdltBuEM-0KSevdP33T17YFaXo3S43LT27gWnqbKLZn08EgOuJmtG2aUoxRIrjh_KkQCjRIVvvXNtn1Jkagyxr80sKdor7xMJfMDbmGcbtMtOaiJf5SK_lXe5gkvU2UqVDbQ?edm=AOnQwmMEAAAA&_nc_gid=JX8EPkv8Nq_y4V_UDAq7cA&_nc_oc=AdrPRHpTqzUSUIzUYUtXaygJHVYn3gPkKEY3Q8TpS3OhcWwgz_uFHNDn1PtnkTLp4TE&ccb=10-5&oh=00_Af57hdhBzXDQ5CUgtjVTMcPvVh4jOBVfvk9CBYEK68GD-A&oe=6A394F6D&_nc_sid=201bca",
        "SOURCE_URL": "https://www.mapillary.com/app/?pKey=122596519857518",
        "SAMPLE_MUNICIPALITY": "Medford",
        "SAMPLE_STREET_NAME": "SALEM STREET",
        "SAMPLE_SEGMENT_ID": 364090,
        "SAMPLE_LAT": 42.4191903111907,
        "SAMPLE_LNG": -71.105421300116
      }
    },
    {
      "type": "Feature",
      "geometry": {
        "type": "Point",
        "coordinates": [
          -71.106256447353,
          42.418665765921
        ]
      },
      "properties": {
        "PROVIDER": "mapillary",
        "IMAGE_ID": "302597358132629",
        "SEQUENCE_ID": "-HUCkmCr5e84kG2F8fKFMQ",
        "CAPTURED_AT": 1506972746500,
        "HEADING": 247.37391553628,
        "IMAGE_THUMB_URL": "https://scontent-bos5-1.xx.fbcdn.net/m1/v/t6/An8mq0PxdhxES57PudcpWYMvlRQH1b75ZTLY62FBsivur0vop-Dkq_5NUGbTO3c8_kVN6pl0QivqvAdVqkofgYqNf8id0jRIvUb-fallJiCZ4yhvBEAfisRS_-VAGeSuh1VmEQ_-Gw9kJgZBw7znKw?stp=s256x144&edm=AOnQwmMEAAAA&_nc_gid=JX8EPkv8Nq_y4V_UDAq7cA&_nc_oc=Adrst9CW6ugmHaQYDk1tMnjTWtRMhJ7MgTeYSVDGWh4kpJNK1vpBConqK8I5rTncpxk&ccb=10-5&oh=00_Af7Ue3g7jkrXh5LRt-iGS6GJ24qIoikbbAQxrWgRfOSptw&oe=6A393E24&_nc_sid=201bca",
        "IMAGE_PREVIEW_URL": "https://scontent-bos5-1.xx.fbcdn.net/m1/v/t6/An8mq0PxdhxES57PudcpWYMvlRQH1b75ZTLY62FBsivur0vop-Dkq_5NUGbTO3c8_kVN6pl0QivqvAdVqkofgYqNf8id0jRIvUb-fallJiCZ4yhvBEAfisRS_-VAGeSuh1VmEQ_-Gw9kJgZBw7znKw?stp=s1024x576&edm=AOnQwmMEAAAA&_nc_gid=JX8EPkv8Nq_y4V_UDAq7cA&_nc_oc=Adrst9CW6ugmHaQYDk1tMnjTWtRMhJ7MgTeYSVDGWh4kpJNK1vpBConqK8I5rTncpxk&ccb=10-5&oh=00_Af5tsH9_ngL7-fT1u8oyS4v6o9mZ3E077bfy7ipQQ-4eEQ&oe=6A393E24&_nc_sid=201bca",
        "IMAGE_ORIGINAL_URL": "https://scontent-bos5-1.xx.fbcdn.net/m1/v/t6/An8mq0PxdhxES57PudcpWYMvlRQH1b75ZTLY62FBsivur0vop-Dkq_5NUGbTO3c8_kVN6pl0QivqvAdVqkofgYqNf8id0jRIvUb-fallJiCZ4yhvBEAfisRS_-VAGeSuh1VmEQ_-Gw9kJgZBw7znKw?edm=AOnQwmMEAAAA&_nc_gid=JX8EPkv8Nq_y4V_UDAq7cA&_nc_oc=Adrst9CW6ugmHaQYDk1tMnjTWtRMhJ7MgTeYSVDGWh4kpJNK1vpBConqK8I5rTncpxk&ccb=10-5&oh=00_Af7aTsjgssCv3eMgduyY0Y6pcq2urJXZdvQUvgkz2fC3pw&oe=6A393E24&_nc_sid=201bca",
        "SOURCE_URL": "https://www.mapillary.com/app/?pKey=302597358132629",
        "SAMPLE_MUNICIPALITY": "Medford",
        "SAMPLE_STREET_NAME": "SALEM STREET",
        "SAMPLE_SEGMENT_ID": 364090,
        "SAMPLE_LAT": 42.4191903111907,
        "SAMPLE_LNG": -71.105421300116
      }
    },
    {
      "type": "Feature",
      "geometry": {
        "type": "Point",
        "coordinates": [
          -71.096559795968,
          42.421686088542
        ]
      },
      "properties": {
        "PROVIDER": "mapillary",
        "IMAGE_ID": "194661359160547",
        "SEQUENCE_ID": "29HE-Ccwwa-WXqJhPOSLlQ",
        "CAPTURED_AT": 1506972573000,
        "HEADING": 253.51958693646,
        "IMAGE_THUMB_URL": "https://scontent-bos5-1.xx.fbcdn.net/m1/v/t6/An-QvjyGknc3p3r0WxvcqcX-xujioU1BCfwm1v1i-Bi9MasZz-KGCVKGhZeI9FhhYiBRy2SVQjuNuXQMXSljGP_2tF-6KpgrXA23LFJz-DyM6h-YSlhPsYZBRBufW1aAPqXSRdtry4riHLuJWuO6XQ?stp=s256x144&edm=AOnQwmMEAAAA&_nc_gid=ud-qYmT4yOyWGDaab28xEg&_nc_oc=AdoJLMjjU6ee2hVQap3Ug-KYBcLUmeu0rYcwQ5pBDJ5_i_Y4_kKh4a9LfC6489QAZxM&ccb=10-5&oh=00_Af4uv2O_9SNxtIZgo94s3lw1ds6e7cpczojZFi9wCGG4Bg&oe=6A396724&_nc_sid=201bca",
        "IMAGE_PREVIEW_URL": "https://scontent-bos5-1.xx.fbcdn.net/m1/v/t6/An-QvjyGknc3p3r0WxvcqcX-xujioU1BCfwm1v1i-Bi9MasZz-KGCVKGhZeI9FhhYiBRy2SVQjuNuXQMXSljGP_2tF-6KpgrXA23LFJz-DyM6h-YSlhPsYZBRBufW1aAPqXSRdtry4riHLuJWuO6XQ?stp=s1024x576&edm=AOnQwmMEAAAA&_nc_gid=ud-qYmT4yOyWGDaab28xEg&_nc_oc=AdoJLMjjU6ee2hVQap3Ug-KYBcLUmeu0rYcwQ5pBDJ5_i_Y4_kKh4a9LfC6489QAZxM&ccb=10-6&oh=00_Af6JZaUmC_lnZvLFz8vk7KljUYtYKcPqwQatgnUzTfCAzw&oe=6A396724&_nc_sid=201bca",
        "IMAGE_ORIGINAL_URL": "https://scontent-bos5-1.xx.fbcdn.net/m1/v/t6/An-QvjyGknc3p3r0WxvcqcX-xujioU1BCfwm1v1i-Bi9MasZz-KGCVKGhZeI9FhhYiBRy2SVQjuNuXQMXSljGP_2tF-6KpgrXA23LFJz-DyM6h-YSlhPsYZBRBufW1aAPqXSRdtry4riHLuJWuO6XQ?edm=AOnQwmMEAAAA&_nc_gid=ud-qYmT4yOyWGDaab28xEg&_nc_oc=AdoJLMjjU6ee2hVQap3Ug-KYBcLUmeu0rYcwQ5pBDJ5_i_Y4_kKh4a9LfC6489QAZxM&ccb=10-6&oh=00_Af74J98pfc_Mz5QdbnmQpcpfT1SocD89_DW6qfG_7MBt1Q&oe=6A396724&_nc_sid=201bca",
        "SOURCE_URL": "https://www.mapillary.com/app/?pKey=194661359160547",
        "SAMPLE_MUNICIPALITY": "Medford",
        "SAMPLE_STREET_NAME": "SALEM STREET",
        "SAMPLE_SEGMENT_ID": 373454,
        "SAMPLE_LAT": 42.4216426059114,
        "SAMPLE_LNG": -71.0967021334025
      }
    },
    {
      "type": "Feature",
      "geometry": {
        "type": "Point",
        "coordinates": [
          -71.096571169337,
          42.421682996963
        ]
      },
      "properties": {
        "PROVIDER": "mapillary",
        "IMAGE_ID": "203214371460749",
        "SEQUENCE_ID": "29HE-Ccwwa-WXqJhPOSLlQ",
        "CAPTURED_AT": 1506972573100,
        "HEADING": 253.51955784301,
        "IMAGE_THUMB_URL": "https://scontent-bos5-1.xx.fbcdn.net/m1/v/t6/An_W_ZEio52bG2yeCK-gb23XrawlugTxgxN_ArC-I-TWfymXZaSzP9fi6zO98lWzmVax7f1Bi5OdesVAciA03UGnIHlXkFnEvIZVN2YXFHsO3dz1uVjkbQ5gE6Nn2CxndiNgp7hh4RJBALbZMs6l5A?stp=s256x144&edm=AOnQwmMEAAAA&_nc_gid=ud-qYmT4yOyWGDaab28xEg&_nc_oc=AdoFhcMzN820MFIvEd7Clg5yFY_DDco2GVt_OXZKakbahl3wC3Y9qvxYFFqhi7r18Yw&ccb=10-5&oh=00_Af5bgonsv19cglx1UlCflsgv9i-H3c__nOz2eVie6fk1PQ&oe=6A395FAF&_nc_sid=201bca",
        "IMAGE_PREVIEW_URL": "https://scontent-bos5-1.xx.fbcdn.net/m1/v/t6/An_W_ZEio52bG2yeCK-gb23XrawlugTxgxN_ArC-I-TWfymXZaSzP9fi6zO98lWzmVax7f1Bi5OdesVAciA03UGnIHlXkFnEvIZVN2YXFHsO3dz1uVjkbQ5gE6Nn2CxndiNgp7hh4RJBALbZMs6l5A?stp=s1024x576&edm=AOnQwmMEAAAA&_nc_gid=ud-qYmT4yOyWGDaab28xEg&_nc_oc=AdoFhcMzN820MFIvEd7Clg5yFY_DDco2GVt_OXZKakbahl3wC3Y9qvxYFFqhi7r18Yw&ccb=10-5&oh=00_Af66JiTMVG_mc2N77N63WLUlHkXRcl4mHnp7ItiShZmgwg&oe=6A395FAF&_nc_sid=201bca",
        "IMAGE_ORIGINAL_URL": "https://scontent-bos5-1.xx.fbcdn.net/m1/v/t6/An_W_ZEio52bG2yeCK-gb23XrawlugTxgxN_ArC-I-TWfymXZaSzP9fi6zO98lWzmVax7f1Bi5OdesVAciA03UGnIHlXkFnEvIZVN2YXFHsO3dz1uVjkbQ5gE6Nn2CxndiNgp7hh4RJBALbZMs6l5A?edm=AOnQwmMEAAAA&_nc_gid=ud-qYmT4yOyWGDaab28xEg&_nc_oc=AdoFhcMzN820MFIvEd7Clg5yFY_DDco2GVt_OXZKakbahl3wC3Y9qvxYFFqhi7r18Yw&ccb=10-5&oh=00_Af4_bTxiiB6iv3y7fEIPbkKTVxjMcmH4jOaj-AZOxbGukw&oe=6A395FAF&_nc_sid=201bca",
        "SOURCE_URL": "https://www.mapillary.com/app/?pKey=203214371460749",
        "SAMPLE_MUNICIPALITY": "Medford",
        "SAMPLE_STREET_NAME": "SALEM STREET",
        "SAMPLE_SEGMENT_ID": 373454,
        "SAMPLE_LAT": 42.4216426059114,
        "SAMPLE_LNG": -71.0967021334025
      }
    },
    {
      "type": "Feature",
      "geometry": {
        "type": "Point",
        "coordinates": [
          -71.096524935837,
          42.421695347435
        ]
      },
      "properties": {
        "PROVIDER": "mapillary",
        "IMAGE_ID": "296640482094616",
        "SEQUENCE_ID": "29HE-Ccwwa-WXqJhPOSLlQ",
        "CAPTURED_AT": 1506972572700,
        "HEADING": 255.492746895,
        "IMAGE_THUMB_URL": "https://scontent-bos5-1.xx.fbcdn.net/m1/v/t6/An9HB-Yd2Vr99Hdg1D6N0kCWb1C4Ah-Vo2LZl6HWN0wSEk3LfTl267PEKre-90Q1w18LUuW1jptdXYc3h11MvceTpJezg9hyhUI3rphl4hw8ylpqoFY0qXi1pSz5Lrr8X5--huF_kYUPZgIBS0vZQZU?stp=s256x144&edm=AOnQwmMEAAAA&_nc_gid=ud-qYmT4yOyWGDaab28xEg&_nc_oc=AdrLXs1TI2BhBApTEKOD-vJoU_QAkEoSM9bppBj669ldDpz6P_jJ7wrfDL1K9zCq-1o&ccb=10-5&oh=00_Af7an1Zcg3NfG432soH5gJlw7gdMkcWrKiz7gUSogjaOfg&oe=6A393CB7&_nc_sid=201bca",
        "IMAGE_PREVIEW_URL": "https://scontent-bos5-1.xx.fbcdn.net/m1/v/t6/An9HB-Yd2Vr99Hdg1D6N0kCWb1C4Ah-Vo2LZl6HWN0wSEk3LfTl267PEKre-90Q1w18LUuW1jptdXYc3h11MvceTpJezg9hyhUI3rphl4hw8ylpqoFY0qXi1pSz5Lrr8X5--huF_kYUPZgIBS0vZQZU?stp=s1024x576&edm=AOnQwmMEAAAA&_nc_gid=ud-qYmT4yOyWGDaab28xEg&_nc_oc=AdrLXs1TI2BhBApTEKOD-vJoU_QAkEoSM9bppBj669ldDpz6P_jJ7wrfDL1K9zCq-1o&ccb=10-5&oh=00_Af7-0dihOHIbBNL77d1_FbIVrpcvfB5yaQm3PxFtQljl7Q&oe=6A393CB7&_nc_sid=201bca",
        "IMAGE_ORIGINAL_URL": "https://scontent-bos5-1.xx.fbcdn.net/m1/v/t6/An9HB-Yd2Vr99Hdg1D6N0kCWb1C4Ah-Vo2LZl6HWN0wSEk3LfTl267PEKre-90Q1w18LUuW1jptdXYc3h11MvceTpJezg9hyhUI3rphl4hw8ylpqoFY0qXi1pSz5Lrr8X5--huF_kYUPZgIBS0vZQZU?edm=AOnQwmMEAAAA&_nc_gid=ud-qYmT4yOyWGDaab28xEg&_nc_oc=AdrLXs1TI2BhBApTEKOD-vJoU_QAkEoSM9bppBj669ldDpz6P_jJ7wrfDL1K9zCq-1o&ccb=10-5&oh=00_Af6SvTUm1AEHATQf9bINi1wX7ik4d7F4GXHe10Y6vyK6oA&oe=6A393CB7&_nc_sid=201bca",
        "SOURCE_URL": "https://www.mapillary.com/app/?pKey=296640482094616",
        "SAMPLE_MUNICIPALITY": "Medford",
        "SAMPLE_STREET_NAME": "SALEM STREET",
        "SAMPLE_SEGMENT_ID": 373454,
        "SAMPLE_LAT": 42.4216426059114,
        "SAMPLE_LNG": -71.0967021334025
      }
    },
    {
      "type": "Feature",
      "geometry": {
        "type": "Point",
        "coordinates": [
          -71.09667915444,
          42.421652404557
        ]
      },
      "properties": {
        "PROVIDER": "mapillary",
        "IMAGE_ID": "133349642121255",
        "SEQUENCE_ID": "29HE-Ccwwa-WXqJhPOSLlQ",
        "CAPTURED_AT": 1506972574100,
        "HEADING": 254.12910981693,
        "IMAGE_THUMB_URL": "https://scontent-bos5-1.xx.fbcdn.net/m1/v/t6/An87IunPBmnlbgflDx-WYlUCVODw664qSdx-i7UG1qOddaI6ILRWZ3S63B33JyP2Ap1b99X_87Tbe22ZrlLcH8xwCiE7hJyWNv4YoxBVfiyL1-bxRdE_hUaTXAmfcuZvhPBdZVf02y3MDF7CugVquA?stp=s256x144&edm=AOnQwmMEAAAA&_nc_gid=ud-qYmT4yOyWGDaab28xEg&_nc_oc=Adqc1Wpn3j2wuIe0eGa-5tsHTuFpry08OJCQcNFmIgrIcJUSpkR0aY2tKgv9YmMLqvg&ccb=10-5&oh=00_Af7MJs97BLDDPGs82Dqv5bgCN6X1ojNBVKyvmVGzbfqavw&oe=6A3937F3&_nc_sid=201bca",
        "IMAGE_PREVIEW_URL": "https://scontent-bos5-1.xx.fbcdn.net/m1/v/t6/An87IunPBmnlbgflDx-WYlUCVODw664qSdx-i7UG1qOddaI6ILRWZ3S63B33JyP2Ap1b99X_87Tbe22ZrlLcH8xwCiE7hJyWNv4YoxBVfiyL1-bxRdE_hUaTXAmfcuZvhPBdZVf02y3MDF7CugVquA?stp=s1024x576&edm=AOnQwmMEAAAA&_nc_gid=ud-qYmT4yOyWGDaab28xEg&_nc_oc=Adqc1Wpn3j2wuIe0eGa-5tsHTuFpry08OJCQcNFmIgrIcJUSpkR0aY2tKgv9YmMLqvg&ccb=10-5&oh=00_Af63kGH6Ku82IUZqQxM6vxn7Kw0Lvy98Ikk6qxt0jsoeYQ&oe=6A3937F3&_nc_sid=201bca",
        "IMAGE_ORIGINAL_URL": "https://scontent-bos5-1.xx.fbcdn.net/m1/v/t6/An87IunPBmnlbgflDx-WYlUCVODw664qSdx-i7UG1qOddaI6ILRWZ3S63B33JyP2Ap1b99X_87Tbe22ZrlLcH8xwCiE7hJyWNv4YoxBVfiyL1-bxRdE_hUaTXAmfcuZvhPBdZVf02y3MDF7CugVquA?edm=AOnQwmMEAAAA&_nc_gid=ud-qYmT4yOyWGDaab28xEg&_nc_oc=Adqc1Wpn3j2wuIe0eGa-5tsHTuFpry08OJCQcNFmIgrIcJUSpkR0aY2tKgv9YmMLqvg&ccb=10-5&oh=00_Af4WWUDukT76NSXxKuBBWYJxyk6LBLZshZzio-Nxf-2oHg&oe=6A3937F3&_nc_sid=201bca",
        "SOURCE_URL": "https://www.mapillary.com/app/?pKey=133349642121255",
        "SAMPLE_MUNICIPALITY": "Medford",
        "SAMPLE_STREET_NAME": "SALEM STREET",
        "SAMPLE_SEGMENT_ID": 373454,
        "SAMPLE_LAT": 42.4216426059114,
        "SAMPLE_LNG": -71.0967021334025
      }
    },
    {
      "type": "Feature",
      "geometry": {
        "type": "Point",
        "coordinates": [
          -71.096689408718,
          42.42164945508
        ]
      },
      "properties": {
        "PROVIDER": "mapillary",
        "IMAGE_ID": "196160985677165",
        "SEQUENCE_ID": "29HE-Ccwwa-WXqJhPOSLlQ",
        "CAPTURED_AT": 1506972574200,
        "HEADING": 254.12907949527,
        "IMAGE_THUMB_URL": "https://scontent-bos5-1.xx.fbcdn.net/m1/v/t6/An8e_TjjHkYy86vFaH7LMVizJPJAgemROTxFXRRHphHfJ45wH5rnzOsEryXYRvCf3ikQaiMP7qnE9gUJogL8sZ1oSB3W5rdw_YAskEgp-unvn4SH_GAWYPzkclajcqLt3f5LHC0cnpvioLEQ84SdLQ?stp=s256x144&edm=AOnQwmMEAAAA&_nc_gid=ud-qYmT4yOyWGDaab28xEg&_nc_oc=Adrz6BPvDPZjfElzEQ80CQVzDTP5ii550h_zHgf-bh8tNmZlzixj3vuxoyVKRR0uBEc&ccb=10-5&oh=00_Af5Ip1YL08QJnAQwLCN_7syGdyJgoGJoZ2mxlkjpKHHUOw&oe=6A39650A&_nc_sid=201bca",
        "IMAGE_PREVIEW_URL": "https://scontent-bos5-1.xx.fbcdn.net/m1/v/t6/An8e_TjjHkYy86vFaH7LMVizJPJAgemROTxFXRRHphHfJ45wH5rnzOsEryXYRvCf3ikQaiMP7qnE9gUJogL8sZ1oSB3W5rdw_YAskEgp-unvn4SH_GAWYPzkclajcqLt3f5LHC0cnpvioLEQ84SdLQ?stp=s1024x576&edm=AOnQwmMEAAAA&_nc_gid=ud-qYmT4yOyWGDaab28xEg&_nc_oc=Adrz6BPvDPZjfElzEQ80CQVzDTP5ii550h_zHgf-bh8tNmZlzixj3vuxoyVKRR0uBEc&ccb=10-5&oh=00_Af7u1ihIDr7MBNzOAr1qa4nI_rzgg71MQu0ikd5KHvKqSg&oe=6A39650A&_nc_sid=201bca",
        "IMAGE_ORIGINAL_URL": "https://scontent-bos5-1.xx.fbcdn.net/m1/v/t6/An8e_TjjHkYy86vFaH7LMVizJPJAgemROTxFXRRHphHfJ45wH5rnzOsEryXYRvCf3ikQaiMP7qnE9gUJogL8sZ1oSB3W5rdw_YAskEgp-unvn4SH_GAWYPzkclajcqLt3f5LHC0cnpvioLEQ84SdLQ?edm=AOnQwmMEAAAA&_nc_gid=ud-qYmT4yOyWGDaab28xEg&_nc_oc=Adrz6BPvDPZjfElzEQ80CQVzDTP5ii550h_zHgf-bh8tNmZlzixj3vuxoyVKRR0uBEc&ccb=10-5&oh=00_Af4p8ZEPcne2XP2GE2xu_YaddigncojSHAvyGdeRmG1SFA&oe=6A39650A&_nc_sid=201bca",
        "SOURCE_URL": "https://www.mapillary.com/app/?pKey=196160985677165",
        "SAMPLE_MUNICIPALITY": "Medford",
        "SAMPLE_STREET_NAME": "SALEM STREET",
        "SAMPLE_SEGMENT_ID": 373454,
        "SAMPLE_LAT": 42.4216426059114,
        "SAMPLE_LNG": -71.0967021334025
      }
    },
    {
      "type": "Feature",
      "geometry": {
        "type": "Point",
        "coordinates": [
          -71.096548356099,
          42.421689308851
        ]
      },
      "properties": {
        "PROVIDER": "mapillary",
        "IMAGE_ID": "297001315339743",
        "SEQUENCE_ID": "29HE-Ccwwa-WXqJhPOSLlQ",
        "CAPTURED_AT": 1506972572900,
        "HEADING": 255.49272216601,
        "IMAGE_THUMB_URL": "https://scontent-bos5-1.xx.fbcdn.net/m1/v/t6/An8pohJrAZQ9tf9Yymh86gqLuxWSIt9bhz1RlYjsdvj8Vdd-zUYwMEw0Q1HW4igm6jWJvKFVRZqmU_ZTaqdRNVUL3Ujn21neugbeTKm6MsMI8UF4HNI4OZRG4rKU7kj8xhPEW56OXVOZ30quPAjo8g?stp=s256x144&edm=AOnQwmMEAAAA&_nc_gid=ud-qYmT4yOyWGDaab28xEg&_nc_oc=Ados5aMfM2NZ86wZrAYAr7Bh3VRh5SoLwJIgJcZy0_hysHJVgsbPvDStf9Z1-YPbu68&ccb=10-5&oh=00_Af6Aiz4pirWq8Y577hxQasGi0VYPpo9MT-1KjMY-pnROMg&oe=6A3964C9&_nc_sid=201bca",
        "IMAGE_PREVIEW_URL": "https://scontent-bos5-1.xx.fbcdn.net/m1/v/t6/An8pohJrAZQ9tf9Yymh86gqLuxWSIt9bhz1RlYjsdvj8Vdd-zUYwMEw0Q1HW4igm6jWJvKFVRZqmU_ZTaqdRNVUL3Ujn21neugbeTKm6MsMI8UF4HNI4OZRG4rKU7kj8xhPEW56OXVOZ30quPAjo8g?stp=s1024x576&edm=AOnQwmMEAAAA&_nc_gid=ud-qYmT4yOyWGDaab28xEg&_nc_oc=Ados5aMfM2NZ86wZrAYAr7Bh3VRh5SoLwJIgJcZy0_hysHJVgsbPvDStf9Z1-YPbu68&ccb=10-5&oh=00_Af4p39JlGcJQkjTQ46tRzcBCnDTL3xQi3KKHAOp6JAFIGw&oe=6A3964C9&_nc_sid=201bca",
        "IMAGE_ORIGINAL_URL": "https://scontent-bos5-1.xx.fbcdn.net/m1/v/t6/An8pohJrAZQ9tf9Yymh86gqLuxWSIt9bhz1RlYjsdvj8Vdd-zUYwMEw0Q1HW4igm6jWJvKFVRZqmU_ZTaqdRNVUL3Ujn21neugbeTKm6MsMI8UF4HNI4OZRG4rKU7kj8xhPEW56OXVOZ30quPAjo8g?edm=AOnQwmMEAAAA&_nc_gid=ud-qYmT4yOyWGDaab28xEg&_nc_oc=Ados5aMfM2NZ86wZrAYAr7Bh3VRh5SoLwJIgJcZy0_hysHJVgsbPvDStf9Z1-YPbu68&ccb=10-5&oh=00_Af5YngQzUmLal9-y_UgGOZhqoKMHjLUQ7qlCecufxqJdbw&oe=6A3964C9&_nc_sid=201bca",
        "SOURCE_URL": "https://www.mapillary.com/app/?pKey=297001315339743",
        "SAMPLE_MUNICIPALITY": "Medford",
        "SAMPLE_STREET_NAME": "SALEM STREET",
        "SAMPLE_SEGMENT_ID": 373454,
        "SAMPLE_LAT": 42.4216426059114,
        "SAMPLE_LNG": -71.0967021334025
      }
    },
    {
      "type": "Feature",
      "geometry": {
        "type": "Point",
        "coordinates": [
          -71.096615492139,
          42.421670438477
        ]
      },
      "properties": {
        "PROVIDER": "mapillary",
        "IMAGE_ID": "822983048643573",
        "SEQUENCE_ID": "29HE-Ccwwa-WXqJhPOSLlQ",
        "CAPTURED_AT": 1506972573500,
        "HEADING": 253.5197276202,
        "IMAGE_THUMB_URL": "https://scontent-bos5-1.xx.fbcdn.net/m1/v/t6/An--O41Ys5bwo7gjCKZ9bf1OA3B3Hp1dpeEcMdzZEqeiiawFy6Avkm8mlAD1450k11ZUO4Ehs-N9LJkDcSF4R4d9VB6r7SoyDLN8Fm4AWzSJxrNpBqdrMSOGXiUU8ks8LcwsrLTLemE-jSLRnDWa7g?stp=s256x144&edm=AOnQwmMEAAAA&_nc_gid=ud-qYmT4yOyWGDaab28xEg&_nc_oc=AdqPCL_L6NFBzv7dZxCqU9UijhepJCN6-3LxYElWjnfnTLWbMxy_MVaIZ2dTerU2XpE&ccb=10-5&oh=00_Af6c-Pol-luSOF8AE7NkejZOL3aBKHXEOPnDemJhznSVHQ&oe=6A396449&_nc_sid=201bca",
        "IMAGE_PREVIEW_URL": "https://scontent-bos5-1.xx.fbcdn.net/m1/v/t6/An--O41Ys5bwo7gjCKZ9bf1OA3B3Hp1dpeEcMdzZEqeiiawFy6Avkm8mlAD1450k11ZUO4Ehs-N9LJkDcSF4R4d9VB6r7SoyDLN8Fm4AWzSJxrNpBqdrMSOGXiUU8ks8LcwsrLTLemE-jSLRnDWa7g?stp=s1024x576&edm=AOnQwmMEAAAA&_nc_gid=ud-qYmT4yOyWGDaab28xEg&_nc_oc=AdqPCL_L6NFBzv7dZxCqU9UijhepJCN6-3LxYElWjnfnTLWbMxy_MVaIZ2dTerU2XpE&ccb=10-5&oh=00_Af52FwNgHKNQkw_cgdDwxyEQBy36XxWsqnRVClB1my9nsA&oe=6A396449&_nc_sid=201bca",
        "IMAGE_ORIGINAL_URL": "https://scontent-bos5-1.xx.fbcdn.net/m1/v/t6/An--O41Ys5bwo7gjCKZ9bf1OA3B3Hp1dpeEcMdzZEqeiiawFy6Avkm8mlAD1450k11ZUO4Ehs-N9LJkDcSF4R4d9VB6r7SoyDLN8Fm4AWzSJxrNpBqdrMSOGXiUU8ks8LcwsrLTLemE-jSLRnDWa7g?edm=AOnQwmMEAAAA&_nc_gid=ud-qYmT4yOyWGDaab28xEg&_nc_oc=AdqPCL_L6NFBzv7dZxCqU9UijhepJCN6-3LxYElWjnfnTLWbMxy_MVaIZ2dTerU2XpE&ccb=10-5&oh=00_Af665oFV8GxzPecO76aPMDKCTNFhokuvUicRFpjjYH8flQ&oe=6A396449&_nc_sid=201bca",
        "SOURCE_URL": "https://www.mapillary.com/app/?pKey=822983048643573",
        "SAMPLE_MUNICIPALITY": "Medford",
        "SAMPLE_STREET_NAME": "SALEM STREET",
        "SAMPLE_SEGMENT_ID": 373454,
        "SAMPLE_LAT": 42.4216426059114,
        "SAMPLE_LNG": -71.0967021334025
      }
    },
    {
      "type": "Feature",
      "geometry": {
        "type": "Point",
        "coordinates": [
          -71.096699739267,
          42.421646473118
        ]
      },
      "properties": {
        "PROVIDER": "mapillary",
        "IMAGE_ID": "966950850511870",
        "SEQUENCE_ID": "29HE-Ccwwa-WXqJhPOSLlQ",
        "CAPTURED_AT": 1506972574300,
        "HEADING": 254.12914223514,
        "IMAGE_THUMB_URL": "https://scontent-bos5-1.xx.fbcdn.net/m1/v/t6/An8rFxP4Njqcvvf_0dTvNMxNgDcGBqKx5iOm2kKejzifixQZ2c4w8eOKYF6_BeofcsM1dutoYJ7Q2UWQ72vJrgF-wiA6aqIJ4SI61LCPl9PZdUeeEauuqG3_uhSbHMZF30a9a9ZoXUowDVhqog08q_c?stp=s256x144&edm=AOnQwmMEAAAA&_nc_gid=ud-qYmT4yOyWGDaab28xEg&_nc_oc=AdoMbdgCfD0Ybt0Wa2G719ONePWO7QKPJs1iCod16wZ_kHcGTunssZbZlqy18ybJxak&ccb=10-5&oh=00_Af7rlgWRDtCYi1F31pxEXrhP-3wApFPPd7KQtVwQ7t4iNg&oe=6A395A2F&_nc_sid=201bca",
        "IMAGE_PREVIEW_URL": "https://scontent-bos5-1.xx.fbcdn.net/m1/v/t6/An8rFxP4Njqcvvf_0dTvNMxNgDcGBqKx5iOm2kKejzifixQZ2c4w8eOKYF6_BeofcsM1dutoYJ7Q2UWQ72vJrgF-wiA6aqIJ4SI61LCPl9PZdUeeEauuqG3_uhSbHMZF30a9a9ZoXUowDVhqog08q_c?stp=s1024x576&edm=AOnQwmMEAAAA&_nc_gid=ud-qYmT4yOyWGDaab28xEg&_nc_oc=AdoMbdgCfD0Ybt0Wa2G719ONePWO7QKPJs1iCod16wZ_kHcGTunssZbZlqy18ybJxak&ccb=10-5&oh=00_Af76xxZY8KOxxtWEgXjA5mtFlWMiNnTT_K3NXNyLuZY7QQ&oe=6A395A2F&_nc_sid=201bca",
        "IMAGE_ORIGINAL_URL": "https://scontent-bos5-1.xx.fbcdn.net/m1/v/t6/An8rFxP4Njqcvvf_0dTvNMxNgDcGBqKx5iOm2kKejzifixQZ2c4w8eOKYF6_BeofcsM1dutoYJ7Q2UWQ72vJrgF-wiA6aqIJ4SI61LCPl9PZdUeeEauuqG3_uhSbHMZF30a9a9ZoXUowDVhqog08q_c?edm=AOnQwmMEAAAA&_nc_gid=ud-qYmT4yOyWGDaab28xEg&_nc_oc=AdoMbdgCfD0Ybt0Wa2G719ONePWO7QKPJs1iCod16wZ_kHcGTunssZbZlqy18ybJxak&ccb=10-5&oh=00_Af6Nc5BL_Oh96jQLzJr1HwUuN9FCD1uVUQ1NA-p6dhijpA&oe=6A395A2F&_nc_sid=201bca",
        "SOURCE_URL": "https://www.mapillary.com/app/?pKey=966950850511870",
        "SAMPLE_MUNICIPALITY": "Medford",
        "SAMPLE_STREET_NAME": "SALEM STREET",
        "SAMPLE_SEGMENT_ID": 373454,
        "SAMPLE_LAT": 42.4216426059114,
        "SAMPLE_LNG": -71.0967021334025
      }
    },
    {
      "type": "Feature",
      "geometry": {
        "type": "Point",
        "coordinates": [
          -71.096513882321,
          42.421698975659
        ]
      },
      "properties": {
        "PROVIDER": "mapillary",
        "IMAGE_ID": "892544978253454",
        "SEQUENCE_ID": "29HE-Ccwwa-WXqJhPOSLlQ",
        "CAPTURED_AT": 1506972572600,
        "HEADING": 255.49272025108,
        "IMAGE_THUMB_URL": "https://scontent-bos5-1.xx.fbcdn.net/m1/v/t6/An-RUmi7T46pHgvcOmPPBY4_BDEbjTM3jDcc5CGq67YWwfhz_ASsapdplJslA75SmTloJjVz2KGIyZIce1fNzLjdsJf8pV_saWtupBBY-IX1fAq3vSf28AB8WRtrqJBhOXcN74kznfojLqubDhR7Lw?stp=s256x144&edm=AOnQwmMEAAAA&_nc_gid=ud-qYmT4yOyWGDaab28xEg&_nc_oc=AdpTwxCYgXjau4Rc17HlsEGQWTMF4Qr9bW9zbeUHgne5Gkm9UJJ-pN8CsJOdLAkGqMk&ccb=10-5&oh=00_Af5wDnt-5rgdF8jmHC66yuHxGd91xrUdtb_8C9EGXRzD3w&oe=6A395BE5&_nc_sid=201bca",
        "IMAGE_PREVIEW_URL": "https://scontent-bos5-1.xx.fbcdn.net/m1/v/t6/An-RUmi7T46pHgvcOmPPBY4_BDEbjTM3jDcc5CGq67YWwfhz_ASsapdplJslA75SmTloJjVz2KGIyZIce1fNzLjdsJf8pV_saWtupBBY-IX1fAq3vSf28AB8WRtrqJBhOXcN74kznfojLqubDhR7Lw?stp=s1024x576&edm=AOnQwmMEAAAA&_nc_gid=ud-qYmT4yOyWGDaab28xEg&_nc_oc=AdpTwxCYgXjau4Rc17HlsEGQWTMF4Qr9bW9zbeUHgne5Gkm9UJJ-pN8CsJOdLAkGqMk&ccb=10-5&oh=00_Af4fIeyYg2ulLvldKit_wKMiurphcsMu5NldFxumtbq-eA&oe=6A395BE5&_nc_sid=201bca",
        "IMAGE_ORIGINAL_URL": "https://scontent-bos5-1.xx.fbcdn.net/m1/v/t6/An-RUmi7T46pHgvcOmPPBY4_BDEbjTM3jDcc5CGq67YWwfhz_ASsapdplJslA75SmTloJjVz2KGIyZIce1fNzLjdsJf8pV_saWtupBBY-IX1fAq3vSf28AB8WRtrqJBhOXcN74kznfojLqubDhR7Lw?edm=AOnQwmMEAAAA&_nc_gid=ud-qYmT4yOyWGDaab28xEg&_nc_oc=AdpTwxCYgXjau4Rc17HlsEGQWTMF4Qr9bW9zbeUHgne5Gkm9UJJ-pN8CsJOdLAkGqMk&ccb=10-5&oh=00_Af6wVU6NUlOCiAxLdZlZ1nYZ7wsBjQULHfcwXkBrX6WqqQ&oe=6A395BE5&_nc_sid=201bca",
        "SOURCE_URL": "https://www.mapillary.com/app/?pKey=892544978253454",
        "SAMPLE_MUNICIPALITY": "Medford",
        "SAMPLE_STREET_NAME": "SALEM STREET",
        "SAMPLE_SEGMENT_ID": 373454,
        "SAMPLE_LAT": 42.4216426059114,
        "SAMPLE_LNG": -71.0967021334025
      }
    },
    {
      "type": "Feature",
      "geometry": {
        "type": "Point",
        "coordinates": [
          -71.096637089058,
          42.421664247928
        ]
      },
      "properties": {
        "PROVIDER": "mapillary",
        "IMAGE_ID": "815779835698474",
        "SEQUENCE_ID": "29HE-Ccwwa-WXqJhPOSLlQ",
        "CAPTURED_AT": 1506972573700,
        "HEADING": 253.51972914564,
        "IMAGE_THUMB_URL": "https://scontent-bos5-1.xx.fbcdn.net/m1/v/t6/An87Wvi6ruPxupHEoxBaqgJ2QxavKdAG8K6UjMIuda_s2wHfpLgMh8w4l0bTapiyrYmuxuf7jFnh3UkIrNYibsRoEiETFS4qUyBW_df7EMk6jBSfOsA_tNqxNyXiHYo5roxTLcydkYt8yJ4GwV6d1Q?stp=s256x144&edm=AOnQwmMEAAAA&_nc_gid=ud-qYmT4yOyWGDaab28xEg&_nc_oc=Adq0LP6QwZVdgtV6KaKe8fMvNzAuFlycVFmmPWkOtedsZvpm-XdVtE5P8O2x2-tY3L0&ccb=10-5&oh=00_Af4svAiaAaRIg9wulN3VGNo4k2PmfOTAJztPyP-b2g9HfA&oe=6A395919&_nc_sid=201bca",
        "IMAGE_PREVIEW_URL": "https://scontent-bos5-1.xx.fbcdn.net/m1/v/t6/An87Wvi6ruPxupHEoxBaqgJ2QxavKdAG8K6UjMIuda_s2wHfpLgMh8w4l0bTapiyrYmuxuf7jFnh3UkIrNYibsRoEiETFS4qUyBW_df7EMk6jBSfOsA_tNqxNyXiHYo5roxTLcydkYt8yJ4GwV6d1Q?stp=s1024x576&edm=AOnQwmMEAAAA&_nc_gid=ud-qYmT4yOyWGDaab28xEg&_nc_oc=Adq0LP6QwZVdgtV6KaKe8fMvNzAuFlycVFmmPWkOtedsZvpm-XdVtE5P8O2x2-tY3L0&ccb=10-6&oh=00_Af5n31HVpkj8xn0bX6A9WN1SQHQGWjRx_Yzw2pEmHSnqeQ&oe=6A395919&_nc_sid=201bca",
        "IMAGE_ORIGINAL_URL": "https://scontent-bos5-1.xx.fbcdn.net/m1/v/t6/An87Wvi6ruPxupHEoxBaqgJ2QxavKdAG8K6UjMIuda_s2wHfpLgMh8w4l0bTapiyrYmuxuf7jFnh3UkIrNYibsRoEiETFS4qUyBW_df7EMk6jBSfOsA_tNqxNyXiHYo5roxTLcydkYt8yJ4GwV6d1Q?edm=AOnQwmMEAAAA&_nc_gid=ud-qYmT4yOyWGDaab28xEg&_nc_oc=Adq0LP6QwZVdgtV6KaKe8fMvNzAuFlycVFmmPWkOtedsZvpm-XdVtE5P8O2x2-tY3L0&ccb=10-5&oh=00_Af5bcsaIhs6Jzs_V_Bi9jC9H6apYI4sONqS7rfhy090qGg&oe=6A395919&_nc_sid=201bca",
        "SOURCE_URL": "https://www.mapillary.com/app/?pKey=815779835698474",
        "SAMPLE_MUNICIPALITY": "Medford",
        "SAMPLE_STREET_NAME": "SALEM STREET",
        "SAMPLE_SEGMENT_ID": 373454,
        "SAMPLE_LAT": 42.4216426059114,
        "SAMPLE_LNG": -71.0967021334025
      }
    },
    {
      "type": "Feature",
      "geometry": {
        "type": "Point",
        "coordinates": [
          -71.096465830849,
          42.421711386028
        ]
      },
      "properties": {
        "PROVIDER": "mapillary",
        "IMAGE_ID": "309767680703074",
        "SEQUENCE_ID": "29HE-Ccwwa-WXqJhPOSLlQ",
        "CAPTURED_AT": 1506972572200,
        "HEADING": 255.49276979889,
        "IMAGE_THUMB_URL": "https://scontent-bos5-1.xx.fbcdn.net/m1/v/t6/An_7RbN4G8zhLUlb9iokQz0-3np7gUtKN3CS-8agu4jEjZGHRDBS_M9JxkgYZBgmIQJB2dFfYpfZ1khz7xuBOQWd6_egPO0G8jBiMo4GiBTnt_1OXIY7bA35YIlOzmybDodVPHnChRzejlsZ5JEoWg?stp=s256x144&edm=AOnQwmMEAAAA&_nc_gid=ud-qYmT4yOyWGDaab28xEg&_nc_oc=AdolBk_QfhS8hKPOIliC8tvGt4GLJ2_WLZy9Ttl8X7h1Sp9LYZEoC2CKGXpZBJoymvc&ccb=10-5&oh=00_Af7ll52tBub1KfusxbTy2Ck2-UT6BGJdxeHn35DDnTv5dg&oe=6A3936B3&_nc_sid=201bca",
        "IMAGE_PREVIEW_URL": "https://scontent-bos5-1.xx.fbcdn.net/m1/v/t6/An_7RbN4G8zhLUlb9iokQz0-3np7gUtKN3CS-8agu4jEjZGHRDBS_M9JxkgYZBgmIQJB2dFfYpfZ1khz7xuBOQWd6_egPO0G8jBiMo4GiBTnt_1OXIY7bA35YIlOzmybDodVPHnChRzejlsZ5JEoWg?stp=s1024x576&edm=AOnQwmMEAAAA&_nc_gid=ud-qYmT4yOyWGDaab28xEg&_nc_oc=AdolBk_QfhS8hKPOIliC8tvGt4GLJ2_WLZy9Ttl8X7h1Sp9LYZEoC2CKGXpZBJoymvc&ccb=10-5&oh=00_Af4UkShAKzS9xHUZ5DX36YbJVBC00NJVwCJbO4uaoUywpw&oe=6A3936B3&_nc_sid=201bca",
        "IMAGE_ORIGINAL_URL": "https://scontent-bos5-1.xx.fbcdn.net/m1/v/t6/An_7RbN4G8zhLUlb9iokQz0-3np7gUtKN3CS-8agu4jEjZGHRDBS_M9JxkgYZBgmIQJB2dFfYpfZ1khz7xuBOQWd6_egPO0G8jBiMo4GiBTnt_1OXIY7bA35YIlOzmybDodVPHnChRzejlsZ5JEoWg?edm=AOnQwmMEAAAA&_nc_gid=ud-qYmT4yOyWGDaab28xEg&_nc_oc=AdolBk_QfhS8hKPOIliC8tvGt4GLJ2_WLZy9Ttl8X7h1Sp9LYZEoC2CKGXpZBJoymvc&ccb=10-6&oh=00_Af421yW6utNJf_hJf7BRkXGg-6C7o88CIAEwtf3BQgSEJg&oe=6A3936B3&_nc_sid=201bca",
        "SOURCE_URL": "https://www.mapillary.com/app/?pKey=309767680703074",
        "SAMPLE_MUNICIPALITY": "Medford",
        "SAMPLE_STREET_NAME": "SALEM STREET",
        "SAMPLE_SEGMENT_ID": 373454,
        "SAMPLE_LAT": 42.4216426059114,
        "SAMPLE_LNG": -71.0967021334025
      }
    },
    {
      "type": "Feature",
      "geometry": {
        "type": "Point",
        "coordinates": [
          -71.096501620553,
          42.421701684544
        ]
      },
      "properties": {
        "PROVIDER": "mapillary",
        "IMAGE_ID": "844322102830125",
        "SEQUENCE_ID": "29HE-Ccwwa-WXqJhPOSLlQ",
        "CAPTURED_AT": 1506972572500,
        "HEADING": 255.4927717019,
        "IMAGE_THUMB_URL": "https://scontent-bos5-1.xx.fbcdn.net/m1/v/t6/An8DY3J-mpdolvTojg7jyJcCFY5wNuP9Vx3r7OlvcukCHq-WNDKrT693Yy1TAgX9rPR52jSjSNFRBqN-1IxrkVB6gyxedqxaFgN9QzfW8aSx8yGq7PTSoPVgw2xRhh-6JtTdyFcFUOikW0dTcE84Qj0?stp=s256x144&edm=AOnQwmMEAAAA&_nc_gid=ud-qYmT4yOyWGDaab28xEg&_nc_oc=AdoR1cNLpgLpkCweHfAnO3rGLfdBL5eoXFkgf-efmKKYsH2sjTQmbk28vm4f0PS3vZY&ccb=10-5&oh=00_Af57JPohM6GvwvHPzC63m4dgOFAtIzPknkINJVd__jo72A&oe=6A3954CA&_nc_sid=201bca",
        "IMAGE_PREVIEW_URL": "https://scontent-bos5-1.xx.fbcdn.net/m1/v/t6/An8DY3J-mpdolvTojg7jyJcCFY5wNuP9Vx3r7OlvcukCHq-WNDKrT693Yy1TAgX9rPR52jSjSNFRBqN-1IxrkVB6gyxedqxaFgN9QzfW8aSx8yGq7PTSoPVgw2xRhh-6JtTdyFcFUOikW0dTcE84Qj0?stp=s1024x576&edm=AOnQwmMEAAAA&_nc_gid=ud-qYmT4yOyWGDaab28xEg&_nc_oc=AdoR1cNLpgLpkCweHfAnO3rGLfdBL5eoXFkgf-efmKKYsH2sjTQmbk28vm4f0PS3vZY&ccb=10-5&oh=00_Af4OrIkRG_5HL0WzYfZ1ZK9sK30YDWqcud_p4_ROBGSMrg&oe=6A3954CA&_nc_sid=201bca",
        "IMAGE_ORIGINAL_URL": "https://scontent-bos5-1.xx.fbcdn.net/m1/v/t6/An8DY3J-mpdolvTojg7jyJcCFY5wNuP9Vx3r7OlvcukCHq-WNDKrT693Yy1TAgX9rPR52jSjSNFRBqN-1IxrkVB6gyxedqxaFgN9QzfW8aSx8yGq7PTSoPVgw2xRhh-6JtTdyFcFUOikW0dTcE84Qj0?edm=AOnQwmMEAAAA&_nc_gid=ud-qYmT4yOyWGDaab28xEg&_nc_oc=AdoR1cNLpgLpkCweHfAnO3rGLfdBL5eoXFkgf-efmKKYsH2sjTQmbk28vm4f0PS3vZY&ccb=10-5&oh=00_Af5CHnYY98p2Qao8S-hoXXKvU0hgDNhNs3rwGkitrl93ZA&oe=6A3954CA&_nc_sid=201bca",
        "SOURCE_URL": "https://www.mapillary.com/app/?pKey=844322102830125",
        "SAMPLE_MUNICIPALITY": "Medford",
        "SAMPLE_STREET_NAME": "SALEM STREET",
        "SAMPLE_SEGMENT_ID": 373454,
        "SAMPLE_LAT": 42.4216426059114,
        "SAMPLE_LNG": -71.0967021334025
      }
    },
    {
      "type": "Feature",
      "geometry": {
        "type": "Point",
        "coordinates": [
          -71.096647768388,
          42.421661229236
        ]
      },
      "properties": {
        "PROVIDER": "mapillary",
        "IMAGE_ID": "162561445713708",
        "SEQUENCE_ID": "29HE-Ccwwa-WXqJhPOSLlQ",
        "CAPTURED_AT": 1506972573800,
        "HEADING": 253.51956333775,
        "IMAGE_THUMB_URL": "https://scontent-bos5-1.xx.fbcdn.net/m1/v/t6/An8rn563BXrcDfwTlDvAgSFDIHRqPVAgGpXgTmSHM5d14xmY1cmVKdYDEZlEs97_Ip4Z_ZY8cFRyb4DY8qgYAzMEkMzLleZDtXCP7aHKM-xJrd9njCWhKkja0v4MbHNPkEk1XRA7F11eAL7bax-COQ?stp=s256x144&edm=AOnQwmMEAAAA&_nc_gid=ud-qYmT4yOyWGDaab28xEg&_nc_oc=Adrh2hvkkW8ZR12UScqq_VsFJpgiHF4kK4UfkTnavlPkQc0bDmHWbzDVNuRWRDVU3dU&ccb=10-5&oh=00_Af5OUV5MU98Pyi_tzoUra1ZwSCdl_wH2RKfAJ1vNVInceA&oe=6A395F79&_nc_sid=201bca",
        "IMAGE_PREVIEW_URL": "https://scontent-bos5-1.xx.fbcdn.net/m1/v/t6/An8rn563BXrcDfwTlDvAgSFDIHRqPVAgGpXgTmSHM5d14xmY1cmVKdYDEZlEs97_Ip4Z_ZY8cFRyb4DY8qgYAzMEkMzLleZDtXCP7aHKM-xJrd9njCWhKkja0v4MbHNPkEk1XRA7F11eAL7bax-COQ?stp=s1024x576&edm=AOnQwmMEAAAA&_nc_gid=ud-qYmT4yOyWGDaab28xEg&_nc_oc=Adrh2hvkkW8ZR12UScqq_VsFJpgiHF4kK4UfkTnavlPkQc0bDmHWbzDVNuRWRDVU3dU&ccb=10-5&oh=00_Af5E-XN1NSSaSaNFtrIvZcEDqXEMoDAi_QmkXH97k30hog&oe=6A395F79&_nc_sid=201bca",
        "IMAGE_ORIGINAL_URL": "https://scontent-bos5-1.xx.fbcdn.net/m1/v/t6/An8rn563BXrcDfwTlDvAgSFDIHRqPVAgGpXgTmSHM5d14xmY1cmVKdYDEZlEs97_Ip4Z_ZY8cFRyb4DY8qgYAzMEkMzLleZDtXCP7aHKM-xJrd9njCWhKkja0v4MbHNPkEk1XRA7F11eAL7bax-COQ?edm=AOnQwmMEAAAA&_nc_gid=ud-qYmT4yOyWGDaab28xEg&_nc_oc=Adrh2hvkkW8ZR12UScqq_VsFJpgiHF4kK4UfkTnavlPkQc0bDmHWbzDVNuRWRDVU3dU&ccb=10-5&oh=00_Af75STz3wT0eYztG9biP2tU-JTkA7pIQqOdHBZLGv6aLSw&oe=6A395F79&_nc_sid=201bca",
        "SOURCE_URL": "https://www.mapillary.com/app/?pKey=162561445713708",
        "SAMPLE_MUNICIPALITY": "Medford",
        "SAMPLE_STREET_NAME": "SALEM STREET",
        "SAMPLE_SEGMENT_ID": 373454,
        "SAMPLE_LAT": 42.4216426059114,
        "SAMPLE_LNG": -71.0967021334025
      }
    },
    {
      "type": "Feature",
      "geometry": {
        "type": "Point",
        "coordinates": [
          -71.096441435058,
          42.421717709865
        ]
      },
      "properties": {
        "PROVIDER": "mapillary",
        "IMAGE_ID": "298240158574789",
        "SEQUENCE_ID": "29HE-Ccwwa-WXqJhPOSLlQ",
        "CAPTURED_AT": 1506972572000,
        "HEADING": 255.49276851556,
        "IMAGE_THUMB_URL": "https://scontent-bos5-1.xx.fbcdn.net/m1/v/t6/An8IrsU82E7M_c2CZxE9muXtTVRjZ3wn2byNyosm4DN5GmGZKe6NkoThFqxUx_XPUP3nOuqe6OSr_47ds77jf_2CLQgxiQxAnFt59H5PpzyuV1Lr0_IYxxX4j4xg0RoNhu2Ng-amhOwEiZqSQf_4Dg?stp=s256x144&edm=AOnQwmMEAAAA&_nc_gid=ud-qYmT4yOyWGDaab28xEg&_nc_oc=AdpG3fa7vC254oT4tIb-g2s3tbC_zsZQg5SdkjnbjKIoJQADxTshC8vUxSFfH07dOYQ&ccb=10-5&oh=00_Af4gtiwVgsJ8_Hv6EAxSzh23FgPHQY521eYEV-EWhdmVKw&oe=6A39563C&_nc_sid=201bca",
        "IMAGE_PREVIEW_URL": "https://scontent-bos5-1.xx.fbcdn.net/m1/v/t6/An8IrsU82E7M_c2CZxE9muXtTVRjZ3wn2byNyosm4DN5GmGZKe6NkoThFqxUx_XPUP3nOuqe6OSr_47ds77jf_2CLQgxiQxAnFt59H5PpzyuV1Lr0_IYxxX4j4xg0RoNhu2Ng-amhOwEiZqSQf_4Dg?stp=s1024x576&edm=AOnQwmMEAAAA&_nc_gid=ud-qYmT4yOyWGDaab28xEg&_nc_oc=AdpG3fa7vC254oT4tIb-g2s3tbC_zsZQg5SdkjnbjKIoJQADxTshC8vUxSFfH07dOYQ&ccb=10-5&oh=00_Af5-HU7GuQ0W7AV1YHMmwUZZQXR8nZ4ALsf1zk42F1qJOA&oe=6A39563C&_nc_sid=201bca",
        "IMAGE_ORIGINAL_URL": "https://scontent-bos5-1.xx.fbcdn.net/m1/v/t6/An8IrsU82E7M_c2CZxE9muXtTVRjZ3wn2byNyosm4DN5GmGZKe6NkoThFqxUx_XPUP3nOuqe6OSr_47ds77jf_2CLQgxiQxAnFt59H5PpzyuV1Lr0_IYxxX4j4xg0RoNhu2Ng-amhOwEiZqSQf_4Dg?edm=AOnQwmMEAAAA&_nc_gid=ud-qYmT4yOyWGDaab28xEg&_nc_oc=AdpG3fa7vC254oT4tIb-g2s3tbC_zsZQg5SdkjnbjKIoJQADxTshC8vUxSFfH07dOYQ&ccb=10-5&oh=00_Af6s7fhZAo05pfl1A424Oqe1dAViN-X8XCWYQYmgnTFIig&oe=6A39563C&_nc_sid=201bca",
        "SOURCE_URL": "https://www.mapillary.com/app/?pKey=298240158574789",
        "SAMPLE_MUNICIPALITY": "Medford",
        "SAMPLE_STREET_NAME": "SALEM STREET",
        "SAMPLE_SEGMENT_ID": 373454,
        "SAMPLE_LAT": 42.4216426059114,
        "SAMPLE_LNG": -71.0967021334025
      }
    },
    {
      "type": "Feature",
      "geometry": {
        "type": "Point",
        "coordinates": [
          -71.095163769229,
          42.421938786765
        ]
      },
      "properties": {
        "PROVIDER": "mapillary",
        "IMAGE_ID": "1212484799167915",
        "SEQUENCE_ID": "29HE-Ccwwa-WXqJhPOSLlQ",
        "CAPTURED_AT": 1506972563400,
        "HEADING": 254.65804146503,
        "IMAGE_THUMB_URL": "https://scontent-bos5-1.xx.fbcdn.net/m1/v/t6/An8OXWfQoc_VCpjMWZH3iQUgscV2xeKIhw1A2kmQuOTzh8xigqK_DgqQ40f0JYc94j9UhSaR5Xan7aq4qH_ny0d4baqn6-gwolkCcCbA_LACQajntWnmOaWI7X4texrXebLJ1q2KvDoY71CFK4MA8Q?stp=s256x144&edm=AOnQwmMEAAAA&_nc_gid=bP_pt6foLRhio0n4UnbyhA&_nc_oc=AdrFkjzldQwAR0gorM6Xn1TlhupwnR-iBkn47F211MP-7ganIeNFpPrrO4FkCouDMLM&ccb=10-5&oh=00_Af7Q_eeWLcqcnIrucJnySIGRYCnLhsuzHGoUqxiDvzUB8A&oe=6A39366E&_nc_sid=201bca",
        "IMAGE_PREVIEW_URL": "https://scontent-bos5-1.xx.fbcdn.net/m1/v/t6/An8OXWfQoc_VCpjMWZH3iQUgscV2xeKIhw1A2kmQuOTzh8xigqK_DgqQ40f0JYc94j9UhSaR5Xan7aq4qH_ny0d4baqn6-gwolkCcCbA_LACQajntWnmOaWI7X4texrXebLJ1q2KvDoY71CFK4MA8Q?stp=s1024x576&edm=AOnQwmMEAAAA&_nc_gid=bP_pt6foLRhio0n4UnbyhA&_nc_oc=AdrFkjzldQwAR0gorM6Xn1TlhupwnR-iBkn47F211MP-7ganIeNFpPrrO4FkCouDMLM&ccb=10-5&oh=00_Af55qb_ooPclNtdyIE8GKM1DH1PEd3ip9TDbtL0zuiQJ2A&oe=6A39366E&_nc_sid=201bca",
        "IMAGE_ORIGINAL_URL": "https://scontent-bos5-1.xx.fbcdn.net/m1/v/t6/An8OXWfQoc_VCpjMWZH3iQUgscV2xeKIhw1A2kmQuOTzh8xigqK_DgqQ40f0JYc94j9UhSaR5Xan7aq4qH_ny0d4baqn6-gwolkCcCbA_LACQajntWnmOaWI7X4texrXebLJ1q2KvDoY71CFK4MA8Q?edm=AOnQwmMEAAAA&_nc_gid=bP_pt6foLRhio0n4UnbyhA&_nc_oc=AdrFkjzldQwAR0gorM6Xn1TlhupwnR-iBkn47F211MP-7ganIeNFpPrrO4FkCouDMLM&ccb=10-5&oh=00_Af6tBBcoyW76tJ0lk2re-2N5pQC2ImiuQZOlytRgpZBF1w&oe=6A39366E&_nc_sid=201bca",
        "SOURCE_URL": "https://www.mapillary.com/app/?pKey=1212484799167915",
        "SAMPLE_MUNICIPALITY": "Medford",
        "SAMPLE_STREET_NAME": "SALEM STREET",
        "SAMPLE_SEGMENT_ID": 386937,
        "SAMPLE_LAT": 42.4220075399395,
        "SAMPLE_LNG": -71.0947095215555
      }
    },
    {
      "type": "Feature",
      "geometry": {
        "type": "Point",
        "coordinates": [
          -71.094779458034,
          42.421997082399
        ]
      },
      "properties": {
        "PROVIDER": "mapillary",
        "IMAGE_ID": "574923513471113",
        "SEQUENCE_ID": "29HE-Ccwwa-WXqJhPOSLlQ",
        "CAPTURED_AT": 1506972560700,
        "HEADING": 255.95891766345,
        "IMAGE_THUMB_URL": "https://scontent-bos5-1.xx.fbcdn.net/m1/v/t6/An8_TOgJPWyBV2BlFaKz2xioMyl8rNN2RWtTFiWx9LpeU8Q2c_XHNe2fyCoircjd5AuLXonv3b4s5PhDT8oRF5qWQOUMKnEtao6zeE6P9hg4a-9JFsWenUXznsZpT0FQPKQoM5SPHLNVtz-Rbl_4kA?stp=s256x144&edm=AOnQwmMEAAAA&_nc_gid=bP_pt6foLRhio0n4UnbyhA&_nc_oc=AdqlyEp2Iqhi5cHQJFNF3I_KXM4ptH5vbDQd9mvMtJimxeBNCNxkx4GGFDzVX9EGYOc&ccb=10-5&oh=00_Af5-ZSzfsPaKAwrdCErYF-5HXpCrd82MEwWrY6EEYlFDuQ&oe=6A393DF0&_nc_sid=201bca",
        "IMAGE_PREVIEW_URL": "https://scontent-bos5-1.xx.fbcdn.net/m1/v/t6/An8_TOgJPWyBV2BlFaKz2xioMyl8rNN2RWtTFiWx9LpeU8Q2c_XHNe2fyCoircjd5AuLXonv3b4s5PhDT8oRF5qWQOUMKnEtao6zeE6P9hg4a-9JFsWenUXznsZpT0FQPKQoM5SPHLNVtz-Rbl_4kA?stp=s1024x576&edm=AOnQwmMEAAAA&_nc_gid=bP_pt6foLRhio0n4UnbyhA&_nc_oc=AdqlyEp2Iqhi5cHQJFNF3I_KXM4ptH5vbDQd9mvMtJimxeBNCNxkx4GGFDzVX9EGYOc&ccb=10-5&oh=00_Af52BycYGkXH-cpqUZi-zRYgBj6XeUKF2jBa57GwhtEFsw&oe=6A393DF0&_nc_sid=201bca",
        "IMAGE_ORIGINAL_URL": "https://scontent-bos5-1.xx.fbcdn.net/m1/v/t6/An8_TOgJPWyBV2BlFaKz2xioMyl8rNN2RWtTFiWx9LpeU8Q2c_XHNe2fyCoircjd5AuLXonv3b4s5PhDT8oRF5qWQOUMKnEtao6zeE6P9hg4a-9JFsWenUXznsZpT0FQPKQoM5SPHLNVtz-Rbl_4kA?edm=AOnQwmMEAAAA&_nc_gid=bP_pt6foLRhio0n4UnbyhA&_nc_oc=AdqlyEp2Iqhi5cHQJFNF3I_KXM4ptH5vbDQd9mvMtJimxeBNCNxkx4GGFDzVX9EGYOc&ccb=10-5&oh=00_Af5QHpyTbkHC3Z5vueVQi0hrsZxT2-wphBEJmmMZCyqGUg&oe=6A393DF0&_nc_sid=201bca",
        "SOURCE_URL": "https://www.mapillary.com/app/?pKey=574923513471113",
        "SAMPLE_MUNICIPALITY": "Medford",
        "SAMPLE_STREET_NAME": "SALEM STREET",
        "SAMPLE_SEGMENT_ID": 386937,
        "SAMPLE_LAT": 42.4220075399395,
        "SAMPLE_LNG": -71.0947095215555
      }
    },
    {
      "type": "Feature",
      "geometry": {
        "type": "Point",
        "coordinates": [
          -71.093920522127,
          42.42213223464
        ]
      },
      "properties": {
        "PROVIDER": "mapillary",
        "IMAGE_ID": "1106014556550227",
        "SEQUENCE_ID": "29HE-Ccwwa-WXqJhPOSLlQ",
        "CAPTURED_AT": 1506972553100,
        "HEADING": 258.44370970225,
        "IMAGE_THUMB_URL": "https://scontent-bos5-1.xx.fbcdn.net/m1/v/t6/An_wG3iQh4oPiDYP1pHIT8g583k7pQgnKwWM01s81bBcPV8an6zKawbhxRqxkGEneV25ZTnjjR1n37mvTu5KLOpLq7ugraNsJnkY5buSokqtyINUf9bLslFeOhThckm4gzVagGajxdL8GDWitJQAHw?stp=s256x144&edm=AOnQwmMEAAAA&_nc_gid=bP_pt6foLRhio0n4UnbyhA&_nc_oc=Adrg8D5Avv0Uoeu0vbogDx6ji2EiBTwjxGwANoLiUNkhp0LsumVC-ELv5-60-ekYFuY&ccb=10-5&oh=00_Af5xSBsAK0ODKKaO9JOEEOk9HfanCM_obDKSTQYqeRXZIg&oe=6A393A1A&_nc_sid=201bca",
        "IMAGE_PREVIEW_URL": "https://scontent-bos5-1.xx.fbcdn.net/m1/v/t6/An_wG3iQh4oPiDYP1pHIT8g583k7pQgnKwWM01s81bBcPV8an6zKawbhxRqxkGEneV25ZTnjjR1n37mvTu5KLOpLq7ugraNsJnkY5buSokqtyINUf9bLslFeOhThckm4gzVagGajxdL8GDWitJQAHw?stp=s1024x576&edm=AOnQwmMEAAAA&_nc_gid=bP_pt6foLRhio0n4UnbyhA&_nc_oc=Adrg8D5Avv0Uoeu0vbogDx6ji2EiBTwjxGwANoLiUNkhp0LsumVC-ELv5-60-ekYFuY&ccb=10-5&oh=00_Af4qNxl45xcxKjuit4LsfQvvwdhE68aUgDV9ougu8erEGg&oe=6A393A1A&_nc_sid=201bca",
        "IMAGE_ORIGINAL_URL": "https://scontent-bos5-1.xx.fbcdn.net/m1/v/t6/An_wG3iQh4oPiDYP1pHIT8g583k7pQgnKwWM01s81bBcPV8an6zKawbhxRqxkGEneV25ZTnjjR1n37mvTu5KLOpLq7ugraNsJnkY5buSokqtyINUf9bLslFeOhThckm4gzVagGajxdL8GDWitJQAHw?edm=AOnQwmMEAAAA&_nc_gid=bP_pt6foLRhio0n4UnbyhA&_nc_oc=Adrg8D5Avv0Uoeu0vbogDx6ji2EiBTwjxGwANoLiUNkhp0LsumVC-ELv5-60-ekYFuY&ccb=10-5&oh=00_Af6_mJr5P-EKihgom7TnZqXaYe2-B_ytOcJBlxba1ZOucg&oe=6A393A1A&_nc_sid=201bca",
        "SOURCE_URL": "https://www.mapillary.com/app/?pKey=1106014556550227",
        "SAMPLE_MUNICIPALITY": "Medford",
        "SAMPLE_STREET_NAME": "SALEM STREET",
        "SAMPLE_SEGMENT_ID": 386937,
        "SAMPLE_LAT": 42.4220075399395,
        "SAMPLE_LNG": -71.0947095215555
      }
    },
    {
      "type": "Feature",
      "geometry": {
        "type": "Point",
        "coordinates": [
          -71.095075593645,
          42.421951573692
        ]
      },
      "properties": {
        "PROVIDER": "mapillary",
        "IMAGE_ID": "821208242135418",
        "SEQUENCE_ID": "29HE-Ccwwa-WXqJhPOSLlQ",
        "CAPTURED_AT": 1506972562800,
        "HEADING": 255.0312096874,
        "IMAGE_THUMB_URL": "https://scontent-bos5-1.xx.fbcdn.net/m1/v/t6/An-nn7GO4ZvI3Tjq62sukUnIUyv7iIFZ3QYiGQlGpFmAc_pIKKzA1PrVXVaKZoUz6uSybs20HKyYZwMNem-ptJfzSErjKtbiQdQBq-jnFpiSsvn3fuYfjDCYb8RL5wRZaDRrdXRKHbygP6XB4C8d6Q?stp=s256x144&edm=AOnQwmMEAAAA&_nc_gid=bP_pt6foLRhio0n4UnbyhA&_nc_oc=AdpXS69YtMRUVWmuJlcSuz1YP0NRvNsKjPXPPQ99zJIOlj972L3YloHAEOmdH4nKqvk&ccb=10-5&oh=00_Af6ur2xTIK7AyCfhPA5_FknSdr-BYtjl7mBrm7Qt9JQFlg&oe=6A393AE1&_nc_sid=201bca",
        "IMAGE_PREVIEW_URL": "https://scontent-bos5-1.xx.fbcdn.net/m1/v/t6/An-nn7GO4ZvI3Tjq62sukUnIUyv7iIFZ3QYiGQlGpFmAc_pIKKzA1PrVXVaKZoUz6uSybs20HKyYZwMNem-ptJfzSErjKtbiQdQBq-jnFpiSsvn3fuYfjDCYb8RL5wRZaDRrdXRKHbygP6XB4C8d6Q?stp=s1024x576&edm=AOnQwmMEAAAA&_nc_gid=bP_pt6foLRhio0n4UnbyhA&_nc_oc=AdpXS69YtMRUVWmuJlcSuz1YP0NRvNsKjPXPPQ99zJIOlj972L3YloHAEOmdH4nKqvk&ccb=10-5&oh=00_Af7CVBz4RZsfGUHuehM8CbDtoebgVdr2RuqWAV9_x4G4EA&oe=6A393AE1&_nc_sid=201bca",
        "IMAGE_ORIGINAL_URL": "https://scontent-bos5-1.xx.fbcdn.net/m1/v/t6/An-nn7GO4ZvI3Tjq62sukUnIUyv7iIFZ3QYiGQlGpFmAc_pIKKzA1PrVXVaKZoUz6uSybs20HKyYZwMNem-ptJfzSErjKtbiQdQBq-jnFpiSsvn3fuYfjDCYb8RL5wRZaDRrdXRKHbygP6XB4C8d6Q?edm=AOnQwmMEAAAA&_nc_gid=bP_pt6foLRhio0n4UnbyhA&_nc_oc=AdpXS69YtMRUVWmuJlcSuz1YP0NRvNsKjPXPPQ99zJIOlj972L3YloHAEOmdH4nKqvk&ccb=10-5&oh=00_Af5Ce0PsiRl9dppaOjYvPSFTyYjFUtFUwiw5V9W2Zl5UMw&oe=6A393AE1&_nc_sid=201bca",
        "SOURCE_URL": "https://www.mapillary.com/app/?pKey=821208242135418",
        "SAMPLE_MUNICIPALITY": "Medford",
        "SAMPLE_STREET_NAME": "SALEM STREET",
        "SAMPLE_SEGMENT_ID": 386937,
        "SAMPLE_LAT": 42.4220075399395,
        "SAMPLE_LNG": -71.0947095215555
      }
    },
    {
      "type": "Feature",
      "geometry": {
        "type": "Point",
        "coordinates": [
          -71.094209928494,
          42.42208737556
        ]
      },
      "properties": {
        "PROVIDER": "mapillary",
        "IMAGE_ID": "211997940499392",
        "SEQUENCE_ID": "29HE-Ccwwa-WXqJhPOSLlQ",
        "CAPTURED_AT": 1506972556200,
        "HEADING": 253.9216761842,
        "IMAGE_THUMB_URL": "https://scontent-bos5-1.xx.fbcdn.net/m1/v/t6/An8VA1Q54tMDmlAqk2Ly7XMReKYvMmAM4C-7qwtrROgbN52SwOHmTvHozgKwc_1Y7xre-4mlM6YQL3MwjSZIXJX9X5XVas4gkl-LXSuLa-WneovSWxJc9GFjv1ttbcO9ty6T-03Vy2ZwsTw1_o103A?stp=s256x144&edm=AOnQwmMEAAAA&_nc_gid=bP_pt6foLRhio0n4UnbyhA&_nc_oc=AdpHKqR4toSmdFzNCkIHLKgKgNy7hjDU9F1NNuEGhzxeP8ghNt3a9pE6QX-U_RQo9C4&ccb=10-5&oh=00_Af6iHCGj4info7r6NAOnotR1QBmNuo8SmVM1716xnNnlAg&oe=6A39449B&_nc_sid=201bca",
        "IMAGE_PREVIEW_URL": "https://scontent-bos5-1.xx.fbcdn.net/m1/v/t6/An8VA1Q54tMDmlAqk2Ly7XMReKYvMmAM4C-7qwtrROgbN52SwOHmTvHozgKwc_1Y7xre-4mlM6YQL3MwjSZIXJX9X5XVas4gkl-LXSuLa-WneovSWxJc9GFjv1ttbcO9ty6T-03Vy2ZwsTw1_o103A?stp=s1024x576&edm=AOnQwmMEAAAA&_nc_gid=bP_pt6foLRhio0n4UnbyhA&_nc_oc=AdpHKqR4toSmdFzNCkIHLKgKgNy7hjDU9F1NNuEGhzxeP8ghNt3a9pE6QX-U_RQo9C4&ccb=10-5&oh=00_Af7Wl5x8-hWLLs1QYhJC0qG2BRcScDm3bRSM6wqyeMTKnQ&oe=6A39449B&_nc_sid=201bca",
        "IMAGE_ORIGINAL_URL": "https://scontent-bos5-1.xx.fbcdn.net/m1/v/t6/An8VA1Q54tMDmlAqk2Ly7XMReKYvMmAM4C-7qwtrROgbN52SwOHmTvHozgKwc_1Y7xre-4mlM6YQL3MwjSZIXJX9X5XVas4gkl-LXSuLa-WneovSWxJc9GFjv1ttbcO9ty6T-03Vy2ZwsTw1_o103A?edm=AOnQwmMEAAAA&_nc_gid=bP_pt6foLRhio0n4UnbyhA&_nc_oc=AdpHKqR4toSmdFzNCkIHLKgKgNy7hjDU9F1NNuEGhzxeP8ghNt3a9pE6QX-U_RQo9C4&ccb=10-5&oh=00_Af7m7glk1bz4a1_fOgJU8Yn81lfO0DMCqZ6_z139IUYx0g&oe=6A39449B&_nc_sid=201bca",
        "SOURCE_URL": "https://www.mapillary.com/app/?pKey=211997940499392",
        "SAMPLE_MUNICIPALITY": "Medford",
        "SAMPLE_STREET_NAME": "SALEM STREET",
        "SAMPLE_SEGMENT_ID": 386937,
        "SAMPLE_LAT": 42.4220075399395,
        "SAMPLE_LNG": -71.0947095215555
      }
    },
    {
      "type": "Feature",
      "geometry": {
        "type": "Point",
        "coordinates": [
          -71.094598900091,
          42.42202644777
        ]
      },
      "properties": {
        "PROVIDER": "mapillary",
        "IMAGE_ID": "1078911265972996",
        "SEQUENCE_ID": "29HE-Ccwwa-WXqJhPOSLlQ",
        "CAPTURED_AT": 1506972559400,
        "HEADING": 258.3244065161,
        "IMAGE_THUMB_URL": "https://scontent-bos5-1.xx.fbcdn.net/m1/v/t6/An_TQIaMqULBYdcii2NDoKf37hSDk78G4giaL1yPjpqg1rhLPh1GYY8Cg6n-19nljcCA3r9FdgkoqsCVr75ilB-VYYCssgLCyClB2Rb050jTs_OpmQDfNA0oLK9SOcbpWzeCHcUdt4I2EQn994Qu0g?stp=s256x144&edm=AOnQwmMEAAAA&_nc_gid=bP_pt6foLRhio0n4UnbyhA&_nc_oc=AdowE1sOEv8-IoGxnjSDpNZp_osF0-250-7iRJkrA30LObWqgXfqes7sUU5QUucB9sY&ccb=10-5&oh=00_Af6obN67CbjNeaXHM5lxTWadeN58DQxkbeIWAsfejDVFUA&oe=6A3961FD&_nc_sid=201bca",
        "IMAGE_PREVIEW_URL": "https://scontent-bos5-1.xx.fbcdn.net/m1/v/t6/An_TQIaMqULBYdcii2NDoKf37hSDk78G4giaL1yPjpqg1rhLPh1GYY8Cg6n-19nljcCA3r9FdgkoqsCVr75ilB-VYYCssgLCyClB2Rb050jTs_OpmQDfNA0oLK9SOcbpWzeCHcUdt4I2EQn994Qu0g?stp=s1024x576&edm=AOnQwmMEAAAA&_nc_gid=bP_pt6foLRhio0n4UnbyhA&_nc_oc=AdowE1sOEv8-IoGxnjSDpNZp_osF0-250-7iRJkrA30LObWqgXfqes7sUU5QUucB9sY&ccb=10-5&oh=00_Af4J5L0-ak7kDnh02XAYs3ACqWVSw_D0eMorTB4PtymebA&oe=6A3961FD&_nc_sid=201bca",
        "IMAGE_ORIGINAL_URL": "https://scontent-bos5-1.xx.fbcdn.net/m1/v/t6/An_TQIaMqULBYdcii2NDoKf37hSDk78G4giaL1yPjpqg1rhLPh1GYY8Cg6n-19nljcCA3r9FdgkoqsCVr75ilB-VYYCssgLCyClB2Rb050jTs_OpmQDfNA0oLK9SOcbpWzeCHcUdt4I2EQn994Qu0g?edm=AOnQwmMEAAAA&_nc_gid=bP_pt6foLRhio0n4UnbyhA&_nc_oc=AdowE1sOEv8-IoGxnjSDpNZp_osF0-250-7iRJkrA30LObWqgXfqes7sUU5QUucB9sY&ccb=10-5&oh=00_Af6R7pryTEXz4KTPjvg6Yj6ySwN-Lz5ZDIzPR4CaGXVPJA&oe=6A3961FD&_nc_sid=201bca",
        "SOURCE_URL": "https://www.mapillary.com/app/?pKey=1078911265972996",
        "SAMPLE_MUNICIPALITY": "Medford",
        "SAMPLE_STREET_NAME": "SALEM STREET",
        "SAMPLE_SEGMENT_ID": 386937,
        "SAMPLE_LAT": 42.4220075399395,
        "SAMPLE_LNG": -71.0947095215555
      }
    },
    {
      "type": "Feature",
      "geometry": {
        "type": "Point",
        "coordinates": [
          -71.094572259792,
          42.422030719796
        ]
      },
      "properties": {
        "PROVIDER": "mapillary",
        "IMAGE_ID": "1365544697147150",
        "SEQUENCE_ID": "29HE-Ccwwa-WXqJhPOSLlQ",
        "CAPTURED_AT": 1506972559200,
        "HEADING": 258.32461634365,
        "IMAGE_THUMB_URL": "https://scontent-bos5-1.xx.fbcdn.net/m1/v/t6/An-dAFwHlMyYvBb4gZ63cICENc6hNqTMGYH3QI9K_Fl13PA94CGG0cjfAU1l3KRxf63Y1z58lAiw4-fE8SiiAYlQp_LzEMLlc_weEaGfdLji-aRY-c9MQaDFMysltb5I9FoSBwhAzKVu2oQAqe0GnA?stp=s256x144&edm=AOnQwmMEAAAA&_nc_gid=bP_pt6foLRhio0n4UnbyhA&_nc_oc=AdrlUmfliL7FNRoKnghKWOdwAGZPoRrEZ3PlCzAizOjttuDn7LQviWZoO82bToZGJig&ccb=10-5&oh=00_Af5G6-WzqEhKGVG3Dx6vGIpWP_x0S6b5H1EJCy_27s_kng&oe=6A3950C6&_nc_sid=201bca",
        "IMAGE_PREVIEW_URL": "https://scontent-bos5-1.xx.fbcdn.net/m1/v/t6/An-dAFwHlMyYvBb4gZ63cICENc6hNqTMGYH3QI9K_Fl13PA94CGG0cjfAU1l3KRxf63Y1z58lAiw4-fE8SiiAYlQp_LzEMLlc_weEaGfdLji-aRY-c9MQaDFMysltb5I9FoSBwhAzKVu2oQAqe0GnA?stp=s1024x576&edm=AOnQwmMEAAAA&_nc_gid=bP_pt6foLRhio0n4UnbyhA&_nc_oc=AdrlUmfliL7FNRoKnghKWOdwAGZPoRrEZ3PlCzAizOjttuDn7LQviWZoO82bToZGJig&ccb=10-5&oh=00_Af603hXntTp3Eny7C05jMQuH46c9wBmS63i0wygts6KZtQ&oe=6A3950C6&_nc_sid=201bca",
        "IMAGE_ORIGINAL_URL": "https://scontent-bos5-1.xx.fbcdn.net/m1/v/t6/An-dAFwHlMyYvBb4gZ63cICENc6hNqTMGYH3QI9K_Fl13PA94CGG0cjfAU1l3KRxf63Y1z58lAiw4-fE8SiiAYlQp_LzEMLlc_weEaGfdLji-aRY-c9MQaDFMysltb5I9FoSBwhAzKVu2oQAqe0GnA?edm=AOnQwmMEAAAA&_nc_gid=bP_pt6foLRhio0n4UnbyhA&_nc_oc=AdrlUmfliL7FNRoKnghKWOdwAGZPoRrEZ3PlCzAizOjttuDn7LQviWZoO82bToZGJig&ccb=10-5&oh=00_Af7LdUIos16lhjuE5RCw4tbFhQM9uNOsaPbL9CcDJlvm9w&oe=6A3950C6&_nc_sid=201bca",
        "SOURCE_URL": "https://www.mapillary.com/app/?pKey=1365544697147150",
        "SAMPLE_MUNICIPALITY": "Medford",
        "SAMPLE_STREET_NAME": "SALEM STREET",
        "SAMPLE_SEGMENT_ID": 386937,
        "SAMPLE_LAT": 42.4220075399395,
        "SAMPLE_LNG": -71.0947095215555
      }
    },
    {
      "type": "Feature",
      "geometry": {
        "type": "Point",
        "coordinates": [
          -71.095222557701,
          42.421930386693
        ]
      },
      "properties": {
        "PROVIDER": "mapillary",
        "IMAGE_ID": "159429606119670",
        "SEQUENCE_ID": "29HE-Ccwwa-WXqJhPOSLlQ",
        "CAPTURED_AT": 1506972563800,
        "HEADING": 254.6578608291,
        "IMAGE_THUMB_URL": "https://scontent-bos5-1.xx.fbcdn.net/m1/v/t6/An-K201GWrzdiEJ58YgiBfnI5QLyTL49-Y177MC74sEuT7ZXPOdK0PMoJTSRdtRuYmDswXXOsR74kkc1OtAVAmsQaAcrKxya-_e6A6rTU3y5DWXDSpETZhSzsww2C9vKE3xccesbMqh0r33XKKts_A?stp=s256x144&edm=AOnQwmMEAAAA&_nc_gid=bP_pt6foLRhio0n4UnbyhA&_nc_oc=AdpkIAYW9yJZwWP9pFSd9CVE0BGoblzn2B-IEzjXm4A0xMeWlu7J5AvKThFmGozbV8Q&ccb=10-5&oh=00_Af7OMiqepLVF3Gl0ACG-FqAQsoiLBc_wmpP1QQXgnK3f1Q&oe=6A393DAA&_nc_sid=201bca",
        "IMAGE_PREVIEW_URL": "https://scontent-bos5-1.xx.fbcdn.net/m1/v/t6/An-K201GWrzdiEJ58YgiBfnI5QLyTL49-Y177MC74sEuT7ZXPOdK0PMoJTSRdtRuYmDswXXOsR74kkc1OtAVAmsQaAcrKxya-_e6A6rTU3y5DWXDSpETZhSzsww2C9vKE3xccesbMqh0r33XKKts_A?stp=s1024x576&edm=AOnQwmMEAAAA&_nc_gid=bP_pt6foLRhio0n4UnbyhA&_nc_oc=AdpkIAYW9yJZwWP9pFSd9CVE0BGoblzn2B-IEzjXm4A0xMeWlu7J5AvKThFmGozbV8Q&ccb=10-5&oh=00_Af7TgnitcG_-PnobKLDP3bjtJeWMH4mE06GDnmB44RLf-Q&oe=6A393DAA&_nc_sid=201bca",
        "IMAGE_ORIGINAL_URL": "https://scontent-bos5-1.xx.fbcdn.net/m1/v/t6/An-K201GWrzdiEJ58YgiBfnI5QLyTL49-Y177MC74sEuT7ZXPOdK0PMoJTSRdtRuYmDswXXOsR74kkc1OtAVAmsQaAcrKxya-_e6A6rTU3y5DWXDSpETZhSzsww2C9vKE3xccesbMqh0r33XKKts_A?edm=AOnQwmMEAAAA&_nc_gid=bP_pt6foLRhio0n4UnbyhA&_nc_oc=AdpkIAYW9yJZwWP9pFSd9CVE0BGoblzn2B-IEzjXm4A0xMeWlu7J5AvKThFmGozbV8Q&ccb=10-5&oh=00_Af4hty8enmiWkQSQMmNorsQofpn6JFZshKzPW7WhhXEBLg&oe=6A393DAA&_nc_sid=201bca",
        "SOURCE_URL": "https://www.mapillary.com/app/?pKey=159429606119670",
        "SAMPLE_MUNICIPALITY": "Medford",
        "SAMPLE_STREET_NAME": "SALEM STREET",
        "SAMPLE_SEGMENT_ID": 386937,
        "SAMPLE_LAT": 42.4220075399395,
        "SAMPLE_LNG": -71.0947095215555
      }
    },
    {
      "type": "Feature",
      "geometry": {
        "type": "Point",
        "coordinates": [
          -71.094585586748,
          42.422028611586
        ]
      },
      "properties": {
        "PROVIDER": "mapillary",
        "IMAGE_ID": "503556707739123",
        "SEQUENCE_ID": "29HE-Ccwwa-WXqJhPOSLlQ",
        "CAPTURED_AT": 1506972559300,
        "HEADING": 258.32485895941,
        "IMAGE_THUMB_URL": "https://scontent-bos5-1.xx.fbcdn.net/m1/v/t6/An8uuox85lwiOI0Nuqu-T_uHIol7kG_uUcBfah8iGUiHCZixtIj9YyQetMp6OGBhIeacLCwyACnfJY_LGE9TRx4sFGltDSl6p7ECdugW36rFffjCqT46LVt6XN9bbpPWZuY16BdQ7cUSc-xZUr4-2A?stp=s256x144&edm=AOnQwmMEAAAA&_nc_gid=bP_pt6foLRhio0n4UnbyhA&_nc_oc=Adqw5agL7LxObca6NDdjAKiebNU18uQf2fpHYyel-uVBcIwv7Nvjg-bQIrmfRhS13HA&ccb=10-5&oh=00_Af7AJMBjcAHVmeQ3hXYDIim4CYp31qInbce-BAP4qUNe7w&oe=6A3956E3&_nc_sid=201bca",
        "IMAGE_PREVIEW_URL": "https://scontent-bos5-1.xx.fbcdn.net/m1/v/t6/An8uuox85lwiOI0Nuqu-T_uHIol7kG_uUcBfah8iGUiHCZixtIj9YyQetMp6OGBhIeacLCwyACnfJY_LGE9TRx4sFGltDSl6p7ECdugW36rFffjCqT46LVt6XN9bbpPWZuY16BdQ7cUSc-xZUr4-2A?stp=s1024x576&edm=AOnQwmMEAAAA&_nc_gid=bP_pt6foLRhio0n4UnbyhA&_nc_oc=Adqw5agL7LxObca6NDdjAKiebNU18uQf2fpHYyel-uVBcIwv7Nvjg-bQIrmfRhS13HA&ccb=10-5&oh=00_Af4OXw8CkHCOs-fj95PnQIQMbOM5R-agk5Seh7WmMGGOpQ&oe=6A3956E3&_nc_sid=201bca",
        "IMAGE_ORIGINAL_URL": "https://scontent-bos5-1.xx.fbcdn.net/m1/v/t6/An8uuox85lwiOI0Nuqu-T_uHIol7kG_uUcBfah8iGUiHCZixtIj9YyQetMp6OGBhIeacLCwyACnfJY_LGE9TRx4sFGltDSl6p7ECdugW36rFffjCqT46LVt6XN9bbpPWZuY16BdQ7cUSc-xZUr4-2A?edm=AOnQwmMEAAAA&_nc_gid=bP_pt6foLRhio0n4UnbyhA&_nc_oc=Adqw5agL7LxObca6NDdjAKiebNU18uQf2fpHYyel-uVBcIwv7Nvjg-bQIrmfRhS13HA&ccb=10-5&oh=00_Af6FUbKL-jb5QMxflmXmyWLwszRYWQRQbQ-_JbtBOJuA1Q&oe=6A3956E3&_nc_sid=201bca",
        "SOURCE_URL": "https://www.mapillary.com/app/?pKey=503556707739123",
        "SAMPLE_MUNICIPALITY": "Medford",
        "SAMPLE_STREET_NAME": "SALEM STREET",
        "SAMPLE_SEGMENT_ID": 386937,
        "SAMPLE_LAT": 42.4220075399395,
        "SAMPLE_LNG": -71.0947095215555
      }
    },
    {
      "type": "Feature",
      "geometry": {
        "type": "Point",
        "coordinates": [
          -71.09400779338,
          42.422118731503
        ]
      },
      "properties": {
        "PROVIDER": "mapillary",
        "IMAGE_ID": "3923074577807635",
        "SEQUENCE_ID": "29HE-Ccwwa-WXqJhPOSLlQ",
        "CAPTURED_AT": 1506972554100,
        "HEADING": 253.0489813245,
        "IMAGE_THUMB_URL": "https://scontent-bos5-1.xx.fbcdn.net/m1/v/t6/An9sLN3P7rP2ZrVe5MYxfbMBWKznm-JybBk9Uv7rWqzJb7YVuvW3YBeTEbLTPXpgFEdMr8c5-BH5DaXx9Yy3IUNPudRjOisnF5kPToC4udWJLoCu5e-KybTNZYjRk80eoEZ8tKUGOP1W4NVsfdKQQ3M?stp=s256x144&edm=AOnQwmMEAAAA&_nc_gid=bP_pt6foLRhio0n4UnbyhA&_nc_oc=AdrdQtSWx6PlhHoNFXms1BSRCqUM0KIitxYUq7dhrpIP671Ch0ugRCDgQOwa2NFeON8&ccb=10-5&oh=00_Af5pF47515rXdbsSfjjZY3RXcEnz8a042p4mz1ukk_nhIQ&oe=6A393FD8&_nc_sid=201bca",
        "IMAGE_PREVIEW_URL": "https://scontent-bos5-1.xx.fbcdn.net/m1/v/t6/An9sLN3P7rP2ZrVe5MYxfbMBWKznm-JybBk9Uv7rWqzJb7YVuvW3YBeTEbLTPXpgFEdMr8c5-BH5DaXx9Yy3IUNPudRjOisnF5kPToC4udWJLoCu5e-KybTNZYjRk80eoEZ8tKUGOP1W4NVsfdKQQ3M?stp=s1024x576&edm=AOnQwmMEAAAA&_nc_gid=bP_pt6foLRhio0n4UnbyhA&_nc_oc=AdrdQtSWx6PlhHoNFXms1BSRCqUM0KIitxYUq7dhrpIP671Ch0ugRCDgQOwa2NFeON8&ccb=10-5&oh=00_Af7zw63wnDyDdSJleav6o6w7w1R_d6WgQ2RCVO4CPWoZsQ&oe=6A393FD8&_nc_sid=201bca",
        "IMAGE_ORIGINAL_URL": "https://scontent-bos5-1.xx.fbcdn.net/m1/v/t6/An9sLN3P7rP2ZrVe5MYxfbMBWKznm-JybBk9Uv7rWqzJb7YVuvW3YBeTEbLTPXpgFEdMr8c5-BH5DaXx9Yy3IUNPudRjOisnF5kPToC4udWJLoCu5e-KybTNZYjRk80eoEZ8tKUGOP1W4NVsfdKQQ3M?edm=AOnQwmMEAAAA&_nc_gid=bP_pt6foLRhio0n4UnbyhA&_nc_oc=AdrdQtSWx6PlhHoNFXms1BSRCqUM0KIitxYUq7dhrpIP671Ch0ugRCDgQOwa2NFeON8&ccb=10-5&oh=00_Af7qKhpnkfw6_S6Ax6GOsy3-FAvA24BzP3efh4G6ZaQj8w&oe=6A393FD8&_nc_sid=201bca",
        "SOURCE_URL": "https://www.mapillary.com/app/?pKey=3923074577807635",
        "SAMPLE_MUNICIPALITY": "Medford",
        "SAMPLE_STREET_NAME": "SALEM STREET",
        "SAMPLE_SEGMENT_ID": 386937,
        "SAMPLE_LAT": 42.4220075399395,
        "SAMPLE_LNG": -71.0947095215555
      }
    },
    {
      "type": "Feature",
      "geometry": {
        "type": "Point",
        "coordinates": [
          -71.094807648923,
          42.421992486282
        ]
      },
      "properties": {
        "PROVIDER": "mapillary",
        "IMAGE_ID": "150822493719812",
        "SEQUENCE_ID": "29HE-Ccwwa-WXqJhPOSLlQ",
        "CAPTURED_AT": 1506972560900,
        "HEADING": 255.95891853402,
        "IMAGE_THUMB_URL": "https://scontent-bos5-1.xx.fbcdn.net/m1/v/t6/An9WnzakgMxwSV8EHNI6-xmEdqmyUUMhon0f-L1xhMQVLlQv69EDvG1nl-4JV9aoLtmIf04QHjemPi99zj6JyN-qanVKD43expxcK5c9UCRibsig-2iFQeoQkuIB_7SNPgJIaxVO1wY6-JzpsK7EJQ?stp=s256x144&edm=AOnQwmMEAAAA&_nc_gid=bP_pt6foLRhio0n4UnbyhA&_nc_oc=Ado7u64bJUGGEbio9S3KK0yB5oGFpcAUepgewmQF_bYShVxDK8-46GHWcSJMn8FdtO4&ccb=10-6&oh=00_Af4flZCNr6dFPLlKlnJcMbf00wF2TwHvT2apMHk036oi8A&oe=6A39415D&_nc_sid=201bca",
        "IMAGE_PREVIEW_URL": "https://scontent-bos5-1.xx.fbcdn.net/m1/v/t6/An9WnzakgMxwSV8EHNI6-xmEdqmyUUMhon0f-L1xhMQVLlQv69EDvG1nl-4JV9aoLtmIf04QHjemPi99zj6JyN-qanVKD43expxcK5c9UCRibsig-2iFQeoQkuIB_7SNPgJIaxVO1wY6-JzpsK7EJQ?stp=s1024x576&edm=AOnQwmMEAAAA&_nc_gid=bP_pt6foLRhio0n4UnbyhA&_nc_oc=Ado7u64bJUGGEbio9S3KK0yB5oGFpcAUepgewmQF_bYShVxDK8-46GHWcSJMn8FdtO4&ccb=10-5&oh=00_Af7nE2Z7jsDsjRPHSUQExT0_OoH57HAuD2T3cucW58jUfA&oe=6A39415D&_nc_sid=201bca",
        "IMAGE_ORIGINAL_URL": "https://scontent-bos5-1.xx.fbcdn.net/m1/v/t6/An9WnzakgMxwSV8EHNI6-xmEdqmyUUMhon0f-L1xhMQVLlQv69EDvG1nl-4JV9aoLtmIf04QHjemPi99zj6JyN-qanVKD43expxcK5c9UCRibsig-2iFQeoQkuIB_7SNPgJIaxVO1wY6-JzpsK7EJQ?edm=AOnQwmMEAAAA&_nc_gid=bP_pt6foLRhio0n4UnbyhA&_nc_oc=Ado7u64bJUGGEbio9S3KK0yB5oGFpcAUepgewmQF_bYShVxDK8-46GHWcSJMn8FdtO4&ccb=10-5&oh=00_Af7GNcZn0Qca7vadnFE34I75rcFUfOypOEqlWHOEy6ZsXg&oe=6A39415D&_nc_sid=201bca",
        "SOURCE_URL": "https://www.mapillary.com/app/?pKey=150822493719812",
        "SAMPLE_MUNICIPALITY": "Medford",
        "SAMPLE_STREET_NAME": "SALEM STREET",
        "SAMPLE_SEGMENT_ID": 386937,
        "SAMPLE_LAT": 42.4220075399395,
        "SAMPLE_LNG": -71.0947095215555
      }
    },
    {
      "type": "Feature",
      "geometry": {
        "type": "Point",
        "coordinates": [
          -71.095104984752,
          42.421947306722
        ]
      },
      "properties": {
        "PROVIDER": "mapillary",
        "IMAGE_ID": "865170530729798",
        "SEQUENCE_ID": "29HE-Ccwwa-WXqJhPOSLlQ",
        "CAPTURED_AT": 1506972563000,
        "HEADING": 254.65803899539,
        "IMAGE_THUMB_URL": "https://scontent-bos5-1.xx.fbcdn.net/m1/v/t6/An99BKLqZv8Q2ZO_-T-Ce2BSAaDHTj3eahK8o5v79kLSYxGhRm1816KsH54HIsrHHucQsQUyd9LnN5mITE1xXrWC14720F9GMTHEudtYxkBw6EIK6yHhgnUIvbsSifh7evBEXLTlC1RwCZoh3dNeVQ?stp=s256x144&edm=AOnQwmMEAAAA&_nc_gid=bP_pt6foLRhio0n4UnbyhA&_nc_oc=Adp7fjYHQypa2JXEBHnwJJgtGzT8yTLkf9ojs1WzAqvQn2ee353Q2k_GxG9EndJ3bDQ&ccb=10-5&oh=00_Af5mz1wgZPDd5vXMWr4EZTQY6rW7PIO1PkfXMNDThoSkJw&oe=6A3948ED&_nc_sid=201bca",
        "IMAGE_PREVIEW_URL": "https://scontent-bos5-1.xx.fbcdn.net/m1/v/t6/An99BKLqZv8Q2ZO_-T-Ce2BSAaDHTj3eahK8o5v79kLSYxGhRm1816KsH54HIsrHHucQsQUyd9LnN5mITE1xXrWC14720F9GMTHEudtYxkBw6EIK6yHhgnUIvbsSifh7evBEXLTlC1RwCZoh3dNeVQ?stp=s1024x576&edm=AOnQwmMEAAAA&_nc_gid=bP_pt6foLRhio0n4UnbyhA&_nc_oc=Adp7fjYHQypa2JXEBHnwJJgtGzT8yTLkf9ojs1WzAqvQn2ee353Q2k_GxG9EndJ3bDQ&ccb=10-5&oh=00_Af5BB2NyV1YbMvrXG2fSGZbhBPhfnjIPc8Dfo1MABf2TUw&oe=6A3948ED&_nc_sid=201bca",
        "IMAGE_ORIGINAL_URL": "https://scontent-bos5-1.xx.fbcdn.net/m1/v/t6/An99BKLqZv8Q2ZO_-T-Ce2BSAaDHTj3eahK8o5v79kLSYxGhRm1816KsH54HIsrHHucQsQUyd9LnN5mITE1xXrWC14720F9GMTHEudtYxkBw6EIK6yHhgnUIvbsSifh7evBEXLTlC1RwCZoh3dNeVQ?edm=AOnQwmMEAAAA&_nc_gid=bP_pt6foLRhio0n4UnbyhA&_nc_oc=Adp7fjYHQypa2JXEBHnwJJgtGzT8yTLkf9ojs1WzAqvQn2ee353Q2k_GxG9EndJ3bDQ&ccb=10-5&oh=00_Af4GhFMum99wxtLq1Mn9vd9jiByXdcNANGLzv48BzukqrA&oe=6A3948ED&_nc_sid=201bca",
        "SOURCE_URL": "https://www.mapillary.com/app/?pKey=865170530729798",
        "SAMPLE_MUNICIPALITY": "Medford",
        "SAMPLE_STREET_NAME": "SALEM STREET",
        "SAMPLE_SEGMENT_ID": 386937,
        "SAMPLE_LAT": 42.4220075399395,
        "SAMPLE_LNG": -71.0947095215555
      }
    },
    {
      "type": "Feature",
      "geometry": {
        "type": "Point",
        "coordinates": [
          -71.09486373659,
          42.421983365611
        ]
      },
      "properties": {
        "PROVIDER": "mapillary",
        "IMAGE_ID": "1153065248544490",
        "SEQUENCE_ID": "29HE-Ccwwa-WXqJhPOSLlQ",
        "CAPTURED_AT": 1506972561300,
        "HEADING": 256.06991180338,
        "IMAGE_THUMB_URL": "https://scontent-bos5-1.xx.fbcdn.net/m1/v/t6/An-BMb9gdvbXJ6W_ybZEGCFFVeLn4X74VYUU_ejdS8gP1fh64oJHYPr9FSKCQ-xdcg2BPm2_CowLyGvJDAjHYAdVDqkSx4lxsiLrs7h77hERYJ_bPhWCogUQU3eOOUp15Qj7LYbw1WIFucA-pSRI--A?stp=s256x144&edm=AOnQwmMEAAAA&_nc_gid=bP_pt6foLRhio0n4UnbyhA&_nc_oc=AdrDWJCT1wuf8W7p8qktCAU4FfTwaHjPwcVfNLccmjt7HKQbCzWV3Nyu0I0JfR2mxcY&ccb=10-6&oh=00_Af4bOkl_Kgad2Qz2GBbEFGG1N3IPUnXJ2RihPW0vFrJs9Q&oe=6A394242&_nc_sid=201bca",
        "IMAGE_PREVIEW_URL": "https://scontent-bos5-1.xx.fbcdn.net/m1/v/t6/An-BMb9gdvbXJ6W_ybZEGCFFVeLn4X74VYUU_ejdS8gP1fh64oJHYPr9FSKCQ-xdcg2BPm2_CowLyGvJDAjHYAdVDqkSx4lxsiLrs7h77hERYJ_bPhWCogUQU3eOOUp15Qj7LYbw1WIFucA-pSRI--A?stp=s1024x576&edm=AOnQwmMEAAAA&_nc_gid=bP_pt6foLRhio0n4UnbyhA&_nc_oc=AdrDWJCT1wuf8W7p8qktCAU4FfTwaHjPwcVfNLccmjt7HKQbCzWV3Nyu0I0JfR2mxcY&ccb=10-5&oh=00_Af5LPt5gSGAN09Frx5bgo7vKraSygx23caIW_Tf8ifqhqw&oe=6A394242&_nc_sid=201bca",
        "IMAGE_ORIGINAL_URL": "https://scontent-bos5-1.xx.fbcdn.net/m1/v/t6/An-BMb9gdvbXJ6W_ybZEGCFFVeLn4X74VYUU_ejdS8gP1fh64oJHYPr9FSKCQ-xdcg2BPm2_CowLyGvJDAjHYAdVDqkSx4lxsiLrs7h77hERYJ_bPhWCogUQU3eOOUp15Qj7LYbw1WIFucA-pSRI--A?edm=AOnQwmMEAAAA&_nc_gid=bP_pt6foLRhio0n4UnbyhA&_nc_oc=AdrDWJCT1wuf8W7p8qktCAU4FfTwaHjPwcVfNLccmjt7HKQbCzWV3Nyu0I0JfR2mxcY&ccb=10-5&oh=00_Af6LgdlctvIXENZ2mQJF5Y4v0JsVsGwAOxS11Qiy2l6T8g&oe=6A394242&_nc_sid=201bca",
        "SOURCE_URL": "https://www.mapillary.com/app/?pKey=1153065248544490",
        "SAMPLE_MUNICIPALITY": "Medford",
        "SAMPLE_STREET_NAME": "SALEM STREET",
        "SAMPLE_SEGMENT_ID": 386937,
        "SAMPLE_LAT": 42.4220075399395,
        "SAMPLE_LNG": -71.0947095215555
      }
    },
    {
      "type": "Feature",
      "geometry": {
        "type": "Point",
        "coordinates": [
          -71.094821720101,
          42.42199022204
        ]
      },
      "properties": {
        "PROVIDER": "mapillary",
        "IMAGE_ID": "294310242301953",
        "SEQUENCE_ID": "29HE-Ccwwa-WXqJhPOSLlQ",
        "CAPTURED_AT": 1506972561000,
        "HEADING": 256.0697702839,
        "IMAGE_THUMB_URL": "https://scontent-bos5-1.xx.fbcdn.net/m1/v/t6/An9viTTZjs5qAayZHtMClwmgBl_V_6aiKyLa0pOQH1Yzoos9idAPOytk6dP3SvYf8zTCV9GP9d-k3QNJUU_xchDGSGbwDDBM_P7-zHU2P8c-PC3yztb0AVoZbiQ_GUX84wzAZvwkqPkq5bLB-GXfVQ?stp=s256x144&edm=AOnQwmMEAAAA&_nc_gid=bP_pt6foLRhio0n4UnbyhA&_nc_oc=AdrwSgZB1C3v5AAiFWQvdpMBuTDRx-yaLMLJaWbqw_512GigkxtfW0d8bBNcbZL3a5w&ccb=10-5&oh=00_Af5Hdl3ofa5ImHarpKiilTtKgwP99S0DLxrlYq8jEZp58g&oe=6A39609B&_nc_sid=201bca",
        "IMAGE_PREVIEW_URL": "https://scontent-bos5-1.xx.fbcdn.net/m1/v/t6/An9viTTZjs5qAayZHtMClwmgBl_V_6aiKyLa0pOQH1Yzoos9idAPOytk6dP3SvYf8zTCV9GP9d-k3QNJUU_xchDGSGbwDDBM_P7-zHU2P8c-PC3yztb0AVoZbiQ_GUX84wzAZvwkqPkq5bLB-GXfVQ?stp=s1024x576&edm=AOnQwmMEAAAA&_nc_gid=bP_pt6foLRhio0n4UnbyhA&_nc_oc=AdrwSgZB1C3v5AAiFWQvdpMBuTDRx-yaLMLJaWbqw_512GigkxtfW0d8bBNcbZL3a5w&ccb=10-5&oh=00_Af4_suvJT5-kJVF-yinT2-0tRvKVB-tm0avFEVpq2HhoDg&oe=6A39609B&_nc_sid=201bca",
        "IMAGE_ORIGINAL_URL": "https://scontent-bos5-1.xx.fbcdn.net/m1/v/t6/An9viTTZjs5qAayZHtMClwmgBl_V_6aiKyLa0pOQH1Yzoos9idAPOytk6dP3SvYf8zTCV9GP9d-k3QNJUU_xchDGSGbwDDBM_P7-zHU2P8c-PC3yztb0AVoZbiQ_GUX84wzAZvwkqPkq5bLB-GXfVQ?edm=AOnQwmMEAAAA&_nc_gid=bP_pt6foLRhio0n4UnbyhA&_nc_oc=AdrwSgZB1C3v5AAiFWQvdpMBuTDRx-yaLMLJaWbqw_512GigkxtfW0d8bBNcbZL3a5w&ccb=10-5&oh=00_Af5BVG1_MftcSDfkARrnaaFd_9KKYPtMWM1FCbUQJI1vbg&oe=6A39609B&_nc_sid=201bca",
        "SOURCE_URL": "https://www.mapillary.com/app/?pKey=294310242301953",
        "SAMPLE_MUNICIPALITY": "Medford",
        "SAMPLE_STREET_NAME": "SALEM STREET",
        "SAMPLE_SEGMENT_ID": 386937,
        "SAMPLE_LAT": 42.4220075399395,
        "SAMPLE_LNG": -71.0947095215555
      }
    },
    {
      "type": "Feature",
      "geometry": {
        "type": "Point",
        "coordinates": [
          -71.094765349604,
          42.42199935463
        ]
      },
      "properties": {
        "PROVIDER": "mapillary",
        "IMAGE_ID": "891480678097570",
        "SEQUENCE_ID": "29HE-Ccwwa-WXqJhPOSLlQ",
        "CAPTURED_AT": 1506972560600,
        "HEADING": 255.95891728639,
        "IMAGE_THUMB_URL": "https://scontent-bos5-1.xx.fbcdn.net/m1/v/t6/An80i0Ow4EZLf28V6xBJBVF31cFeXGBwmqXg2bvsavDlqyzDmJXywycrvcFMOer8FBE--mepqLsP2aqG1ZBIEKfixyFIRYJZkBwD_xMqipm-4cDXTbr_P8vIksTHwjjSnnSlMCLUVE94JZ-FsdU_bA?stp=s256x144&edm=AOnQwmMEAAAA&_nc_gid=bP_pt6foLRhio0n4UnbyhA&_nc_oc=Adp1yO0kivZPDgCiJq9CZ2NJ3dYE6YzCYLoFRvXCR0-K638MHYho7xJ8eu4AremLXFU&ccb=10-5&oh=00_Af4I9_VgELOy4BuIZhEuSM1s-HNxvO7p1DS0OHL2BNdepA&oe=6A393A0A&_nc_sid=201bca",
        "IMAGE_PREVIEW_URL": "https://scontent-bos5-1.xx.fbcdn.net/m1/v/t6/An80i0Ow4EZLf28V6xBJBVF31cFeXGBwmqXg2bvsavDlqyzDmJXywycrvcFMOer8FBE--mepqLsP2aqG1ZBIEKfixyFIRYJZkBwD_xMqipm-4cDXTbr_P8vIksTHwjjSnnSlMCLUVE94JZ-FsdU_bA?stp=s1024x576&edm=AOnQwmMEAAAA&_nc_gid=bP_pt6foLRhio0n4UnbyhA&_nc_oc=Adp1yO0kivZPDgCiJq9CZ2NJ3dYE6YzCYLoFRvXCR0-K638MHYho7xJ8eu4AremLXFU&ccb=10-5&oh=00_Af4ZlEg6VxJwljiMv0Gn7DwDzcOT32b43GUPH2rw5tZUNQ&oe=6A393A0A&_nc_sid=201bca",
        "IMAGE_ORIGINAL_URL": "https://scontent-bos5-1.xx.fbcdn.net/m1/v/t6/An80i0Ow4EZLf28V6xBJBVF31cFeXGBwmqXg2bvsavDlqyzDmJXywycrvcFMOer8FBE--mepqLsP2aqG1ZBIEKfixyFIRYJZkBwD_xMqipm-4cDXTbr_P8vIksTHwjjSnnSlMCLUVE94JZ-FsdU_bA?edm=AOnQwmMEAAAA&_nc_gid=bP_pt6foLRhio0n4UnbyhA&_nc_oc=Adp1yO0kivZPDgCiJq9CZ2NJ3dYE6YzCYLoFRvXCR0-K638MHYho7xJ8eu4AremLXFU&ccb=10-5&oh=00_Af4Nd4dALeddObNsGfVepq9525AFdOTxtFm9j2QK_BmWSQ&oe=6A393A0A&_nc_sid=201bca",
        "SOURCE_URL": "https://www.mapillary.com/app/?pKey=891480678097570",
        "SAMPLE_MUNICIPALITY": "Medford",
        "SAMPLE_STREET_NAME": "SALEM STREET",
        "SAMPLE_SEGMENT_ID": 386937,
        "SAMPLE_LAT": 42.4220075399395,
        "SAMPLE_LNG": -71.0947095215555
      }
    },
    {
      "type": "Feature",
      "geometry": {
        "type": "Point",
        "coordinates": [
          -71.093971809093,
          42.422124264342
        ]
      },
      "properties": {
        "PROVIDER": "mapillary",
        "IMAGE_ID": "2851473891742229",
        "SEQUENCE_ID": "29HE-Ccwwa-WXqJhPOSLlQ",
        "CAPTURED_AT": 1506972553700,
        "HEADING": 258.44391010863,
        "IMAGE_THUMB_URL": "https://scontent-bos5-1.xx.fbcdn.net/m1/v/t6/An_Uxer8kfB_PyxTpJA03L6dDpK91feXzpiF4198KfUrw_tQKNMVQ7GHTe3yOrABpCzi_B-mUMkYo4g0YAcLyRzcP4sWzBys3SabhBboRTjBQLEbvDM-6GkJ8LBOztyz4kAjjkfTTYaAUsu27rqYyA?stp=s256x144&edm=AOnQwmMEAAAA&_nc_gid=bP_pt6foLRhio0n4UnbyhA&_nc_oc=AdrdUE479szNBLCOw5Buc5Go-9dzxAsAjQyidBwYY4owx43Ib3zEk6eJV5ZkjjlVKKg&ccb=10-5&oh=00_Af7PQsq8dvuiJ9ie4dQH_067cYLQc17UBlMSGJ9Cy9SmWQ&oe=6A393BEC&_nc_sid=201bca",
        "IMAGE_PREVIEW_URL": "https://scontent-bos5-1.xx.fbcdn.net/m1/v/t6/An_Uxer8kfB_PyxTpJA03L6dDpK91feXzpiF4198KfUrw_tQKNMVQ7GHTe3yOrABpCzi_B-mUMkYo4g0YAcLyRzcP4sWzBys3SabhBboRTjBQLEbvDM-6GkJ8LBOztyz4kAjjkfTTYaAUsu27rqYyA?stp=s1024x576&edm=AOnQwmMEAAAA&_nc_gid=bP_pt6foLRhio0n4UnbyhA&_nc_oc=AdrdUE479szNBLCOw5Buc5Go-9dzxAsAjQyidBwYY4owx43Ib3zEk6eJV5ZkjjlVKKg&ccb=10-5&oh=00_Af55dArIY7jF-2nnyMh7522yzXyhEZp6mtURfjwJKLuSqQ&oe=6A393BEC&_nc_sid=201bca",
        "IMAGE_ORIGINAL_URL": "https://scontent-bos5-1.xx.fbcdn.net/m1/v/t6/An_Uxer8kfB_PyxTpJA03L6dDpK91feXzpiF4198KfUrw_tQKNMVQ7GHTe3yOrABpCzi_B-mUMkYo4g0YAcLyRzcP4sWzBys3SabhBboRTjBQLEbvDM-6GkJ8LBOztyz4kAjjkfTTYaAUsu27rqYyA?edm=AOnQwmMEAAAA&_nc_gid=bP_pt6foLRhio0n4UnbyhA&_nc_oc=AdrdUE479szNBLCOw5Buc5Go-9dzxAsAjQyidBwYY4owx43Ib3zEk6eJV5ZkjjlVKKg&ccb=10-5&oh=00_Af6LU1crAogthbg5Kv91kN4X4IOTgTPeYsu57Odm4rV_tw&oe=6A393BEC&_nc_sid=201bca",
        "SOURCE_URL": "https://www.mapillary.com/app/?pKey=2851473891742229",
        "SAMPLE_MUNICIPALITY": "Medford",
        "SAMPLE_STREET_NAME": "SALEM STREET",
        "SAMPLE_SEGMENT_ID": 386937,
        "SAMPLE_LAT": 42.4220075399395,
        "SAMPLE_LNG": -71.0947095215555
      }
    },
    {
      "type": "Feature",
      "geometry": {
        "type": "Point",
        "coordinates": [
          -71.095237084371,
          42.421928138981
        ]
      },
      "properties": {
        "PROVIDER": "mapillary",
        "IMAGE_ID": "498815224900975",
        "SEQUENCE_ID": "29HE-Ccwwa-WXqJhPOSLlQ",
        "CAPTURED_AT": 1506972563900,
        "HEADING": 254.65786145088,
        "IMAGE_THUMB_URL": "https://scontent-bos5-1.xx.fbcdn.net/m1/v/t6/An9nors5zl93C8i9_fE9i7ZxfMxl65tlbh0hU4lFCFe8tORSyNvXRzsOmt0PHyFbGQGFhFjjNAGgsdqspKUOxlxkFDCNp752darw4rDZIkXZE_3vnf_wWIl7FX0WxJ98KVwFU2wKLhRowHbvMVCq4U0?stp=s256x144&edm=AOnQwmMEAAAA&_nc_gid=bP_pt6foLRhio0n4UnbyhA&_nc_oc=AdrJAbnojMV6w3y6F40Mt6jucxzM4cg8ITciYLD0_rhIFzKOvmcvZwJPABmOQESHIPo&ccb=10-5&oh=00_Af7MMpE5uxzzhmdB5jTZsvhdzYlFioGEkLLW8uVewQGAIg&oe=6A39369E&_nc_sid=201bca",
        "IMAGE_PREVIEW_URL": "https://scontent-bos5-1.xx.fbcdn.net/m1/v/t6/An9nors5zl93C8i9_fE9i7ZxfMxl65tlbh0hU4lFCFe8tORSyNvXRzsOmt0PHyFbGQGFhFjjNAGgsdqspKUOxlxkFDCNp752darw4rDZIkXZE_3vnf_wWIl7FX0WxJ98KVwFU2wKLhRowHbvMVCq4U0?stp=s1024x576&edm=AOnQwmMEAAAA&_nc_gid=bP_pt6foLRhio0n4UnbyhA&_nc_oc=AdrJAbnojMV6w3y6F40Mt6jucxzM4cg8ITciYLD0_rhIFzKOvmcvZwJPABmOQESHIPo&ccb=10-5&oh=00_Af7870HQIy_zOpzaXNxg8-Gy9MPOrx-UPdNfsN7l8bpcqg&oe=6A39369E&_nc_sid=201bca",
        "IMAGE_ORIGINAL_URL": "https://scontent-bos5-1.xx.fbcdn.net/m1/v/t6/An9nors5zl93C8i9_fE9i7ZxfMxl65tlbh0hU4lFCFe8tORSyNvXRzsOmt0PHyFbGQGFhFjjNAGgsdqspKUOxlxkFDCNp752darw4rDZIkXZE_3vnf_wWIl7FX0WxJ98KVwFU2wKLhRowHbvMVCq4U0?edm=AOnQwmMEAAAA&_nc_gid=bP_pt6foLRhio0n4UnbyhA&_nc_oc=AdrJAbnojMV6w3y6F40Mt6jucxzM4cg8ITciYLD0_rhIFzKOvmcvZwJPABmOQESHIPo&ccb=10-5&oh=00_Af5CgaCmzY1W3fHHyl7JJXIPgzVevegY4R2XZtFW32-wKQ&oe=6A39369E&_nc_sid=201bca",
        "SOURCE_URL": "https://www.mapillary.com/app/?pKey=498815224900975",
        "SAMPLE_MUNICIPALITY": "Medford",
        "SAMPLE_STREET_NAME": "SALEM STREET",
        "SAMPLE_SEGMENT_ID": 386937,
        "SAMPLE_LAT": 42.4220075399395,
        "SAMPLE_LNG": -71.0947095215555
      }
    },
    {
      "type": "Feature",
      "geometry": {
        "type": "Point",
        "coordinates": [
          -71.093980611602,
          42.422122937353
        ]
      },
      "properties": {
        "PROVIDER": "mapillary",
        "IMAGE_ID": "162579659204051",
        "SEQUENCE_ID": "29HE-Ccwwa-WXqJhPOSLlQ",
        "CAPTURED_AT": 1506972553800,
        "HEADING": 258.4436761434,
        "IMAGE_THUMB_URL": "https://scontent-bos5-1.xx.fbcdn.net/m1/v/t6/An8n1ZqnazX4ik030g2ehMu9C5oi5cmTF7jiWjDZgbdYEmnIwxbSR8oD9RpIzb8Xsd9fCQkUPs8BE5k5KeyXTynll1xnDhHOOfe4ecE1UhQm4lKkXPJ8TmoxbyCPYIHZgGofECrF1_lE0yTfCMk9lA?stp=s256x144&edm=AOnQwmMEAAAA&_nc_gid=bP_pt6foLRhio0n4UnbyhA&_nc_oc=AdppwlCv0iZ0YgEaDUoyHxsbaXNdQKsF1P3vZTbh0sGgyvPOjYQbssAPMTyF7BmaJaw&ccb=10-5&oh=00_Af4S_UifnV0NckJd9OQvPeipVth9H3Dvy275hI59y8rsCQ&oe=6A396115&_nc_sid=201bca",
        "IMAGE_PREVIEW_URL": "https://scontent-bos5-1.xx.fbcdn.net/m1/v/t6/An8n1ZqnazX4ik030g2ehMu9C5oi5cmTF7jiWjDZgbdYEmnIwxbSR8oD9RpIzb8Xsd9fCQkUPs8BE5k5KeyXTynll1xnDhHOOfe4ecE1UhQm4lKkXPJ8TmoxbyCPYIHZgGofECrF1_lE0yTfCMk9lA?stp=s1024x576&edm=AOnQwmMEAAAA&_nc_gid=bP_pt6foLRhio0n4UnbyhA&_nc_oc=AdppwlCv0iZ0YgEaDUoyHxsbaXNdQKsF1P3vZTbh0sGgyvPOjYQbssAPMTyF7BmaJaw&ccb=10-5&oh=00_Af4kmPloTcbZiV5rfYZFMhVNekv5eF8A6-wtHtyy2xleqQ&oe=6A396115&_nc_sid=201bca",
        "IMAGE_ORIGINAL_URL": "https://scontent-bos5-1.xx.fbcdn.net/m1/v/t6/An8n1ZqnazX4ik030g2ehMu9C5oi5cmTF7jiWjDZgbdYEmnIwxbSR8oD9RpIzb8Xsd9fCQkUPs8BE5k5KeyXTynll1xnDhHOOfe4ecE1UhQm4lKkXPJ8TmoxbyCPYIHZgGofECrF1_lE0yTfCMk9lA?edm=AOnQwmMEAAAA&_nc_gid=bP_pt6foLRhio0n4UnbyhA&_nc_oc=AdppwlCv0iZ0YgEaDUoyHxsbaXNdQKsF1P3vZTbh0sGgyvPOjYQbssAPMTyF7BmaJaw&ccb=10-6&oh=00_Af5LgwZstrqNE_uUS_aaenxH83BIfs1LTxDCujqjk0AArA&oe=6A396115&_nc_sid=201bca",
        "SOURCE_URL": "https://www.mapillary.com/app/?pKey=162579659204051",
        "SAMPLE_MUNICIPALITY": "Medford",
        "SAMPLE_STREET_NAME": "SALEM STREET",
        "SAMPLE_SEGMENT_ID": 386937,
        "SAMPLE_LAT": 42.4220075399395,
        "SAMPLE_LNG": -71.0947095215555
      }
    },
    {
      "type": "Feature",
      "geometry": {
        "type": "Point",
        "coordinates": [
          -71.095163769229,
          42.421938786765
        ]
      },
      "properties": {
        "PROVIDER": "mapillary",
        "IMAGE_ID": "1212484799167915",
        "SEQUENCE_ID": "29HE-Ccwwa-WXqJhPOSLlQ",
        "CAPTURED_AT": 1506972563400,
        "HEADING": 254.65804146503,
        "IMAGE_THUMB_URL": "https://scontent-bos5-1.xx.fbcdn.net/m1/v/t6/An8OXWfQoc_VCpjMWZH3iQUgscV2xeKIhw1A2kmQuOTzh8xigqK_DgqQ40f0JYc94j9UhSaR5Xan7aq4qH_ny0d4baqn6-gwolkCcCbA_LACQajntWnmOaWI7X4texrXebLJ1q2KvDoY71CFK4MA8Q?stp=s256x144&edm=AOnQwmMEAAAA&_nc_gid=16eqBMvpBtf3MLOrZmRlag&_nc_oc=AdrFkjzldQwAR0gorM6Xn1TlhupwnR-iBkn47F211MP-7ganIeNFpPrrO4FkCouDMLM&ccb=10-5&oh=00_Af5zwTMV61Jo55YvzJGYnjpC4eXReduHnWzeFuUxPTslBw&oe=6A39366E&_nc_sid=201bca",
        "IMAGE_PREVIEW_URL": "https://scontent-bos5-1.xx.fbcdn.net/m1/v/t6/An8OXWfQoc_VCpjMWZH3iQUgscV2xeKIhw1A2kmQuOTzh8xigqK_DgqQ40f0JYc94j9UhSaR5Xan7aq4qH_ny0d4baqn6-gwolkCcCbA_LACQajntWnmOaWI7X4texrXebLJ1q2KvDoY71CFK4MA8Q?stp=s1024x576&edm=AOnQwmMEAAAA&_nc_gid=16eqBMvpBtf3MLOrZmRlag&_nc_oc=AdrFkjzldQwAR0gorM6Xn1TlhupwnR-iBkn47F211MP-7ganIeNFpPrrO4FkCouDMLM&ccb=10-5&oh=00_Af6Aae1xZ4ivsRTrHtwrfvRagj9N1PH0mB3mDaoXhdmA0w&oe=6A39366E&_nc_sid=201bca",
        "IMAGE_ORIGINAL_URL": "https://scontent-bos5-1.xx.fbcdn.net/m1/v/t6/An8OXWfQoc_VCpjMWZH3iQUgscV2xeKIhw1A2kmQuOTzh8xigqK_DgqQ40f0JYc94j9UhSaR5Xan7aq4qH_ny0d4baqn6-gwolkCcCbA_LACQajntWnmOaWI7X4texrXebLJ1q2KvDoY71CFK4MA8Q?edm=AOnQwmMEAAAA&_nc_gid=16eqBMvpBtf3MLOrZmRlag&_nc_oc=AdrFkjzldQwAR0gorM6Xn1TlhupwnR-iBkn47F211MP-7ganIeNFpPrrO4FkCouDMLM&ccb=10-5&oh=00_Af7-5GD-abRnI2Xp4xEBpkCNS_6ZB_pH7RZetUpkmHFJkg&oe=6A39366E&_nc_sid=201bca",
        "SOURCE_URL": "https://www.mapillary.com/app/?pKey=1212484799167915",
        "SAMPLE_MUNICIPALITY": "Medford",
        "SAMPLE_STREET_NAME": "SALEM STREET",
        "SAMPLE_SEGMENT_ID": 386938,
        "SAMPLE_LAT": 42.4219163262623,
        "SAMPLE_LNG": -71.0951735432809
      }
    },
    {
      "type": "Feature",
      "geometry": {
        "type": "Point",
        "coordinates": [
          -71.095075593645,
          42.421951573692
        ]
      },
      "properties": {
        "PROVIDER": "mapillary",
        "IMAGE_ID": "821208242135418",
        "SEQUENCE_ID": "29HE-Ccwwa-WXqJhPOSLlQ",
        "CAPTURED_AT": 1506972562800,
        "HEADING": 255.0312096874,
        "IMAGE_THUMB_URL": "https://scontent-bos5-1.xx.fbcdn.net/m1/v/t6/An-nn7GO4ZvI3Tjq62sukUnIUyv7iIFZ3QYiGQlGpFmAc_pIKKzA1PrVXVaKZoUz6uSybs20HKyYZwMNem-ptJfzSErjKtbiQdQBq-jnFpiSsvn3fuYfjDCYb8RL5wRZaDRrdXRKHbygP6XB4C8d6Q?stp=s256x144&edm=AOnQwmMEAAAA&_nc_gid=16eqBMvpBtf3MLOrZmRlag&_nc_oc=AdpXS69YtMRUVWmuJlcSuz1YP0NRvNsKjPXPPQ99zJIOlj972L3YloHAEOmdH4nKqvk&ccb=10-5&oh=00_Af7Tta5IvAVuBIaoU7sVsuNbDH8pFbkJ73KcIN_Tyz4KvQ&oe=6A393AE1&_nc_sid=201bca",
        "IMAGE_PREVIEW_URL": "https://scontent-bos5-1.xx.fbcdn.net/m1/v/t6/An-nn7GO4ZvI3Tjq62sukUnIUyv7iIFZ3QYiGQlGpFmAc_pIKKzA1PrVXVaKZoUz6uSybs20HKyYZwMNem-ptJfzSErjKtbiQdQBq-jnFpiSsvn3fuYfjDCYb8RL5wRZaDRrdXRKHbygP6XB4C8d6Q?stp=s1024x576&edm=AOnQwmMEAAAA&_nc_gid=16eqBMvpBtf3MLOrZmRlag&_nc_oc=AdpXS69YtMRUVWmuJlcSuz1YP0NRvNsKjPXPPQ99zJIOlj972L3YloHAEOmdH4nKqvk&ccb=10-5&oh=00_Af5YggCN1-i2nK6sAlX-bTpyGtVrH4QMdZYyf_AMGMPRMw&oe=6A393AE1&_nc_sid=201bca",
        "IMAGE_ORIGINAL_URL": "https://scontent-bos5-1.xx.fbcdn.net/m1/v/t6/An-nn7GO4ZvI3Tjq62sukUnIUyv7iIFZ3QYiGQlGpFmAc_pIKKzA1PrVXVaKZoUz6uSybs20HKyYZwMNem-ptJfzSErjKtbiQdQBq-jnFpiSsvn3fuYfjDCYb8RL5wRZaDRrdXRKHbygP6XB4C8d6Q?edm=AOnQwmMEAAAA&_nc_gid=16eqBMvpBtf3MLOrZmRlag&_nc_oc=AdpXS69YtMRUVWmuJlcSuz1YP0NRvNsKjPXPPQ99zJIOlj972L3YloHAEOmdH4nKqvk&ccb=10-5&oh=00_Af4DKE65Jmp2Pab-FBtPq0ikwUIgSUuAT72NmQLangccGA&oe=6A393AE1&_nc_sid=201bca",
        "SOURCE_URL": "https://www.mapillary.com/app/?pKey=821208242135418",
        "SAMPLE_MUNICIPALITY": "Medford",
        "SAMPLE_STREET_NAME": "SALEM STREET",
        "SAMPLE_SEGMENT_ID": 386938,
        "SAMPLE_LAT": 42.4219163262623,
        "SAMPLE_LNG": -71.0951735432809
      }
    },
    {
      "type": "Feature",
      "geometry": {
        "type": "Point",
        "coordinates": [
          -71.094779458034,
          42.421997082399
        ]
      },
      "properties": {
        "PROVIDER": "mapillary",
        "IMAGE_ID": "574923513471113",
        "SEQUENCE_ID": "29HE-Ccwwa-WXqJhPOSLlQ",
        "CAPTURED_AT": 1506972560700,
        "HEADING": 255.95891766345,
        "IMAGE_THUMB_URL": "https://scontent-bos5-1.xx.fbcdn.net/m1/v/t6/An8_TOgJPWyBV2BlFaKz2xioMyl8rNN2RWtTFiWx9LpeU8Q2c_XHNe2fyCoircjd5AuLXonv3b4s5PhDT8oRF5qWQOUMKnEtao6zeE6P9hg4a-9JFsWenUXznsZpT0FQPKQoM5SPHLNVtz-Rbl_4kA?stp=s256x144&edm=AOnQwmMEAAAA&_nc_gid=16eqBMvpBtf3MLOrZmRlag&_nc_oc=AdqlyEp2Iqhi5cHQJFNF3I_KXM4ptH5vbDQd9mvMtJimxeBNCNxkx4GGFDzVX9EGYOc&ccb=10-5&oh=00_Af72dtegzvWbQ7f15KuSmQd8UNxukF3AJG2VrV0eCqAnvQ&oe=6A393DF0&_nc_sid=201bca",
        "IMAGE_PREVIEW_URL": "https://scontent-bos5-1.xx.fbcdn.net/m1/v/t6/An8_TOgJPWyBV2BlFaKz2xioMyl8rNN2RWtTFiWx9LpeU8Q2c_XHNe2fyCoircjd5AuLXonv3b4s5PhDT8oRF5qWQOUMKnEtao6zeE6P9hg4a-9JFsWenUXznsZpT0FQPKQoM5SPHLNVtz-Rbl_4kA?stp=s1024x576&edm=AOnQwmMEAAAA&_nc_gid=16eqBMvpBtf3MLOrZmRlag&_nc_oc=AdqlyEp2Iqhi5cHQJFNF3I_KXM4ptH5vbDQd9mvMtJimxeBNCNxkx4GGFDzVX9EGYOc&ccb=10-5&oh=00_Af7ftpbJSnMNrIL3Vx5y56Qah9-I5hqW370bAXWzcch54w&oe=6A393DF0&_nc_sid=201bca",
        "IMAGE_ORIGINAL_URL": "https://scontent-bos5-1.xx.fbcdn.net/m1/v/t6/An8_TOgJPWyBV2BlFaKz2xioMyl8rNN2RWtTFiWx9LpeU8Q2c_XHNe2fyCoircjd5AuLXonv3b4s5PhDT8oRF5qWQOUMKnEtao6zeE6P9hg4a-9JFsWenUXznsZpT0FQPKQoM5SPHLNVtz-Rbl_4kA?edm=AOnQwmMEAAAA&_nc_gid=16eqBMvpBtf3MLOrZmRlag&_nc_oc=AdqlyEp2Iqhi5cHQJFNF3I_KXM4ptH5vbDQd9mvMtJimxeBNCNxkx4GGFDzVX9EGYOc&ccb=10-5&oh=00_Af6GXKEBXabp-qthj_Z-2Hq34OgXFCasL5UgCglxY1s-Xw&oe=6A393DF0&_nc_sid=201bca",
        "SOURCE_URL": "https://www.mapillary.com/app/?pKey=574923513471113",
        "SAMPLE_MUNICIPALITY": "Medford",
        "SAMPLE_STREET_NAME": "SALEM STREET",
        "SAMPLE_SEGMENT_ID": 386938,
        "SAMPLE_LAT": 42.4219163262623,
        "SAMPLE_LNG": -71.0951735432809
      }
    },
    {
      "type": "Feature",
      "geometry": {
        "type": "Point",
        "coordinates": [
          -71.095222557701,
          42.421930386693
        ]
      },
      "properties": {
        "PROVIDER": "mapillary",
        "IMAGE_ID": "159429606119670",
        "SEQUENCE_ID": "29HE-Ccwwa-WXqJhPOSLlQ",
        "CAPTURED_AT": 1506972563800,
        "HEADING": 254.6578608291,
        "IMAGE_THUMB_URL": "https://scontent-bos5-1.xx.fbcdn.net/m1/v/t6/An-K201GWrzdiEJ58YgiBfnI5QLyTL49-Y177MC74sEuT7ZXPOdK0PMoJTSRdtRuYmDswXXOsR74kkc1OtAVAmsQaAcrKxya-_e6A6rTU3y5DWXDSpETZhSzsww2C9vKE3xccesbMqh0r33XKKts_A?stp=s256x144&edm=AOnQwmMEAAAA&_nc_gid=16eqBMvpBtf3MLOrZmRlag&_nc_oc=AdpkIAYW9yJZwWP9pFSd9CVE0BGoblzn2B-IEzjXm4A0xMeWlu7J5AvKThFmGozbV8Q&ccb=10-5&oh=00_Af6S9UJk2KLkSpwOFxonngDMVAN4LTJs17wA-DGgE4h6Hg&oe=6A393DAA&_nc_sid=201bca",
        "IMAGE_PREVIEW_URL": "https://scontent-bos5-1.xx.fbcdn.net/m1/v/t6/An-K201GWrzdiEJ58YgiBfnI5QLyTL49-Y177MC74sEuT7ZXPOdK0PMoJTSRdtRuYmDswXXOsR74kkc1OtAVAmsQaAcrKxya-_e6A6rTU3y5DWXDSpETZhSzsww2C9vKE3xccesbMqh0r33XKKts_A?stp=s1024x576&edm=AOnQwmMEAAAA&_nc_gid=16eqBMvpBtf3MLOrZmRlag&_nc_oc=AdpkIAYW9yJZwWP9pFSd9CVE0BGoblzn2B-IEzjXm4A0xMeWlu7J5AvKThFmGozbV8Q&ccb=10-5&oh=00_Af5X0eHoFvE9ZHaBTxlJYYPTf3Phc5ubDOrBlEAc89DjVA&oe=6A393DAA&_nc_sid=201bca",
        "IMAGE_ORIGINAL_URL": "https://scontent-bos5-1.xx.fbcdn.net/m1/v/t6/An-K201GWrzdiEJ58YgiBfnI5QLyTL49-Y177MC74sEuT7ZXPOdK0PMoJTSRdtRuYmDswXXOsR74kkc1OtAVAmsQaAcrKxya-_e6A6rTU3y5DWXDSpETZhSzsww2C9vKE3xccesbMqh0r33XKKts_A?edm=AOnQwmMEAAAA&_nc_gid=16eqBMvpBtf3MLOrZmRlag&_nc_oc=AdpkIAYW9yJZwWP9pFSd9CVE0BGoblzn2B-IEzjXm4A0xMeWlu7J5AvKThFmGozbV8Q&ccb=10-5&oh=00_Af4Wmz0RZXL_y2XNOOzcZf_o0SGBTubuKL6bLqzAeQx7aw&oe=6A393DAA&_nc_sid=201bca",
        "SOURCE_URL": "https://www.mapillary.com/app/?pKey=159429606119670",
        "SAMPLE_MUNICIPALITY": "Medford",
        "SAMPLE_STREET_NAME": "SALEM STREET",
        "SAMPLE_SEGMENT_ID": 386938,
        "SAMPLE_LAT": 42.4219163262623,
        "SAMPLE_LNG": -71.0951735432809
      }
    },
    {
      "type": "Feature",
      "geometry": {
        "type": "Point",
        "coordinates": [
          -71.094585586748,
          42.422028611586
        ]
      },
      "properties": {
        "PROVIDER": "mapillary",
        "IMAGE_ID": "503556707739123",
        "SEQUENCE_ID": "29HE-Ccwwa-WXqJhPOSLlQ",
        "CAPTURED_AT": 1506972559300,
        "HEADING": 258.32485895941,
        "IMAGE_THUMB_URL": "https://scontent-bos5-1.xx.fbcdn.net/m1/v/t6/An8uuox85lwiOI0Nuqu-T_uHIol7kG_uUcBfah8iGUiHCZixtIj9YyQetMp6OGBhIeacLCwyACnfJY_LGE9TRx4sFGltDSl6p7ECdugW36rFffjCqT46LVt6XN9bbpPWZuY16BdQ7cUSc-xZUr4-2A?stp=s256x144&edm=AOnQwmMEAAAA&_nc_gid=16eqBMvpBtf3MLOrZmRlag&_nc_oc=Adqw5agL7LxObca6NDdjAKiebNU18uQf2fpHYyel-uVBcIwv7Nvjg-bQIrmfRhS13HA&ccb=10-5&oh=00_Af675oFxw3HwS-15hpDEiaNluR88-Fgl5llv1G-lB-070w&oe=6A3956E3&_nc_sid=201bca",
        "IMAGE_PREVIEW_URL": "https://scontent-bos5-1.xx.fbcdn.net/m1/v/t6/An8uuox85lwiOI0Nuqu-T_uHIol7kG_uUcBfah8iGUiHCZixtIj9YyQetMp6OGBhIeacLCwyACnfJY_LGE9TRx4sFGltDSl6p7ECdugW36rFffjCqT46LVt6XN9bbpPWZuY16BdQ7cUSc-xZUr4-2A?stp=s1024x576&edm=AOnQwmMEAAAA&_nc_gid=16eqBMvpBtf3MLOrZmRlag&_nc_oc=Adqw5agL7LxObca6NDdjAKiebNU18uQf2fpHYyel-uVBcIwv7Nvjg-bQIrmfRhS13HA&ccb=10-5&oh=00_Af7FJEWR93EdeTPcuJFXAuMR4a5PfkcFhdXLrRer6n6jaA&oe=6A3956E3&_nc_sid=201bca",
        "IMAGE_ORIGINAL_URL": "https://scontent-bos5-1.xx.fbcdn.net/m1/v/t6/An8uuox85lwiOI0Nuqu-T_uHIol7kG_uUcBfah8iGUiHCZixtIj9YyQetMp6OGBhIeacLCwyACnfJY_LGE9TRx4sFGltDSl6p7ECdugW36rFffjCqT46LVt6XN9bbpPWZuY16BdQ7cUSc-xZUr4-2A?edm=AOnQwmMEAAAA&_nc_gid=16eqBMvpBtf3MLOrZmRlag&_nc_oc=Adqw5agL7LxObca6NDdjAKiebNU18uQf2fpHYyel-uVBcIwv7Nvjg-bQIrmfRhS13HA&ccb=10-5&oh=00_Af5mzdNjMfHtUXWUAKdjMM-yFWfodjHYD5YSkRvMNKUgeQ&oe=6A3956E3&_nc_sid=201bca",
        "SOURCE_URL": "https://www.mapillary.com/app/?pKey=503556707739123",
        "SAMPLE_MUNICIPALITY": "Medford",
        "SAMPLE_STREET_NAME": "SALEM STREET",
        "SAMPLE_SEGMENT_ID": 386938,
        "SAMPLE_LAT": 42.4219163262623,
        "SAMPLE_LNG": -71.0951735432809
      }
    },
    {
      "type": "Feature",
      "geometry": {
        "type": "Point",
        "coordinates": [
          -71.095046457826,
          42.421955877483
        ]
      },
      "properties": {
        "PROVIDER": "mapillary",
        "IMAGE_ID": "2994817337458431",
        "SEQUENCE_ID": "29HE-Ccwwa-WXqJhPOSLlQ",
        "CAPTURED_AT": 1506972562600,
        "HEADING": 255.03104965347,
        "IMAGE_THUMB_URL": "https://scontent-bos5-1.xx.fbcdn.net/m1/v/t6/An9mRU9fQQDLwrghMxw1h_XC3IDOWqtZrXQPx1vLUZvYog5z4zemn4UuDu96bGtPngAPheyNTnUFB8tx1pU_MyZogQG8b9u3iRCiZr8zw09Okk7nunXNGKxUO6EgFiDxhvpTFNWX3tNc2qm62Eqpbg?stp=s256x144&edm=AOnQwmMEAAAA&_nc_gid=16eqBMvpBtf3MLOrZmRlag&_nc_oc=AdqaTCY4qGBbHREkEaWLZ-uB-B2L8ltAjyeBAapKyNQ1lwq2ZMsbuhSyX-eBsezTcFs&ccb=10-5&oh=00_Af6fOsOqoPWJSQ6PLaQLZAwQR-VSXJu6_CinLqD1g1655w&oe=6A395BFA&_nc_sid=201bca",
        "IMAGE_PREVIEW_URL": "https://scontent-bos5-1.xx.fbcdn.net/m1/v/t6/An9mRU9fQQDLwrghMxw1h_XC3IDOWqtZrXQPx1vLUZvYog5z4zemn4UuDu96bGtPngAPheyNTnUFB8tx1pU_MyZogQG8b9u3iRCiZr8zw09Okk7nunXNGKxUO6EgFiDxhvpTFNWX3tNc2qm62Eqpbg?stp=s1024x576&edm=AOnQwmMEAAAA&_nc_gid=16eqBMvpBtf3MLOrZmRlag&_nc_oc=AdqaTCY4qGBbHREkEaWLZ-uB-B2L8ltAjyeBAapKyNQ1lwq2ZMsbuhSyX-eBsezTcFs&ccb=10-5&oh=00_Af4tq7NXd-01UC_nWXfszih55loadJNxXD7V3exWGh6_Sw&oe=6A395BFA&_nc_sid=201bca",
        "IMAGE_ORIGINAL_URL": "https://scontent-bos5-1.xx.fbcdn.net/m1/v/t6/An9mRU9fQQDLwrghMxw1h_XC3IDOWqtZrXQPx1vLUZvYog5z4zemn4UuDu96bGtPngAPheyNTnUFB8tx1pU_MyZogQG8b9u3iRCiZr8zw09Okk7nunXNGKxUO6EgFiDxhvpTFNWX3tNc2qm62Eqpbg?edm=AOnQwmMEAAAA&_nc_gid=16eqBMvpBtf3MLOrZmRlag&_nc_oc=AdqaTCY4qGBbHREkEaWLZ-uB-B2L8ltAjyeBAapKyNQ1lwq2ZMsbuhSyX-eBsezTcFs&ccb=10-5&oh=00_Af5l9xxRbldbiJesNdAyhfo4ZL6IbcETr4Jo2wsezYo1fw&oe=6A395BFA&_nc_sid=201bca",
        "SOURCE_URL": "https://www.mapillary.com/app/?pKey=2994817337458431",
        "SAMPLE_MUNICIPALITY": "Medford",
        "SAMPLE_STREET_NAME": "SALEM STREET",
        "SAMPLE_SEGMENT_ID": 386938,
        "SAMPLE_LAT": 42.4219163262623,
        "SAMPLE_LNG": -71.0951735432809
      }
    },
    {
      "type": "Feature",
      "geometry": {
        "type": "Point",
        "coordinates": [
          -71.095017585668,
          42.421960168486
        ]
      },
      "properties": {
        "PROVIDER": "mapillary",
        "IMAGE_ID": "297140738667178",
        "SEQUENCE_ID": "29HE-Ccwwa-WXqJhPOSLlQ",
        "CAPTURED_AT": 1506972562400,
        "HEADING": 255.03104856407,
        "IMAGE_THUMB_URL": "https://scontent-bos5-1.xx.fbcdn.net/m1/v/t6/An8_bMGNuU_ZJsUM70Up6RGN-eBqXP1QghecCw2Isyp0PRKSNZbnaDHv4dOw7Q50T2RHP2bDi06ekX8fIJDnzkruaCzR7xYsEMgxty8Mi1K3hmS80H7Ai5HsIVJz0F40oCmneehhvW1auVNVWoxNntU?stp=s256x144&edm=AOnQwmMEAAAA&_nc_gid=16eqBMvpBtf3MLOrZmRlag&_nc_oc=AdqA0evgmaO1QVwEPxKuSa00GuzT3LvdaMVg7qcij1BDy4y8Rq_oDURw1mKfiIBxwBw&ccb=10-5&oh=00_Af5m-cpNePIIYVHslZywxuOMxWsEeDqMrSKZnADAISIN4w&oe=6A394AA7&_nc_sid=201bca",
        "IMAGE_PREVIEW_URL": "https://scontent-bos5-1.xx.fbcdn.net/m1/v/t6/An8_bMGNuU_ZJsUM70Up6RGN-eBqXP1QghecCw2Isyp0PRKSNZbnaDHv4dOw7Q50T2RHP2bDi06ekX8fIJDnzkruaCzR7xYsEMgxty8Mi1K3hmS80H7Ai5HsIVJz0F40oCmneehhvW1auVNVWoxNntU?stp=s1024x576&edm=AOnQwmMEAAAA&_nc_gid=16eqBMvpBtf3MLOrZmRlag&_nc_oc=AdqA0evgmaO1QVwEPxKuSa00GuzT3LvdaMVg7qcij1BDy4y8Rq_oDURw1mKfiIBxwBw&ccb=10-5&oh=00_Af64JZqtnFm9afOVuDY538pcbH5pqfdjHfFiugv0GWMgiQ&oe=6A394AA7&_nc_sid=201bca",
        "IMAGE_ORIGINAL_URL": "https://scontent-bos5-1.xx.fbcdn.net/m1/v/t6/An8_bMGNuU_ZJsUM70Up6RGN-eBqXP1QghecCw2Isyp0PRKSNZbnaDHv4dOw7Q50T2RHP2bDi06ekX8fIJDnzkruaCzR7xYsEMgxty8Mi1K3hmS80H7Ai5HsIVJz0F40oCmneehhvW1auVNVWoxNntU?edm=AOnQwmMEAAAA&_nc_gid=16eqBMvpBtf3MLOrZmRlag&_nc_oc=AdqA0evgmaO1QVwEPxKuSa00GuzT3LvdaMVg7qcij1BDy4y8Rq_oDURw1mKfiIBxwBw&ccb=10-5&oh=00_Af6HfBQX8DEPFIFyrhefcWn89B4ZxX4Dr3W9gvk8jv9Ytw&oe=6A394AA7&_nc_sid=201bca",
        "SOURCE_URL": "https://www.mapillary.com/app/?pKey=297140738667178",
        "SAMPLE_MUNICIPALITY": "Medford",
        "SAMPLE_STREET_NAME": "SALEM STREET",
        "SAMPLE_SEGMENT_ID": 386938,
        "SAMPLE_LAT": 42.4219163262623,
        "SAMPLE_LNG": -71.0951735432809
      }
    },
    {
      "type": "Feature",
      "geometry": {
        "type": "Point",
        "coordinates": [
          -71.094807648923,
          42.421992486282
        ]
      },
      "properties": {
        "PROVIDER": "mapillary",
        "IMAGE_ID": "150822493719812",
        "SEQUENCE_ID": "29HE-Ccwwa-WXqJhPOSLlQ",
        "CAPTURED_AT": 1506972560900,
        "HEADING": 255.95891853402,
        "IMAGE_THUMB_URL": "https://scontent-bos5-1.xx.fbcdn.net/m1/v/t6/An9WnzakgMxwSV8EHNI6-xmEdqmyUUMhon0f-L1xhMQVLlQv69EDvG1nl-4JV9aoLtmIf04QHjemPi99zj6JyN-qanVKD43expxcK5c9UCRibsig-2iFQeoQkuIB_7SNPgJIaxVO1wY6-JzpsK7EJQ?stp=s256x144&edm=AOnQwmMEAAAA&_nc_gid=16eqBMvpBtf3MLOrZmRlag&_nc_oc=Ado7u64bJUGGEbio9S3KK0yB5oGFpcAUepgewmQF_bYShVxDK8-46GHWcSJMn8FdtO4&ccb=10-5&oh=00_Af4p6VimiaoaU352LplgOGPTYd130fpe0scQa5z6RWIs7w&oe=6A39415D&_nc_sid=201bca",
        "IMAGE_PREVIEW_URL": "https://scontent-bos5-1.xx.fbcdn.net/m1/v/t6/An9WnzakgMxwSV8EHNI6-xmEdqmyUUMhon0f-L1xhMQVLlQv69EDvG1nl-4JV9aoLtmIf04QHjemPi99zj6JyN-qanVKD43expxcK5c9UCRibsig-2iFQeoQkuIB_7SNPgJIaxVO1wY6-JzpsK7EJQ?stp=s1024x576&edm=AOnQwmMEAAAA&_nc_gid=16eqBMvpBtf3MLOrZmRlag&_nc_oc=Ado7u64bJUGGEbio9S3KK0yB5oGFpcAUepgewmQF_bYShVxDK8-46GHWcSJMn8FdtO4&ccb=10-5&oh=00_Af70kv5VT7AUlWY6LE8UiU6v5jo1k1O8RgPApHxVMJqsjw&oe=6A39415D&_nc_sid=201bca",
        "IMAGE_ORIGINAL_URL": "https://scontent-bos5-1.xx.fbcdn.net/m1/v/t6/An9WnzakgMxwSV8EHNI6-xmEdqmyUUMhon0f-L1xhMQVLlQv69EDvG1nl-4JV9aoLtmIf04QHjemPi99zj6JyN-qanVKD43expxcK5c9UCRibsig-2iFQeoQkuIB_7SNPgJIaxVO1wY6-JzpsK7EJQ?edm=AOnQwmMEAAAA&_nc_gid=16eqBMvpBtf3MLOrZmRlag&_nc_oc=Ado7u64bJUGGEbio9S3KK0yB5oGFpcAUepgewmQF_bYShVxDK8-46GHWcSJMn8FdtO4&ccb=10-5&oh=00_Af6NjnxIbHC6SMmC5EuhaZSpDAQI2h1zmkiVAqMstuKjBA&oe=6A39415D&_nc_sid=201bca",
        "SOURCE_URL": "https://www.mapillary.com/app/?pKey=150822493719812",
        "SAMPLE_MUNICIPALITY": "Medford",
        "SAMPLE_STREET_NAME": "SALEM STREET",
        "SAMPLE_SEGMENT_ID": 386938,
        "SAMPLE_LAT": 42.4219163262623,
        "SAMPLE_LNG": -71.0951735432809
      }
    },
    {
      "type": "Feature",
      "geometry": {
        "type": "Point",
        "coordinates": [
          -71.095178486261,
          42.421936765199
        ]
      },
      "properties": {
        "PROVIDER": "mapillary",
        "IMAGE_ID": "585728262819636",
        "SEQUENCE_ID": "29HE-Ccwwa-WXqJhPOSLlQ",
        "CAPTURED_AT": 1506972563500,
        "HEADING": 254.65767585772,
        "IMAGE_THUMB_URL": "https://scontent-bos5-1.xx.fbcdn.net/m1/v/t6/An9xheN08_ktZ45QdQ2P8ifoFLkoh6mp3fxVQbdbce87G6JhBeHoHgO4lAgLUngdJ6_SCYy_eNWJGp2XtVCzSVqWUIY42tvacqH25u9h1C0NNnYMcpKVOt1uGN5aQhIVqyJra4RAJB0hP-hnIORP7w?stp=s256x144&edm=AOnQwmMEAAAA&_nc_gid=16eqBMvpBtf3MLOrZmRlag&_nc_oc=Adp1XhQ0oYAbLCUKMy3hggfltOu4stsdSjqUxQw1MO6XG2jNicehTKi4-MwElwu-KMk&ccb=10-5&oh=00_Af5-y54zQVVn0asrZYJWFhJNYmi0M7OqjXBBonJxb-Mbcg&oe=6A395F17&_nc_sid=201bca",
        "IMAGE_PREVIEW_URL": "https://scontent-bos5-1.xx.fbcdn.net/m1/v/t6/An9xheN08_ktZ45QdQ2P8ifoFLkoh6mp3fxVQbdbce87G6JhBeHoHgO4lAgLUngdJ6_SCYy_eNWJGp2XtVCzSVqWUIY42tvacqH25u9h1C0NNnYMcpKVOt1uGN5aQhIVqyJra4RAJB0hP-hnIORP7w?stp=s1024x576&edm=AOnQwmMEAAAA&_nc_gid=16eqBMvpBtf3MLOrZmRlag&_nc_oc=Adp1XhQ0oYAbLCUKMy3hggfltOu4stsdSjqUxQw1MO6XG2jNicehTKi4-MwElwu-KMk&ccb=10-5&oh=00_Af6Is9qFeMMPidI7YFguHQdogO2ZthayYw7y2wop-h7UpA&oe=6A395F17&_nc_sid=201bca",
        "IMAGE_ORIGINAL_URL": "https://scontent-bos5-1.xx.fbcdn.net/m1/v/t6/An9xheN08_ktZ45QdQ2P8ifoFLkoh6mp3fxVQbdbce87G6JhBeHoHgO4lAgLUngdJ6_SCYy_eNWJGp2XtVCzSVqWUIY42tvacqH25u9h1C0NNnYMcpKVOt1uGN5aQhIVqyJra4RAJB0hP-hnIORP7w?edm=AOnQwmMEAAAA&_nc_gid=16eqBMvpBtf3MLOrZmRlag&_nc_oc=Adp1XhQ0oYAbLCUKMy3hggfltOu4stsdSjqUxQw1MO6XG2jNicehTKi4-MwElwu-KMk&ccb=10-5&oh=00_Af4seLZ5wZ8ktX9vdVhppylFlmjOkLQiAv0Bamb6GHGabw&oe=6A395F17&_nc_sid=201bca",
        "SOURCE_URL": "https://www.mapillary.com/app/?pKey=585728262819636",
        "SAMPLE_MUNICIPALITY": "Medford",
        "SAMPLE_STREET_NAME": "SALEM STREET",
        "SAMPLE_SEGMENT_ID": 386938,
        "SAMPLE_LAT": 42.4219163262623,
        "SAMPLE_LNG": -71.0951735432809
      }
    },
    {
      "type": "Feature",
      "geometry": {
        "type": "Point",
        "coordinates": [
          -71.09484990052,
          42.421985680766
        ]
      },
      "properties": {
        "PROVIDER": "mapillary",
        "IMAGE_ID": "1103536850125323",
        "SEQUENCE_ID": "29HE-Ccwwa-WXqJhPOSLlQ",
        "CAPTURED_AT": 1506972561200,
        "HEADING": 256.06959953038,
        "IMAGE_THUMB_URL": "https://scontent-bos5-1.xx.fbcdn.net/m1/v/t6/An-eZV8mumD5LbL2brb8YuLHIErEhxWYHefwh2JYSluDLkJezp10YTNSMUplvP6CgTfomu1BZUIU-kIxDNGjQQZiHpTnhoXyOhaMovhjKRXTiHrl6f7uwKQ9cGvg1OyQBKAjrWN9arQOmDjpC_-YIOI?stp=s256x144&edm=AOnQwmMEAAAA&_nc_gid=16eqBMvpBtf3MLOrZmRlag&_nc_oc=AdpJA8pQoHd1JfU-fvTvbwKy-v9f4jcHZ_meenwS9sedXhdU6b-ADN7aIDnkmEG4OQc&ccb=10-5&oh=00_Af7wXO9gXSpr6UqiK6xqCrOegkIHKsvZTeNko8ncLGh9Cw&oe=6A3956EB&_nc_sid=201bca",
        "IMAGE_PREVIEW_URL": "https://scontent-bos5-1.xx.fbcdn.net/m1/v/t6/An-eZV8mumD5LbL2brb8YuLHIErEhxWYHefwh2JYSluDLkJezp10YTNSMUplvP6CgTfomu1BZUIU-kIxDNGjQQZiHpTnhoXyOhaMovhjKRXTiHrl6f7uwKQ9cGvg1OyQBKAjrWN9arQOmDjpC_-YIOI?stp=s1024x576&edm=AOnQwmMEAAAA&_nc_gid=16eqBMvpBtf3MLOrZmRlag&_nc_oc=AdpJA8pQoHd1JfU-fvTvbwKy-v9f4jcHZ_meenwS9sedXhdU6b-ADN7aIDnkmEG4OQc&ccb=10-5&oh=00_Af6c_0-tSaXvf8IvThDZ4f0lHBp2OtR7ln8nqrcfuWEfgw&oe=6A3956EB&_nc_sid=201bca",
        "IMAGE_ORIGINAL_URL": "https://scontent-bos5-1.xx.fbcdn.net/m1/v/t6/An-eZV8mumD5LbL2brb8YuLHIErEhxWYHefwh2JYSluDLkJezp10YTNSMUplvP6CgTfomu1BZUIU-kIxDNGjQQZiHpTnhoXyOhaMovhjKRXTiHrl6f7uwKQ9cGvg1OyQBKAjrWN9arQOmDjpC_-YIOI?edm=AOnQwmMEAAAA&_nc_gid=16eqBMvpBtf3MLOrZmRlag&_nc_oc=AdpJA8pQoHd1JfU-fvTvbwKy-v9f4jcHZ_meenwS9sedXhdU6b-ADN7aIDnkmEG4OQc&ccb=10-5&oh=00_Af4IqRKJABpW5aY7kWbZCoKtJpqKhs1843qM-jIXErQC7w&oe=6A3956EB&_nc_sid=201bca",
        "SOURCE_URL": "https://www.mapillary.com/app/?pKey=1103536850125323",
        "SAMPLE_MUNICIPALITY": "Medford",
        "SAMPLE_STREET_NAME": "SALEM STREET",
        "SAMPLE_SEGMENT_ID": 386938,
        "SAMPLE_LAT": 42.4219163262623,
        "SAMPLE_LNG": -71.0951735432809
      }
    },
    {
      "type": "Feature",
      "geometry": {
        "type": "Point",
        "coordinates": [
          -71.094961222043,
          42.421968645465
        ]
      },
      "properties": {
        "PROVIDER": "mapillary",
        "IMAGE_ID": "319690453070154",
        "SEQUENCE_ID": "29HE-Ccwwa-WXqJhPOSLlQ",
        "CAPTURED_AT": 1506972562000,
        "HEADING": 255.03120506848,
        "IMAGE_THUMB_URL": "https://scontent-bos5-1.xx.fbcdn.net/m1/v/t6/An-eY2AkJXuwThoe2xf3YzLqzcbqHvNnFNhWfjupq1wJ0dfTJNOCAZ6PBYuSUpH4CzDlsiQNfuWSxMPUOn6b2mXDZJjdFNO96sp6DFVsLEvSrVabIxh2Rp6I7AnJ4pu1_vRQMnVPsLundBr4fES8Tw?stp=s256x144&edm=AOnQwmMEAAAA&_nc_gid=16eqBMvpBtf3MLOrZmRlag&_nc_oc=Ado3GyuWFy4NSrJGr9novx-g3LxWgycb7UTGEBEf0F8jeLvZ8Iy7r4MIwbKvS1WElww&ccb=10-5&oh=00_Af6sWxLQPwwYv4xc_WIS0uCZ-5qiBYwt2RPW6xq42_cb2A&oe=6A3968B7&_nc_sid=201bca",
        "IMAGE_PREVIEW_URL": "https://scontent-bos5-1.xx.fbcdn.net/m1/v/t6/An-eY2AkJXuwThoe2xf3YzLqzcbqHvNnFNhWfjupq1wJ0dfTJNOCAZ6PBYuSUpH4CzDlsiQNfuWSxMPUOn6b2mXDZJjdFNO96sp6DFVsLEvSrVabIxh2Rp6I7AnJ4pu1_vRQMnVPsLundBr4fES8Tw?stp=s1024x576&edm=AOnQwmMEAAAA&_nc_gid=16eqBMvpBtf3MLOrZmRlag&_nc_oc=Ado3GyuWFy4NSrJGr9novx-g3LxWgycb7UTGEBEf0F8jeLvZ8Iy7r4MIwbKvS1WElww&ccb=10-5&oh=00_Af4nYG42Z45SZzqN_O9jpSPBEjrJEsnL6WoOrNE67jMuyw&oe=6A3968B7&_nc_sid=201bca",
        "IMAGE_ORIGINAL_URL": "https://scontent-bos5-1.xx.fbcdn.net/m1/v/t6/An-eY2AkJXuwThoe2xf3YzLqzcbqHvNnFNhWfjupq1wJ0dfTJNOCAZ6PBYuSUpH4CzDlsiQNfuWSxMPUOn6b2mXDZJjdFNO96sp6DFVsLEvSrVabIxh2Rp6I7AnJ4pu1_vRQMnVPsLundBr4fES8Tw?edm=AOnQwmMEAAAA&_nc_gid=16eqBMvpBtf3MLOrZmRlag&_nc_oc=Ado3GyuWFy4NSrJGr9novx-g3LxWgycb7UTGEBEf0F8jeLvZ8Iy7r4MIwbKvS1WElww&ccb=10-5&oh=00_Af6-6rosRtTjcZZmdiarVCMYBBsSq6Y9QX4tAOuRoC3xzw&oe=6A3968B7&_nc_sid=201bca",
        "SOURCE_URL": "https://www.mapillary.com/app/?pKey=319690453070154",
        "SAMPLE_MUNICIPALITY": "Medford",
        "SAMPLE_STREET_NAME": "SALEM STREET",
        "SAMPLE_SEGMENT_ID": 386938,
        "SAMPLE_LAT": 42.4219163262623,
        "SAMPLE_LNG": -71.0951735432809
      }
    },
    {
      "type": "Feature",
      "geometry": {
        "type": "Point",
        "coordinates": [
          -71.095031980349,
          42.421958031035
        ]
      },
      "properties": {
        "PROVIDER": "mapillary",
        "IMAGE_ID": "550206832628490",
        "SEQUENCE_ID": "29HE-Ccwwa-WXqJhPOSLlQ",
        "CAPTURED_AT": 1506972562500,
        "HEADING": 255.03133540479,
        "IMAGE_THUMB_URL": "https://scontent-bos5-1.xx.fbcdn.net/m1/v/t6/An_YvEJ28IsqLdMk4Opag7QqUc7t8G1IySq5IpP9Mz1IJdOgL5nUJrivmcSXQvvkCPCvPjhNMlghWWmPifEbghmLbRsdnyY0D7y2b25uhPX5vLIKbjitn29OdbOIj0xtO6qsMV8AN7I4IkiQRsZnKE4?stp=s256x144&edm=AOnQwmMEAAAA&_nc_gid=16eqBMvpBtf3MLOrZmRlag&_nc_oc=AdqBX9HisXbEIN_Rwxh-mKJmYSbYSwXl7z-nwjdH1xb9jjP5KXDMI3CS0CbIif7mzFA&ccb=10-5&oh=00_Af4kAHbAHlQH-tho3BtXHqdzxG8S10ipRgPbpuagGPIoog&oe=6A396357&_nc_sid=201bca",
        "IMAGE_PREVIEW_URL": "https://scontent-bos5-1.xx.fbcdn.net/m1/v/t6/An_YvEJ28IsqLdMk4Opag7QqUc7t8G1IySq5IpP9Mz1IJdOgL5nUJrivmcSXQvvkCPCvPjhNMlghWWmPifEbghmLbRsdnyY0D7y2b25uhPX5vLIKbjitn29OdbOIj0xtO6qsMV8AN7I4IkiQRsZnKE4?stp=s1024x576&edm=AOnQwmMEAAAA&_nc_gid=16eqBMvpBtf3MLOrZmRlag&_nc_oc=AdqBX9HisXbEIN_Rwxh-mKJmYSbYSwXl7z-nwjdH1xb9jjP5KXDMI3CS0CbIif7mzFA&ccb=10-5&oh=00_Af74kgva-1LkiBtAG_uS7l91a1_BMJI_iE-mA9ov86OeYQ&oe=6A396357&_nc_sid=201bca",
        "IMAGE_ORIGINAL_URL": "https://scontent-bos5-1.xx.fbcdn.net/m1/v/t6/An_YvEJ28IsqLdMk4Opag7QqUc7t8G1IySq5IpP9Mz1IJdOgL5nUJrivmcSXQvvkCPCvPjhNMlghWWmPifEbghmLbRsdnyY0D7y2b25uhPX5vLIKbjitn29OdbOIj0xtO6qsMV8AN7I4IkiQRsZnKE4?edm=AOnQwmMEAAAA&_nc_gid=16eqBMvpBtf3MLOrZmRlag&_nc_oc=AdqBX9HisXbEIN_Rwxh-mKJmYSbYSwXl7z-nwjdH1xb9jjP5KXDMI3CS0CbIif7mzFA&ccb=10-5&oh=00_Af6q8DHxxPIncjj21hAjl24LLkYqi9l1dQoyH0CawpjrIQ&oe=6A396357&_nc_sid=201bca",
        "SOURCE_URL": "https://www.mapillary.com/app/?pKey=550206832628490",
        "SAMPLE_MUNICIPALITY": "Medford",
        "SAMPLE_STREET_NAME": "SALEM STREET",
        "SAMPLE_SEGMENT_ID": 386938,
        "SAMPLE_LAT": 42.4219163262623,
        "SAMPLE_LNG": -71.0951735432809
      }
    },
    {
      "type": "Feature",
      "geometry": {
        "type": "Point",
        "coordinates": [
          -71.094695198064,
          42.422010820583
        ]
      },
      "properties": {
        "PROVIDER": "mapillary",
        "IMAGE_ID": "192507062722154",
        "SEQUENCE_ID": "29HE-Ccwwa-WXqJhPOSLlQ",
        "CAPTURED_AT": 1506972560100,
        "HEADING": 255.95910242833,
        "IMAGE_THUMB_URL": "https://scontent-bos5-1.xx.fbcdn.net/m1/v/t6/An-NskVed1DlFjyfLBASPPhaxOvr_r1TZdwryBpjH_lHdZs9PKJDf4KfKXBlDb7x8yHp1dbVz_oLVvblI6HWSEfMEQU3w6ve0kPHBe6mJnXc-RVG-QZOF8qaseMWj__RrWEacz-Td0vEw6Xd07mCKGo?stp=s256x144&edm=AOnQwmMEAAAA&_nc_gid=16eqBMvpBtf3MLOrZmRlag&_nc_oc=AdqtJjlTmEacnIcyxBXsAIqpokWvbaom12O3XmPRPWlFVVQzvCgKsN8JIhraSL1Kwrk&ccb=10-5&oh=00_Af7uNVaLLb4Vm4dCXZWCKOO3Ax7hY9y56aFxR70Ms367rA&oe=6A394A0D&_nc_sid=201bca",
        "IMAGE_PREVIEW_URL": "https://scontent-bos5-1.xx.fbcdn.net/m1/v/t6/An-NskVed1DlFjyfLBASPPhaxOvr_r1TZdwryBpjH_lHdZs9PKJDf4KfKXBlDb7x8yHp1dbVz_oLVvblI6HWSEfMEQU3w6ve0kPHBe6mJnXc-RVG-QZOF8qaseMWj__RrWEacz-Td0vEw6Xd07mCKGo?stp=s1024x576&edm=AOnQwmMEAAAA&_nc_gid=16eqBMvpBtf3MLOrZmRlag&_nc_oc=AdqtJjlTmEacnIcyxBXsAIqpokWvbaom12O3XmPRPWlFVVQzvCgKsN8JIhraSL1Kwrk&ccb=10-5&oh=00_Af4NgdYsrcPO6YSe6M9Wt6DEk2kwQRFABv5OzSJG5hPWqA&oe=6A394A0D&_nc_sid=201bca",
        "IMAGE_ORIGINAL_URL": "https://scontent-bos5-1.xx.fbcdn.net/m1/v/t6/An-NskVed1DlFjyfLBASPPhaxOvr_r1TZdwryBpjH_lHdZs9PKJDf4KfKXBlDb7x8yHp1dbVz_oLVvblI6HWSEfMEQU3w6ve0kPHBe6mJnXc-RVG-QZOF8qaseMWj__RrWEacz-Td0vEw6Xd07mCKGo?edm=AOnQwmMEAAAA&_nc_gid=16eqBMvpBtf3MLOrZmRlag&_nc_oc=AdqtJjlTmEacnIcyxBXsAIqpokWvbaom12O3XmPRPWlFVVQzvCgKsN8JIhraSL1Kwrk&ccb=10-5&oh=00_Af4Y85EbFFQZo54mK6ytYjmoeuu-p8suwVfxYeal5w6gyQ&oe=6A394A0D&_nc_sid=201bca",
        "SOURCE_URL": "https://www.mapillary.com/app/?pKey=192507062722154",
        "SAMPLE_MUNICIPALITY": "Medford",
        "SAMPLE_STREET_NAME": "SALEM STREET",
        "SAMPLE_SEGMENT_ID": 386938,
        "SAMPLE_LAT": 42.4219163262623,
        "SAMPLE_LNG": -71.0951735432809
      }
    },
    {
      "type": "Feature",
      "geometry": {
        "type": "Point",
        "coordinates": [
          -71.095090313961,
          42.421949441675
        ]
      },
      "properties": {
        "PROVIDER": "mapillary",
        "IMAGE_ID": "174069207841966",
        "SEQUENCE_ID": "29HE-Ccwwa-WXqJhPOSLlQ",
        "CAPTURED_AT": 1506972562900,
        "HEADING": 255.03101996555,
        "IMAGE_THUMB_URL": "https://scontent-bos5-1.xx.fbcdn.net/m1/v/t6/An_8e7RQ4qw8O7HxfCy-svDTp1oIcW-PFhC94PTye_rKwDAs-5yuhNyhJVLxk42_Sara1l3MPA48ybkBM0RmFRODAy54zUNw69Rigka83Qi96gyYeOy8vHq6xgoK_Szh1v5vKTTU6gMcYMlBcs854A?stp=s256x144&edm=AOnQwmMEAAAA&_nc_gid=16eqBMvpBtf3MLOrZmRlag&_nc_oc=AdousFP4hXr7Fmip8dn1kzVS2Du9LKc273kNB56RbWK_aNyr-tTmdjCco1UOEyOKpA0&ccb=10-5&oh=00_Af4LOM_LozvQJApxOIgYYSotZ5FyaMRnMBlYdTSZHIru_w&oe=6A39480E&_nc_sid=201bca",
        "IMAGE_PREVIEW_URL": "https://scontent-bos5-1.xx.fbcdn.net/m1/v/t6/An_8e7RQ4qw8O7HxfCy-svDTp1oIcW-PFhC94PTye_rKwDAs-5yuhNyhJVLxk42_Sara1l3MPA48ybkBM0RmFRODAy54zUNw69Rigka83Qi96gyYeOy8vHq6xgoK_Szh1v5vKTTU6gMcYMlBcs854A?stp=s1024x576&edm=AOnQwmMEAAAA&_nc_gid=16eqBMvpBtf3MLOrZmRlag&_nc_oc=AdousFP4hXr7Fmip8dn1kzVS2Du9LKc273kNB56RbWK_aNyr-tTmdjCco1UOEyOKpA0&ccb=10-5&oh=00_Af4ujg-lu1_PXQ2td7W6scFhmP_7r1yalngm5JNY0UiQ-A&oe=6A39480E&_nc_sid=201bca",
        "IMAGE_ORIGINAL_URL": "https://scontent-bos5-1.xx.fbcdn.net/m1/v/t6/An_8e7RQ4qw8O7HxfCy-svDTp1oIcW-PFhC94PTye_rKwDAs-5yuhNyhJVLxk42_Sara1l3MPA48ybkBM0RmFRODAy54zUNw69Rigka83Qi96gyYeOy8vHq6xgoK_Szh1v5vKTTU6gMcYMlBcs854A?edm=AOnQwmMEAAAA&_nc_gid=16eqBMvpBtf3MLOrZmRlag&_nc_oc=AdousFP4hXr7Fmip8dn1kzVS2Du9LKc273kNB56RbWK_aNyr-tTmdjCco1UOEyOKpA0&ccb=10-5&oh=00_Af5LQolfNei8RQpEl79_SiZjZI2ftYYYUduV3FyoJp96qA&oe=6A39480E&_nc_sid=201bca",
        "SOURCE_URL": "https://www.mapillary.com/app/?pKey=174069207841966",
        "SAMPLE_MUNICIPALITY": "Medford",
        "SAMPLE_STREET_NAME": "SALEM STREET",
        "SAMPLE_SEGMENT_ID": 386938,
        "SAMPLE_LAT": 42.4219163262623,
        "SAMPLE_LNG": -71.0951735432809
      }
    },
    {
      "type": "Feature",
      "geometry": {
        "type": "Point",
        "coordinates": [
          -71.094625903337,
          42.422022037136
        ]
      },
      "properties": {
        "PROVIDER": "mapillary",
        "IMAGE_ID": "218927609679142",
        "SEQUENCE_ID": "29HE-Ccwwa-WXqJhPOSLlQ",
        "CAPTURED_AT": 1506972559600,
        "HEADING": 258.32440702596,
        "IMAGE_THUMB_URL": "https://scontent-bos5-1.xx.fbcdn.net/m1/v/t6/An8IBFFyED7XR1bLMC6AEVTpGwpU6HbK5UTSxcPE7rU35zU9CBJ-rCAFl6duQmnI461NzD6BnkVIFLn40F6_Tp2M8Sq7i9CnjQFn7YPNyxutGGG_1VA6MlakGFU3rdCzX1AmV4X8_xoGGYnO6nX0yw?stp=s256x144&edm=AOnQwmMEAAAA&_nc_gid=16eqBMvpBtf3MLOrZmRlag&_nc_oc=Adr4goH7yae9yP6J-lCTyIGoHAgnwgM8lA3TONEjaOzosob2tBuU_Jeaw2hpwZltsvc&ccb=10-5&oh=00_Af5QEpX85BnCtEbTzfRxrO1iWFUPJL7279wjuYLY1DRXUA&oe=6A3965CC&_nc_sid=201bca",
        "IMAGE_PREVIEW_URL": "https://scontent-bos5-1.xx.fbcdn.net/m1/v/t6/An8IBFFyED7XR1bLMC6AEVTpGwpU6HbK5UTSxcPE7rU35zU9CBJ-rCAFl6duQmnI461NzD6BnkVIFLn40F6_Tp2M8Sq7i9CnjQFn7YPNyxutGGG_1VA6MlakGFU3rdCzX1AmV4X8_xoGGYnO6nX0yw?stp=s1024x576&edm=AOnQwmMEAAAA&_nc_gid=16eqBMvpBtf3MLOrZmRlag&_nc_oc=Adr4goH7yae9yP6J-lCTyIGoHAgnwgM8lA3TONEjaOzosob2tBuU_Jeaw2hpwZltsvc&ccb=10-5&oh=00_Af4BELc5XDwNtYY1W0LKli5uFN5FhWM-EErt94lHlRcN4g&oe=6A3965CC&_nc_sid=201bca",
        "IMAGE_ORIGINAL_URL": "https://scontent-bos5-1.xx.fbcdn.net/m1/v/t6/An8IBFFyED7XR1bLMC6AEVTpGwpU6HbK5UTSxcPE7rU35zU9CBJ-rCAFl6duQmnI461NzD6BnkVIFLn40F6_Tp2M8Sq7i9CnjQFn7YPNyxutGGG_1VA6MlakGFU3rdCzX1AmV4X8_xoGGYnO6nX0yw?edm=AOnQwmMEAAAA&_nc_gid=16eqBMvpBtf3MLOrZmRlag&_nc_oc=Adr4goH7yae9yP6J-lCTyIGoHAgnwgM8lA3TONEjaOzosob2tBuU_Jeaw2hpwZltsvc&ccb=10-5&oh=00_Af7GItUSNcX70pMqlMUJzNmhBgXIiUm7r_9mFQOIi2AqYA&oe=6A3965CC&_nc_sid=201bca",
        "SOURCE_URL": "https://www.mapillary.com/app/?pKey=218927609679142",
        "SAMPLE_MUNICIPALITY": "Medford",
        "SAMPLE_STREET_NAME": "SALEM STREET",
        "SAMPLE_SEGMENT_ID": 386938,
        "SAMPLE_LAT": 42.4219163262623,
        "SAMPLE_LNG": -71.0951735432809
      }
    },
    {
      "type": "Feature",
      "geometry": {
        "type": "Point",
        "coordinates": [
          -71.094209928494,
          42.42208737556
        ]
      },
      "properties": {
        "PROVIDER": "mapillary",
        "IMAGE_ID": "211997940499392",
        "SEQUENCE_ID": "29HE-Ccwwa-WXqJhPOSLlQ",
        "CAPTURED_AT": 1506972556200,
        "HEADING": 253.9216761842,
        "IMAGE_THUMB_URL": "https://scontent-bos5-1.xx.fbcdn.net/m1/v/t6/An8VA1Q54tMDmlAqk2Ly7XMReKYvMmAM4C-7qwtrROgbN52SwOHmTvHozgKwc_1Y7xre-4mlM6YQL3MwjSZIXJX9X5XVas4gkl-LXSuLa-WneovSWxJc9GFjv1ttbcO9ty6T-03Vy2ZwsTw1_o103A?stp=s256x144&edm=AOnQwmMEAAAA&_nc_gid=TKzsnYJDbRREl3QJxKTH3Q&_nc_oc=AdpHKqR4toSmdFzNCkIHLKgKgNy7hjDU9F1NNuEGhzxeP8ghNt3a9pE6QX-U_RQo9C4&ccb=10-5&oh=00_Af51BBrlUD96H0Jlm1JArSthVYXG7aUSgkwMqXJaqN_-2Q&oe=6A39449B&_nc_sid=201bca",
        "IMAGE_PREVIEW_URL": "https://scontent-bos5-1.xx.fbcdn.net/m1/v/t6/An8VA1Q54tMDmlAqk2Ly7XMReKYvMmAM4C-7qwtrROgbN52SwOHmTvHozgKwc_1Y7xre-4mlM6YQL3MwjSZIXJX9X5XVas4gkl-LXSuLa-WneovSWxJc9GFjv1ttbcO9ty6T-03Vy2ZwsTw1_o103A?stp=s1024x576&edm=AOnQwmMEAAAA&_nc_gid=TKzsnYJDbRREl3QJxKTH3Q&_nc_oc=AdpHKqR4toSmdFzNCkIHLKgKgNy7hjDU9F1NNuEGhzxeP8ghNt3a9pE6QX-U_RQo9C4&ccb=10-5&oh=00_Af5Iuy_0PTHQH0oEI-FYSzvm11yt4Ki9vNLT-GfOOkLnhg&oe=6A39449B&_nc_sid=201bca",
        "IMAGE_ORIGINAL_URL": "https://scontent-bos5-1.xx.fbcdn.net/m1/v/t6/An8VA1Q54tMDmlAqk2Ly7XMReKYvMmAM4C-7qwtrROgbN52SwOHmTvHozgKwc_1Y7xre-4mlM6YQL3MwjSZIXJX9X5XVas4gkl-LXSuLa-WneovSWxJc9GFjv1ttbcO9ty6T-03Vy2ZwsTw1_o103A?edm=AOnQwmMEAAAA&_nc_gid=TKzsnYJDbRREl3QJxKTH3Q&_nc_oc=AdpHKqR4toSmdFzNCkIHLKgKgNy7hjDU9F1NNuEGhzxeP8ghNt3a9pE6QX-U_RQo9C4&ccb=10-6&oh=00_Af4s2hnSLztt8aWpK_ogM3UUz8wqxbPrEqgKYiGU8CFpig&oe=6A39449B&_nc_sid=201bca",
        "SOURCE_URL": "https://www.mapillary.com/app/?pKey=211997940499392",
        "SAMPLE_MUNICIPALITY": "Medford",
        "SAMPLE_STREET_NAME": "SALEM STREET",
        "SAMPLE_SEGMENT_ID": 386953,
        "SAMPLE_LAT": 42.4220782349994,
        "SAMPLE_LNG": -71.0943327626166
      }
    },
    {
      "type": "Feature",
      "geometry": {
        "type": "Point",
        "coordinates": [
          -71.093920522127,
          42.42213223464
        ]
      },
      "properties": {
        "PROVIDER": "mapillary",
        "IMAGE_ID": "1106014556550227",
        "SEQUENCE_ID": "29HE-Ccwwa-WXqJhPOSLlQ",
        "CAPTURED_AT": 1506972553100,
        "HEADING": 258.44370970225,
        "IMAGE_THUMB_URL": "https://scontent-bos5-1.xx.fbcdn.net/m1/v/t6/An_wG3iQh4oPiDYP1pHIT8g583k7pQgnKwWM01s81bBcPV8an6zKawbhxRqxkGEneV25ZTnjjR1n37mvTu5KLOpLq7ugraNsJnkY5buSokqtyINUf9bLslFeOhThckm4gzVagGajxdL8GDWitJQAHw?stp=s256x144&edm=AOnQwmMEAAAA&_nc_gid=TKzsnYJDbRREl3QJxKTH3Q&_nc_oc=Adrg8D5Avv0Uoeu0vbogDx6ji2EiBTwjxGwANoLiUNkhp0LsumVC-ELv5-60-ekYFuY&ccb=10-5&oh=00_Af55v4Aa8ZyNNkwoq4axQfyTyiCT3USzOJ7bONFuCWoOCw&oe=6A393A1A&_nc_sid=201bca",
        "IMAGE_PREVIEW_URL": "https://scontent-bos5-1.xx.fbcdn.net/m1/v/t6/An_wG3iQh4oPiDYP1pHIT8g583k7pQgnKwWM01s81bBcPV8an6zKawbhxRqxkGEneV25ZTnjjR1n37mvTu5KLOpLq7ugraNsJnkY5buSokqtyINUf9bLslFeOhThckm4gzVagGajxdL8GDWitJQAHw?stp=s1024x576&edm=AOnQwmMEAAAA&_nc_gid=TKzsnYJDbRREl3QJxKTH3Q&_nc_oc=Adrg8D5Avv0Uoeu0vbogDx6ji2EiBTwjxGwANoLiUNkhp0LsumVC-ELv5-60-ekYFuY&ccb=10-5&oh=00_Af5OGWDjurdrKY6LVFcCiM4zt1RHuc-c7WBINFDHcuxauw&oe=6A393A1A&_nc_sid=201bca",
        "IMAGE_ORIGINAL_URL": "https://scontent-bos5-1.xx.fbcdn.net/m1/v/t6/An_wG3iQh4oPiDYP1pHIT8g583k7pQgnKwWM01s81bBcPV8an6zKawbhxRqxkGEneV25ZTnjjR1n37mvTu5KLOpLq7ugraNsJnkY5buSokqtyINUf9bLslFeOhThckm4gzVagGajxdL8GDWitJQAHw?edm=AOnQwmMEAAAA&_nc_gid=TKzsnYJDbRREl3QJxKTH3Q&_nc_oc=Adrg8D5Avv0Uoeu0vbogDx6ji2EiBTwjxGwANoLiUNkhp0LsumVC-ELv5-60-ekYFuY&ccb=10-5&oh=00_Af6lJigukIjUjtKQrw7a_Gu4ThIkvAcsAQZHGON5Bu5aMg&oe=6A393A1A&_nc_sid=201bca",
        "SOURCE_URL": "https://www.mapillary.com/app/?pKey=1106014556550227",
        "SAMPLE_MUNICIPALITY": "Medford",
        "SAMPLE_STREET_NAME": "SALEM STREET",
        "SAMPLE_SEGMENT_ID": 386953,
        "SAMPLE_LAT": 42.4220782349994,
        "SAMPLE_LNG": -71.0943327626166
      }
    },
    {
      "type": "Feature",
      "geometry": {
        "type": "Point",
        "coordinates": [
          -71.093775438121,
          42.422157544856
        ]
      },
      "properties": {
        "PROVIDER": "mapillary",
        "IMAGE_ID": "310387333766271",
        "SEQUENCE_ID": "UM0vPsdnanG-AQZFGcqOng",
        "CAPTURED_AT": 1506972551300,
        "HEADING": 255.87881570362,
        "IMAGE_THUMB_URL": "https://scontent-bos5-1.xx.fbcdn.net/m1/v/t6/An_OnVhoSxwUaLogrVT5KpAMBLXh_8Ir_bPr6WRFy1SLWilSz-VU8cBc3jVwOVIu6U0cF68am_11THoZxIiydLc6vmCa37TAN5wVj7eS9NmVtAsWd_A_CHfKw6H5sxTG48v-xJLpRyEPj44LKY_v4A?stp=s256x144&edm=AOnQwmMEAAAA&_nc_gid=TKzsnYJDbRREl3QJxKTH3Q&_nc_oc=Adomo-hdA6Yo8MFsKIWsWpoe0RvieWem48sCA6PjzTdhLtJ_6kh-puDod5yejyNtAEY&ccb=10-5&oh=00_Af59SrrBxH0D9LRNgKbs60DrUiJlBOwIQimiiRuAzjTarA&oe=6A395978&_nc_sid=201bca",
        "IMAGE_PREVIEW_URL": "https://scontent-bos5-1.xx.fbcdn.net/m1/v/t6/An_OnVhoSxwUaLogrVT5KpAMBLXh_8Ir_bPr6WRFy1SLWilSz-VU8cBc3jVwOVIu6U0cF68am_11THoZxIiydLc6vmCa37TAN5wVj7eS9NmVtAsWd_A_CHfKw6H5sxTG48v-xJLpRyEPj44LKY_v4A?stp=s1024x576&edm=AOnQwmMEAAAA&_nc_gid=TKzsnYJDbRREl3QJxKTH3Q&_nc_oc=Adomo-hdA6Yo8MFsKIWsWpoe0RvieWem48sCA6PjzTdhLtJ_6kh-puDod5yejyNtAEY&ccb=10-5&oh=00_Af6APgUSoqyHIXtVe4r2cSUZGZAoYtEgkLY-hL3d9MqCxg&oe=6A395978&_nc_sid=201bca",
        "IMAGE_ORIGINAL_URL": "https://scontent-bos5-1.xx.fbcdn.net/m1/v/t6/An_OnVhoSxwUaLogrVT5KpAMBLXh_8Ir_bPr6WRFy1SLWilSz-VU8cBc3jVwOVIu6U0cF68am_11THoZxIiydLc6vmCa37TAN5wVj7eS9NmVtAsWd_A_CHfKw6H5sxTG48v-xJLpRyEPj44LKY_v4A?edm=AOnQwmMEAAAA&_nc_gid=TKzsnYJDbRREl3QJxKTH3Q&_nc_oc=Adomo-hdA6Yo8MFsKIWsWpoe0RvieWem48sCA6PjzTdhLtJ_6kh-puDod5yejyNtAEY&ccb=10-5&oh=00_Af4YOYSGjeYEnMQQPmj5MVAHsRJKysrT7-4Dk5Uyyy9_jQ&oe=6A395978&_nc_sid=201bca",
        "SOURCE_URL": "https://www.mapillary.com/app/?pKey=310387333766271",
        "SAMPLE_MUNICIPALITY": "Medford",
        "SAMPLE_STREET_NAME": "SALEM STREET",
        "SAMPLE_SEGMENT_ID": 386953,
        "SAMPLE_LAT": 42.4220782349994,
        "SAMPLE_LNG": -71.0943327626166
      }
    },
    {
      "type": "Feature",
      "geometry": {
        "type": "Point",
        "coordinates": [
          -71.093989539489,
          42.422121581925
        ]
      },
      "properties": {
        "PROVIDER": "mapillary",
        "IMAGE_ID": "168239118555303",
        "SEQUENCE_ID": "29HE-Ccwwa-WXqJhPOSLlQ",
        "CAPTURED_AT": 1506972553900,
        "HEADING": 258.44367626968,
        "IMAGE_THUMB_URL": "https://scontent-bos5-1.xx.fbcdn.net/m1/v/t6/An8ik4FS2ZRh72VEGF8dIEijREiyu5gh_-Yakb2T01xJVQIzwJh3r6CATkLAWfkcQoYWzqis4sxpvz_LWHRO64M-5xhF_2VZiOneWZCS69j5gU0DwR9piXrrjifxSuWMnv-M5Wy_meBVvSMspEigIg?stp=s256x144&edm=AOnQwmMEAAAA&_nc_gid=TKzsnYJDbRREl3QJxKTH3Q&_nc_oc=AdpWjM6x1_WPaiMSDg6Eo4_NaoRCwjDJ7604aTXjHHtyj8wU5Pqhaxi3L8AhbRKqwMg&ccb=10-5&oh=00_Af6SCj5VSdmYQRwyCZnmzXlaWYca3u41JN4g66EfUs-vew&oe=6A394DFB&_nc_sid=201bca",
        "IMAGE_PREVIEW_URL": "https://scontent-bos5-1.xx.fbcdn.net/m1/v/t6/An8ik4FS2ZRh72VEGF8dIEijREiyu5gh_-Yakb2T01xJVQIzwJh3r6CATkLAWfkcQoYWzqis4sxpvz_LWHRO64M-5xhF_2VZiOneWZCS69j5gU0DwR9piXrrjifxSuWMnv-M5Wy_meBVvSMspEigIg?stp=s1024x576&edm=AOnQwmMEAAAA&_nc_gid=TKzsnYJDbRREl3QJxKTH3Q&_nc_oc=AdpWjM6x1_WPaiMSDg6Eo4_NaoRCwjDJ7604aTXjHHtyj8wU5Pqhaxi3L8AhbRKqwMg&ccb=10-5&oh=00_Af5tW28n0fg_WrA8yoe1JGeYYtuCMbUqAF8Pm3KlG9CECA&oe=6A394DFB&_nc_sid=201bca",
        "IMAGE_ORIGINAL_URL": "https://scontent-bos5-1.xx.fbcdn.net/m1/v/t6/An8ik4FS2ZRh72VEGF8dIEijREiyu5gh_-Yakb2T01xJVQIzwJh3r6CATkLAWfkcQoYWzqis4sxpvz_LWHRO64M-5xhF_2VZiOneWZCS69j5gU0DwR9piXrrjifxSuWMnv-M5Wy_meBVvSMspEigIg?edm=AOnQwmMEAAAA&_nc_gid=TKzsnYJDbRREl3QJxKTH3Q&_nc_oc=AdpWjM6x1_WPaiMSDg6Eo4_NaoRCwjDJ7604aTXjHHtyj8wU5Pqhaxi3L8AhbRKqwMg&ccb=10-5&oh=00_Af76ztgdBACsJhh08lSgInI2M7rKP_5vdcOEaa9nt82nuw&oe=6A394DFB&_nc_sid=201bca",
        "SOURCE_URL": "https://www.mapillary.com/app/?pKey=168239118555303",
        "SAMPLE_MUNICIPALITY": "Medford",
        "SAMPLE_STREET_NAME": "SALEM STREET",
        "SAMPLE_SEGMENT_ID": 386953,
        "SAMPLE_LAT": 42.4220782349994,
        "SAMPLE_LNG": -71.0943327626166
      }
    },
    {
      "type": "Feature",
      "geometry": {
        "type": "Point",
        "coordinates": [
          -71.09413189774,
          42.422099435119
        ]
      },
      "properties": {
        "PROVIDER": "mapillary",
        "IMAGE_ID": "763047547728485",
        "SEQUENCE_ID": "29HE-Ccwwa-WXqJhPOSLlQ",
        "CAPTURED_AT": 1506972555400,
        "HEADING": 257.56388339273,
        "IMAGE_THUMB_URL": "https://scontent-bos5-1.xx.fbcdn.net/m1/v/t6/An8fNH4s3wNx_EVK5g88jShIDoWD0DodmQjDtkt2agvqFlTpS7WFRK_8D52gu53xtB-HtK7gDQxG9pv-XuZR44pvL8JGzAfHDLmuXNtgysBSG-x8e8OL_iLWEayHy9tM6utKwVULoWAIEYsnwgGXgw?stp=s256x144&edm=AOnQwmMEAAAA&_nc_gid=TKzsnYJDbRREl3QJxKTH3Q&_nc_oc=Adr9kTVGRH6JlesKoPxSG0pMYcU-Bfz6brBy1-R2f8HFAu0OAbRLYeFX4tQZPMfg_B0&ccb=10-5&oh=00_Af5G5wWMftJeuGU5ahFGKe_X7goKQMV3e6aj9LYTQK4Dhg&oe=6A395542&_nc_sid=201bca",
        "IMAGE_PREVIEW_URL": "https://scontent-bos5-1.xx.fbcdn.net/m1/v/t6/An8fNH4s3wNx_EVK5g88jShIDoWD0DodmQjDtkt2agvqFlTpS7WFRK_8D52gu53xtB-HtK7gDQxG9pv-XuZR44pvL8JGzAfHDLmuXNtgysBSG-x8e8OL_iLWEayHy9tM6utKwVULoWAIEYsnwgGXgw?stp=s1024x576&edm=AOnQwmMEAAAA&_nc_gid=TKzsnYJDbRREl3QJxKTH3Q&_nc_oc=Adr9kTVGRH6JlesKoPxSG0pMYcU-Bfz6brBy1-R2f8HFAu0OAbRLYeFX4tQZPMfg_B0&ccb=10-5&oh=00_Af4Nu73POpgrQg00ByQdtIWzvo_5Pe9ElvXUtZ-fecW0_Q&oe=6A395542&_nc_sid=201bca",
        "IMAGE_ORIGINAL_URL": "https://scontent-bos5-1.xx.fbcdn.net/m1/v/t6/An8fNH4s3wNx_EVK5g88jShIDoWD0DodmQjDtkt2agvqFlTpS7WFRK_8D52gu53xtB-HtK7gDQxG9pv-XuZR44pvL8JGzAfHDLmuXNtgysBSG-x8e8OL_iLWEayHy9tM6utKwVULoWAIEYsnwgGXgw?edm=AOnQwmMEAAAA&_nc_gid=TKzsnYJDbRREl3QJxKTH3Q&_nc_oc=Adr9kTVGRH6JlesKoPxSG0pMYcU-Bfz6brBy1-R2f8HFAu0OAbRLYeFX4tQZPMfg_B0&ccb=10-5&oh=00_Af59cQ4LyFsxk3laEWFVxOiKcyXxaDlOxdA5JSoiDG_4kA&oe=6A395542&_nc_sid=201bca",
        "SOURCE_URL": "https://www.mapillary.com/app/?pKey=763047547728485",
        "SAMPLE_MUNICIPALITY": "Medford",
        "SAMPLE_STREET_NAME": "SALEM STREET",
        "SAMPLE_SEGMENT_ID": 386953,
        "SAMPLE_LAT": 42.4220782349994,
        "SAMPLE_LNG": -71.0943327626166
      }
    },
    {
      "type": "Feature",
      "geometry": {
        "type": "Point",
        "coordinates": [
          -71.093665743572,
          42.422177072918
        ]
      },
      "properties": {
        "PROVIDER": "mapillary",
        "IMAGE_ID": "1371798239853743",
        "SEQUENCE_ID": "UM0vPsdnanG-AQZFGcqOng",
        "CAPTURED_AT": 1506972550100,
        "HEADING": 258.51412235405,
        "IMAGE_THUMB_URL": "https://scontent-bos5-1.xx.fbcdn.net/m1/v/t6/An9vpkTtksJsVDv5C7umABejaIR3-s3erZnoILhMeT0ANA2VBsxZIi67A-O4HPJQCglovhISAcoFaiETjs1CKdT3rHysAjgdIcJefef3JAaK0_IHaippduEy_fInubngBDbc4caoXknghqHAui3vRbg?stp=s256x144&edm=AOnQwmMEAAAA&_nc_gid=TKzsnYJDbRREl3QJxKTH3Q&_nc_oc=AdoKthbST5x9ZKaoQ-MNhNCoMUZEskXaKRJiaCBrWiaEPiXmRjojSa_6N_r_KDdE-g0&ccb=10-5&oh=00_Af6hx86SyaQ6FLOEtQtrPn7vZEIsqAFd8_QlVbfaxAq52g&oe=6A395A63&_nc_sid=201bca",
        "IMAGE_PREVIEW_URL": "https://scontent-bos5-1.xx.fbcdn.net/m1/v/t6/An9vpkTtksJsVDv5C7umABejaIR3-s3erZnoILhMeT0ANA2VBsxZIi67A-O4HPJQCglovhISAcoFaiETjs1CKdT3rHysAjgdIcJefef3JAaK0_IHaippduEy_fInubngBDbc4caoXknghqHAui3vRbg?stp=s1024x576&edm=AOnQwmMEAAAA&_nc_gid=TKzsnYJDbRREl3QJxKTH3Q&_nc_oc=AdoKthbST5x9ZKaoQ-MNhNCoMUZEskXaKRJiaCBrWiaEPiXmRjojSa_6N_r_KDdE-g0&ccb=10-5&oh=00_Af7QeTz1pY1nLyBbnFU9E41CKmWA5kl-_M_15z7wVmfKVw&oe=6A395A63&_nc_sid=201bca",
        "IMAGE_ORIGINAL_URL": "https://scontent-bos5-1.xx.fbcdn.net/m1/v/t6/An9vpkTtksJsVDv5C7umABejaIR3-s3erZnoILhMeT0ANA2VBsxZIi67A-O4HPJQCglovhISAcoFaiETjs1CKdT3rHysAjgdIcJefef3JAaK0_IHaippduEy_fInubngBDbc4caoXknghqHAui3vRbg?edm=AOnQwmMEAAAA&_nc_gid=TKzsnYJDbRREl3QJxKTH3Q&_nc_oc=AdoKthbST5x9ZKaoQ-MNhNCoMUZEskXaKRJiaCBrWiaEPiXmRjojSa_6N_r_KDdE-g0&ccb=10-5&oh=00_Af7py4-OxAjFuU61SAyT7lEzbPEQ7bUsCJchy4hdZ07ORg&oe=6A395A63&_nc_sid=201bca",
        "SOURCE_URL": "https://www.mapillary.com/app/?pKey=1371798239853743",
        "SAMPLE_MUNICIPALITY": "Medford",
        "SAMPLE_STREET_NAME": "SALEM STREET",
        "SAMPLE_SEGMENT_ID": 386953,
        "SAMPLE_LAT": 42.4220782349994,
        "SAMPLE_LNG": -71.0943327626166
      }
    },
    {
      "type": "Feature",
      "geometry": {
        "type": "Point",
        "coordinates": [
          -71.093872236821,
          42.422140373639
        ]
      },
      "properties": {
        "PROVIDER": "mapillary",
        "IMAGE_ID": "280131443813902",
        "SEQUENCE_ID": "29HE-Ccwwa-WXqJhPOSLlQ",
        "CAPTURED_AT": 1506972552166,
        "HEADING": 255.82542902115,
        "IMAGE_THUMB_URL": "https://scontent-bos5-1.xx.fbcdn.net/m1/v/t6/An_6nWpqlig1UDuhNFdYBEhxyuj5Gf1u2upAWKD9LF77_AbSjAT3NKZ_CFL4R9lRkLCoFbPC_cAGlFuyPnYoI5uj7bkZAsPHSJcsYecaAecZ-SpEXEAztdYQnzm1FM1VwuKCyhvb-L78nnrYOi-T3w?stp=s256x144&edm=AOnQwmMEAAAA&_nc_gid=TKzsnYJDbRREl3QJxKTH3Q&_nc_oc=Adq9g7aalFFvaWqk2CuDuTDhQG_UFpBi4MLsnWpKsK8Ng3wA85oJi83G36Xk0xpkUzg&ccb=10-5&oh=00_Af5X8HuBp4VWHzCGtowK36Mfsa5QWbHqMLwT4_Ydc99wiw&oe=6A395338&_nc_sid=201bca",
        "IMAGE_PREVIEW_URL": "https://scontent-bos5-1.xx.fbcdn.net/m1/v/t6/An_6nWpqlig1UDuhNFdYBEhxyuj5Gf1u2upAWKD9LF77_AbSjAT3NKZ_CFL4R9lRkLCoFbPC_cAGlFuyPnYoI5uj7bkZAsPHSJcsYecaAecZ-SpEXEAztdYQnzm1FM1VwuKCyhvb-L78nnrYOi-T3w?stp=s1024x576&edm=AOnQwmMEAAAA&_nc_gid=TKzsnYJDbRREl3QJxKTH3Q&_nc_oc=Adq9g7aalFFvaWqk2CuDuTDhQG_UFpBi4MLsnWpKsK8Ng3wA85oJi83G36Xk0xpkUzg&ccb=10-5&oh=00_Af65Qp7XeAhILNWaxubH6678bBj3Gpv3rGj3fK8clhIMeA&oe=6A395338&_nc_sid=201bca",
        "IMAGE_ORIGINAL_URL": "https://scontent-bos5-1.xx.fbcdn.net/m1/v/t6/An_6nWpqlig1UDuhNFdYBEhxyuj5Gf1u2upAWKD9LF77_AbSjAT3NKZ_CFL4R9lRkLCoFbPC_cAGlFuyPnYoI5uj7bkZAsPHSJcsYecaAecZ-SpEXEAztdYQnzm1FM1VwuKCyhvb-L78nnrYOi-T3w?edm=AOnQwmMEAAAA&_nc_gid=TKzsnYJDbRREl3QJxKTH3Q&_nc_oc=Adq9g7aalFFvaWqk2CuDuTDhQG_UFpBi4MLsnWpKsK8Ng3wA85oJi83G36Xk0xpkUzg&ccb=10-5&oh=00_Af4D-m8qpnyws3Z9BY_9-bk6Oawy2eX59fP60CXUxC-T4g&oe=6A395338&_nc_sid=201bca",
        "SOURCE_URL": "https://www.mapillary.com/app/?pKey=280131443813902",
        "SAMPLE_MUNICIPALITY": "Medford",
        "SAMPLE_STREET_NAME": "SALEM STREET",
        "SAMPLE_SEGMENT_ID": 386953,
        "SAMPLE_LAT": 42.4220782349994,
        "SAMPLE_LNG": -71.0943327626166
      }
    },
    {
      "type": "Feature",
      "geometry": {
        "type": "Point",
        "coordinates": [
          -71.094083865755,
          42.422106941915
        ]
      },
      "properties": {
        "PROVIDER": "mapillary",
        "IMAGE_ID": "220377353183616",
        "SEQUENCE_ID": "29HE-Ccwwa-WXqJhPOSLlQ",
        "CAPTURED_AT": 1506972554900,
        "HEADING": 253.04855536608,
        "IMAGE_THUMB_URL": "https://scontent-bos5-1.xx.fbcdn.net/m1/v/t6/An-Z5KRNIDyNH1S6acuulAnrhzYH71Zicp7Ur6dUu3KUGh3mmJOalQL5_59r-du5fBbc-3r3jdbIqJ_FA65jzZczP_slK2oAoNCvkElTOockPoKe2Uvw_zBwv9r9a7rBifgZZO0_NyxuHOwVJtHU2w?stp=s256x144&edm=AOnQwmMEAAAA&_nc_gid=TKzsnYJDbRREl3QJxKTH3Q&_nc_oc=AdqnxtnU6k3FTjBoSVt2FaIKu59Yo05i6p7bzgFLyrFtMwprzDp8s6j015aOAEq9p-U&ccb=10-5&oh=00_Af69E5a1gb2rOVQRr9nCKkzr2KEweo5kMqEJQ8C9090PvA&oe=6A3955A3&_nc_sid=201bca",
        "IMAGE_PREVIEW_URL": "https://scontent-bos5-1.xx.fbcdn.net/m1/v/t6/An-Z5KRNIDyNH1S6acuulAnrhzYH71Zicp7Ur6dUu3KUGh3mmJOalQL5_59r-du5fBbc-3r3jdbIqJ_FA65jzZczP_slK2oAoNCvkElTOockPoKe2Uvw_zBwv9r9a7rBifgZZO0_NyxuHOwVJtHU2w?stp=s1024x576&edm=AOnQwmMEAAAA&_nc_gid=TKzsnYJDbRREl3QJxKTH3Q&_nc_oc=AdqnxtnU6k3FTjBoSVt2FaIKu59Yo05i6p7bzgFLyrFtMwprzDp8s6j015aOAEq9p-U&ccb=10-5&oh=00_Af7SbTvo9ddht02nknVPraTdlG8ku6bd271mTnv7pbg-uQ&oe=6A3955A3&_nc_sid=201bca",
        "IMAGE_ORIGINAL_URL": "https://scontent-bos5-1.xx.fbcdn.net/m1/v/t6/An-Z5KRNIDyNH1S6acuulAnrhzYH71Zicp7Ur6dUu3KUGh3mmJOalQL5_59r-du5fBbc-3r3jdbIqJ_FA65jzZczP_slK2oAoNCvkElTOockPoKe2Uvw_zBwv9r9a7rBifgZZO0_NyxuHOwVJtHU2w?edm=AOnQwmMEAAAA&_nc_gid=TKzsnYJDbRREl3QJxKTH3Q&_nc_oc=AdqnxtnU6k3FTjBoSVt2FaIKu59Yo05i6p7bzgFLyrFtMwprzDp8s6j015aOAEq9p-U&ccb=10-5&oh=00_Af7xapIgY0FYw6qkoGguYjzCuVhIjqtCCAKa1b14QIY3Rw&oe=6A3955A3&_nc_sid=201bca",
        "SOURCE_URL": "https://www.mapillary.com/app/?pKey=220377353183616",
        "SAMPLE_MUNICIPALITY": "Medford",
        "SAMPLE_STREET_NAME": "SALEM STREET",
        "SAMPLE_SEGMENT_ID": 386953,
        "SAMPLE_LAT": 42.4220782349994,
        "SAMPLE_LNG": -71.0943327626166
      }
    },
    {
      "type": "Feature",
      "geometry": {
        "type": "Point",
        "coordinates": [
          -71.094240762227,
          42.422082573252
        ]
      },
      "properties": {
        "PROVIDER": "mapillary",
        "IMAGE_ID": "293177842219219",
        "SEQUENCE_ID": "29HE-Ccwwa-WXqJhPOSLlQ",
        "CAPTURED_AT": 1506972556500,
        "HEADING": 253.92167731284,
        "IMAGE_THUMB_URL": "https://scontent-bos5-1.xx.fbcdn.net/m1/v/t6/An-s2ycjhZ0IoSGOzpaVn87frPa2ldM7hDsvtnsmF30wkJV6Osz2X4cNwjJWsoN5qr8OIdd5IoF8vV8GyEuwcN-x1Ssa1jbUfl4tNjPlgPFK1M8uAoTX-04FGzQ89gavTIAGU6YHWdmPhlc0X1pi9P8?stp=s256x144&edm=AOnQwmMEAAAA&_nc_gid=TKzsnYJDbRREl3QJxKTH3Q&_nc_oc=AdrVMOiJtzy8HhwGmAdESn2PSAPf15ub59fer61BYNlV3PhnvpZGYYsn_OxBOAkLfe8&ccb=10-5&oh=00_Af5q5eG_USA3fcn5XfImZkuPHMdnsSHxw3-neYjELlr4Bg&oe=6A393ED1&_nc_sid=201bca",
        "IMAGE_PREVIEW_URL": "https://scontent-bos5-1.xx.fbcdn.net/m1/v/t6/An-s2ycjhZ0IoSGOzpaVn87frPa2ldM7hDsvtnsmF30wkJV6Osz2X4cNwjJWsoN5qr8OIdd5IoF8vV8GyEuwcN-x1Ssa1jbUfl4tNjPlgPFK1M8uAoTX-04FGzQ89gavTIAGU6YHWdmPhlc0X1pi9P8?stp=s1024x576&edm=AOnQwmMEAAAA&_nc_gid=TKzsnYJDbRREl3QJxKTH3Q&_nc_oc=AdrVMOiJtzy8HhwGmAdESn2PSAPf15ub59fer61BYNlV3PhnvpZGYYsn_OxBOAkLfe8&ccb=10-5&oh=00_Af7gfpida_XIYurKXPWipbE4K5sERspY5rEb2RFm3I_P0w&oe=6A393ED1&_nc_sid=201bca",
        "IMAGE_ORIGINAL_URL": "https://scontent-bos5-1.xx.fbcdn.net/m1/v/t6/An-s2ycjhZ0IoSGOzpaVn87frPa2ldM7hDsvtnsmF30wkJV6Osz2X4cNwjJWsoN5qr8OIdd5IoF8vV8GyEuwcN-x1Ssa1jbUfl4tNjPlgPFK1M8uAoTX-04FGzQ89gavTIAGU6YHWdmPhlc0X1pi9P8?edm=AOnQwmMEAAAA&_nc_gid=TKzsnYJDbRREl3QJxKTH3Q&_nc_oc=AdrVMOiJtzy8HhwGmAdESn2PSAPf15ub59fer61BYNlV3PhnvpZGYYsn_OxBOAkLfe8&ccb=10-5&oh=00_Af6kEMIK9jg0Ts1fq9ashApnjtA4WKmEfDMGC89dssBgCA&oe=6A393ED1&_nc_sid=201bca",
        "SOURCE_URL": "https://www.mapillary.com/app/?pKey=293177842219219",
        "SAMPLE_MUNICIPALITY": "Medford",
        "SAMPLE_STREET_NAME": "SALEM STREET",
        "SAMPLE_SEGMENT_ID": 386953,
        "SAMPLE_LAT": 42.4220782349994,
        "SAMPLE_LNG": -71.0943327626166
      }
    },
    {
      "type": "Feature",
      "geometry": {
        "type": "Point",
        "coordinates": [
          -71.094180122745,
          42.422092021402
        ]
      },
      "properties": {
        "PROVIDER": "mapillary",
        "IMAGE_ID": "875931739654041",
        "SEQUENCE_ID": "29HE-Ccwwa-WXqJhPOSLlQ",
        "CAPTURED_AT": 1506972555900,
        "HEADING": 257.56359768194,
        "IMAGE_THUMB_URL": "https://scontent-bos5-1.xx.fbcdn.net/m1/v/t6/An9T7n-y2K4ajl8c9FoeHhNe8ELV0wwpvfXTZSC5XOs-IBUg5eLSA7s7zwtr_bcflG1HUHP2U-a9C4frR-tGkWKX134LsMFl2MBDEXQnyx0SYkbA4vBSyM0_-rFAlL6ze2cn8ZyhziGgcgMrciCPIw?stp=s256x144&edm=AOnQwmMEAAAA&_nc_gid=TKzsnYJDbRREl3QJxKTH3Q&_nc_oc=AdoOYylytpZwONIJA8ROyK1DvPbghgD8W6Tn7PgYrTKumlyS0-VDdT0BJF9W5IggvWA&ccb=10-5&oh=00_Af6FktmE0CgbDQ3-mOqsoGANJZdNiKxoxZHpasLgUMkXvw&oe=6A393309&_nc_sid=201bca",
        "IMAGE_PREVIEW_URL": "https://scontent-bos5-1.xx.fbcdn.net/m1/v/t6/An9T7n-y2K4ajl8c9FoeHhNe8ELV0wwpvfXTZSC5XOs-IBUg5eLSA7s7zwtr_bcflG1HUHP2U-a9C4frR-tGkWKX134LsMFl2MBDEXQnyx0SYkbA4vBSyM0_-rFAlL6ze2cn8ZyhziGgcgMrciCPIw?stp=s1024x576&edm=AOnQwmMEAAAA&_nc_gid=TKzsnYJDbRREl3QJxKTH3Q&_nc_oc=AdoOYylytpZwONIJA8ROyK1DvPbghgD8W6Tn7PgYrTKumlyS0-VDdT0BJF9W5IggvWA&ccb=10-5&oh=00_Af4L5FqU5-fazEilxad56JadRWWk8WkKiMtGmytaFE-DHg&oe=6A393309&_nc_sid=201bca",
        "IMAGE_ORIGINAL_URL": "https://scontent-bos5-1.xx.fbcdn.net/m1/v/t6/An9T7n-y2K4ajl8c9FoeHhNe8ELV0wwpvfXTZSC5XOs-IBUg5eLSA7s7zwtr_bcflG1HUHP2U-a9C4frR-tGkWKX134LsMFl2MBDEXQnyx0SYkbA4vBSyM0_-rFAlL6ze2cn8ZyhziGgcgMrciCPIw?edm=AOnQwmMEAAAA&_nc_gid=TKzsnYJDbRREl3QJxKTH3Q&_nc_oc=AdoOYylytpZwONIJA8ROyK1DvPbghgD8W6Tn7PgYrTKumlyS0-VDdT0BJF9W5IggvWA&ccb=10-6&oh=00_Af5w9hslJcMY0CmFFk8ZTb9463gsQ9XFq2n6DihJBjZUxQ&oe=6A393309&_nc_sid=201bca",
        "SOURCE_URL": "https://www.mapillary.com/app/?pKey=875931739654041",
        "SAMPLE_MUNICIPALITY": "Medford",
        "SAMPLE_STREET_NAME": "SALEM STREET",
        "SAMPLE_SEGMENT_ID": 386953,
        "SAMPLE_LAT": 42.4220782349994,
        "SAMPLE_LNG": -71.0943327626166
      }
    },
    {
      "type": "Feature",
      "geometry": {
        "type": "Point",
        "coordinates": [
          -71.094220046073,
          42.422085797097
        ]
      },
      "properties": {
        "PROVIDER": "mapillary",
        "IMAGE_ID": "1174403646332890",
        "SEQUENCE_ID": "29HE-Ccwwa-WXqJhPOSLlQ",
        "CAPTURED_AT": 1506972556300,
        "HEADING": 253.92203875317,
        "IMAGE_THUMB_URL": "https://scontent-bos5-1.xx.fbcdn.net/m1/v/t6/An-TLxF9nw03hXfSkqLT-PhtNrkq-ZWfDyCZ26WliriZgidyw5yez2IzDsig9z-uClF3YJsZPwgrbo1NHE20tKyALwe9DOr4TVusTUUvAivgxmrTin2mAXe07-x6g6jd0vizaCL8d1z5ijV9bpgDoQ?stp=s256x144&edm=AOnQwmMEAAAA&_nc_gid=TKzsnYJDbRREl3QJxKTH3Q&_nc_oc=Adpb6FEEUUWBiUnVbzVT-KfI0sHyi7Uu5l2hTj0fMHStiAivCgYPg_97RHKYVwF24YU&ccb=10-5&oh=00_Af579RQjVi9jvmylswC-_v9-SZoxQYQvEEOXkvdfrHoY8g&oe=6A395076&_nc_sid=201bca",
        "IMAGE_PREVIEW_URL": "https://scontent-bos5-1.xx.fbcdn.net/m1/v/t6/An-TLxF9nw03hXfSkqLT-PhtNrkq-ZWfDyCZ26WliriZgidyw5yez2IzDsig9z-uClF3YJsZPwgrbo1NHE20tKyALwe9DOr4TVusTUUvAivgxmrTin2mAXe07-x6g6jd0vizaCL8d1z5ijV9bpgDoQ?stp=s1024x576&edm=AOnQwmMEAAAA&_nc_gid=TKzsnYJDbRREl3QJxKTH3Q&_nc_oc=Adpb6FEEUUWBiUnVbzVT-KfI0sHyi7Uu5l2hTj0fMHStiAivCgYPg_97RHKYVwF24YU&ccb=10-5&oh=00_Af46LQELFYCgXmff3nEY6kfn8ihSNm3AAW_DUAEErOh7Dg&oe=6A395076&_nc_sid=201bca",
        "IMAGE_ORIGINAL_URL": "https://scontent-bos5-1.xx.fbcdn.net/m1/v/t6/An-TLxF9nw03hXfSkqLT-PhtNrkq-ZWfDyCZ26WliriZgidyw5yez2IzDsig9z-uClF3YJsZPwgrbo1NHE20tKyALwe9DOr4TVusTUUvAivgxmrTin2mAXe07-x6g6jd0vizaCL8d1z5ijV9bpgDoQ?edm=AOnQwmMEAAAA&_nc_gid=TKzsnYJDbRREl3QJxKTH3Q&_nc_oc=Adpb6FEEUUWBiUnVbzVT-KfI0sHyi7Uu5l2hTj0fMHStiAivCgYPg_97RHKYVwF24YU&ccb=10-5&oh=00_Af5zjchLHEiAAxy91C2EysVzb_HscqI4q4d0SbuT9pP7QA&oe=6A395076&_nc_sid=201bca",
        "SOURCE_URL": "https://www.mapillary.com/app/?pKey=1174403646332890",
        "SAMPLE_MUNICIPALITY": "Medford",
        "SAMPLE_STREET_NAME": "SALEM STREET",
        "SAMPLE_SEGMENT_ID": 386953,
        "SAMPLE_LAT": 42.4220782349994,
        "SAMPLE_LNG": -71.0943327626166
      }
    },
    {
      "type": "Feature",
      "geometry": {
        "type": "Point",
        "coordinates": [
          -71.093749745432,
          42.422162099597
        ]
      },
      "properties": {
        "PROVIDER": "mapillary",
        "IMAGE_ID": "2967554580158823",
        "SEQUENCE_ID": "UM0vPsdnanG-AQZFGcqOng",
        "CAPTURED_AT": 1506972551000,
        "HEADING": 255.87864049059,
        "IMAGE_THUMB_URL": "https://scontent-bos5-1.xx.fbcdn.net/m1/v/t6/An8cG0wpjEZUnn-RMOUTfiZ4e98GXwTyknFSsXGJdSjCBhobJDGj58PkH3aGzfIQGaDT9Hkg9SJlv0S6r7--S0yMCqJa96_yEu-AMLjwq9ARHsZPshMF63X_2TeapRjNhhzknzcmR1ehxW-OKMh7Qg?stp=s256x144&edm=AOnQwmMEAAAA&_nc_gid=TKzsnYJDbRREl3QJxKTH3Q&_nc_oc=Adpa0QgfxwmmXASaceiUqVeI6DIQwXkx04IknLXFJySnvIAo3z7Wjy7owrvtE2txkzs&ccb=10-5&oh=00_Af7pVcUTd1LXHc2On69zWFslq8wtksZ9zPIJS6K_WSa1qw&oe=6A3949E6&_nc_sid=201bca",
        "IMAGE_PREVIEW_URL": "https://scontent-bos5-1.xx.fbcdn.net/m1/v/t6/An8cG0wpjEZUnn-RMOUTfiZ4e98GXwTyknFSsXGJdSjCBhobJDGj58PkH3aGzfIQGaDT9Hkg9SJlv0S6r7--S0yMCqJa96_yEu-AMLjwq9ARHsZPshMF63X_2TeapRjNhhzknzcmR1ehxW-OKMh7Qg?stp=s1024x576&edm=AOnQwmMEAAAA&_nc_gid=TKzsnYJDbRREl3QJxKTH3Q&_nc_oc=Adpa0QgfxwmmXASaceiUqVeI6DIQwXkx04IknLXFJySnvIAo3z7Wjy7owrvtE2txkzs&ccb=10-5&oh=00_Af6Qj9gOmOW-PtYJaPt93IqQ4kYt4vmhlfhDMAn6tKCsuQ&oe=6A3949E6&_nc_sid=201bca",
        "IMAGE_ORIGINAL_URL": "https://scontent-bos5-1.xx.fbcdn.net/m1/v/t6/An8cG0wpjEZUnn-RMOUTfiZ4e98GXwTyknFSsXGJdSjCBhobJDGj58PkH3aGzfIQGaDT9Hkg9SJlv0S6r7--S0yMCqJa96_yEu-AMLjwq9ARHsZPshMF63X_2TeapRjNhhzknzcmR1ehxW-OKMh7Qg?edm=AOnQwmMEAAAA&_nc_gid=TKzsnYJDbRREl3QJxKTH3Q&_nc_oc=Adpa0QgfxwmmXASaceiUqVeI6DIQwXkx04IknLXFJySnvIAo3z7Wjy7owrvtE2txkzs&ccb=10-5&oh=00_Af70WnUYla5lkiF4Tbe2fbbPX-i89LNjnbYfUdOkmBkzVw&oe=6A3949E6&_nc_sid=201bca",
        "SOURCE_URL": "https://www.mapillary.com/app/?pKey=2967554580158823",
        "SAMPLE_MUNICIPALITY": "Medford",
        "SAMPLE_STREET_NAME": "SALEM STREET",
        "SAMPLE_SEGMENT_ID": 386953,
        "SAMPLE_LAT": 42.4220782349994,
        "SAMPLE_LNG": -71.0943327626166
      }
    },
    {
      "type": "Feature",
      "geometry": {
        "type": "Point",
        "coordinates": [
          -71.093904219938,
          42.422134897406
        ]
      },
      "properties": {
        "PROVIDER": "mapillary",
        "IMAGE_ID": "2924190624525541",
        "SEQUENCE_ID": "29HE-Ccwwa-WXqJhPOSLlQ",
        "CAPTURED_AT": 1506972552833,
        "HEADING": 255.82563682245,
        "IMAGE_THUMB_URL": "https://scontent-bos5-1.xx.fbcdn.net/m1/v/t6/An9xOi2tjyULcImANdoQ-HmUjzibZYAmJh9ESCiaoWHqi-GSNvyfczxk_b3OfBJZsgbkZm8-DlNAjtOi44fqkgbpHsZ86BneSipSRRTtexSlel7cVRxj56aCKI3gct6We2E1hR7iL9MU7UJisij9eQ?stp=s256x144&edm=AOnQwmMEAAAA&_nc_gid=TKzsnYJDbRREl3QJxKTH3Q&_nc_oc=Adrd3jptNqEsdPlVgaAWSQaKN3B7F8MkO9hUB5zP1pVeqsjAttkWj8KM2F4NclurXog&ccb=10-5&oh=00_Af4X10lppXRSLXPay1wlEGNyfw8TaXr6vVFe2D7NUr_StQ&oe=6A39438B&_nc_sid=201bca",
        "IMAGE_PREVIEW_URL": "https://scontent-bos5-1.xx.fbcdn.net/m1/v/t6/An9xOi2tjyULcImANdoQ-HmUjzibZYAmJh9ESCiaoWHqi-GSNvyfczxk_b3OfBJZsgbkZm8-DlNAjtOi44fqkgbpHsZ86BneSipSRRTtexSlel7cVRxj56aCKI3gct6We2E1hR7iL9MU7UJisij9eQ?stp=s1024x576&edm=AOnQwmMEAAAA&_nc_gid=TKzsnYJDbRREl3QJxKTH3Q&_nc_oc=Adrd3jptNqEsdPlVgaAWSQaKN3B7F8MkO9hUB5zP1pVeqsjAttkWj8KM2F4NclurXog&ccb=10-5&oh=00_Af5_qC7fNYxkuZXFVOuUDJ8mpOYUEyGYzBPZ3xpHYF2Ndg&oe=6A39438B&_nc_sid=201bca",
        "IMAGE_ORIGINAL_URL": "https://scontent-bos5-1.xx.fbcdn.net/m1/v/t6/An9xOi2tjyULcImANdoQ-HmUjzibZYAmJh9ESCiaoWHqi-GSNvyfczxk_b3OfBJZsgbkZm8-DlNAjtOi44fqkgbpHsZ86BneSipSRRTtexSlel7cVRxj56aCKI3gct6We2E1hR7iL9MU7UJisij9eQ?edm=AOnQwmMEAAAA&_nc_gid=TKzsnYJDbRREl3QJxKTH3Q&_nc_oc=Adrd3jptNqEsdPlVgaAWSQaKN3B7F8MkO9hUB5zP1pVeqsjAttkWj8KM2F4NclurXog&ccb=10-5&oh=00_Af5CXOGcCmmQiZfAPnRAHZGE38bwNVSNL2cxIUC4dQE0JA&oe=6A39438B&_nc_sid=201bca",
        "SOURCE_URL": "https://www.mapillary.com/app/?pKey=2924190624525541",
        "SAMPLE_MUNICIPALITY": "Medford",
        "SAMPLE_STREET_NAME": "SALEM STREET",
        "SAMPLE_SEGMENT_ID": 386953,
        "SAMPLE_LAT": 42.4220782349994,
        "SAMPLE_LNG": -71.0943327626166
      }
    },
    {
      "type": "Feature",
      "geometry": {
        "type": "Point",
        "coordinates": [
          -71.094283815834,
          42.422075926114
        ]
      },
      "properties": {
        "PROVIDER": "mapillary",
        "IMAGE_ID": "208381014220831",
        "SEQUENCE_ID": "29HE-Ccwwa-WXqJhPOSLlQ",
        "CAPTURED_AT": 1506972556900,
        "HEADING": 253.92147888836,
        "IMAGE_THUMB_URL": "https://scontent-bos5-1.xx.fbcdn.net/m1/v/t6/An9GZeqZHJBhnAjo2T0EkOxCTTQSYB9B6r4RshqpPVVqeGCQKYLx_25MffDkiCOJLPHMH5ZuCcnYZ_Z2ARQAZJflL-3MZLvYXPXTWCFftA-cH6d0Pqb0rc_phhrAN1sy9efKu7xWOMuZJgmeaqZhkA?stp=s256x144&edm=AOnQwmMEAAAA&_nc_gid=TKzsnYJDbRREl3QJxKTH3Q&_nc_oc=AdpG4gCDlV9UAb3ovZZ4IUeaakRQsy990etms4qJv3vr_reoHHvLDBXnMkraW9gvzUA&ccb=10-5&oh=00_Af6CpYCw-02buuCLMblpJSJHn25thko7JBZMYGh91pgwnQ&oe=6A394B6A&_nc_sid=201bca",
        "IMAGE_PREVIEW_URL": "https://scontent-bos5-1.xx.fbcdn.net/m1/v/t6/An9GZeqZHJBhnAjo2T0EkOxCTTQSYB9B6r4RshqpPVVqeGCQKYLx_25MffDkiCOJLPHMH5ZuCcnYZ_Z2ARQAZJflL-3MZLvYXPXTWCFftA-cH6d0Pqb0rc_phhrAN1sy9efKu7xWOMuZJgmeaqZhkA?stp=s1024x576&edm=AOnQwmMEAAAA&_nc_gid=TKzsnYJDbRREl3QJxKTH3Q&_nc_oc=AdpG4gCDlV9UAb3ovZZ4IUeaakRQsy990etms4qJv3vr_reoHHvLDBXnMkraW9gvzUA&ccb=10-5&oh=00_Af4jOE9kI3KsPZOOijdouwK6ZcR18gk62E8h1Jk6Ip_bxw&oe=6A394B6A&_nc_sid=201bca",
        "IMAGE_ORIGINAL_URL": "https://scontent-bos5-1.xx.fbcdn.net/m1/v/t6/An9GZeqZHJBhnAjo2T0EkOxCTTQSYB9B6r4RshqpPVVqeGCQKYLx_25MffDkiCOJLPHMH5ZuCcnYZ_Z2ARQAZJflL-3MZLvYXPXTWCFftA-cH6d0Pqb0rc_phhrAN1sy9efKu7xWOMuZJgmeaqZhkA?edm=AOnQwmMEAAAA&_nc_gid=TKzsnYJDbRREl3QJxKTH3Q&_nc_oc=AdpG4gCDlV9UAb3ovZZ4IUeaakRQsy990etms4qJv3vr_reoHHvLDBXnMkraW9gvzUA&ccb=10-5&oh=00_Af721tz0EuwePAHy9SqX3VZNFwtg1FB6nfHu7ldK3mCeeA&oe=6A394B6A&_nc_sid=201bca",
        "SOURCE_URL": "https://www.mapillary.com/app/?pKey=208381014220831",
        "SAMPLE_MUNICIPALITY": "Medford",
        "SAMPLE_STREET_NAME": "SALEM STREET",
        "SAMPLE_SEGMENT_ID": 386953,
        "SAMPLE_LAT": 42.4220782349994,
        "SAMPLE_LNG": -71.0943327626166
      }
    },
    {
      "type": "Feature",
      "geometry": {
        "type": "Point",
        "coordinates": [
          -71.093864157983,
          42.422141827819
        ]
      },
      "properties": {
        "PROVIDER": "mapillary",
        "IMAGE_ID": "2936440336682881",
        "SEQUENCE_ID": "29HE-Ccwwa-WXqJhPOSLlQ",
        "CAPTURED_AT": 1506972552000,
        "HEADING": 255.82587925087,
        "IMAGE_THUMB_URL": "https://scontent-bos5-1.xx.fbcdn.net/m1/v/t6/An-JaWzd8ik103Eu0mkGR9AfkVVj82-Ly0Skt3_6pY_gylfbXfGvlzBgkrXrRoYdWrHyYzs-QqXSwCxxz6b3R4W3EzbdeoderhIFthZWlsD6re8XJk0lwtCVOmMkETaQbPKOLTTv5fHYfBvDHaqg4A?stp=s256x144&edm=AOnQwmMEAAAA&_nc_gid=TKzsnYJDbRREl3QJxKTH3Q&_nc_oc=Adoxpcw6Nq0EKRL9ztL4SbOuubPtNuIr3ScJVkoD-HYDHJ5ccDI4pDhwtRXpwVw2f6s&ccb=10-5&oh=00_Af4Um38gpm5y1FkM2s-fpP0DQP5fiTXMPeAB9xqSGnHkLA&oe=6A39563A&_nc_sid=201bca",
        "IMAGE_PREVIEW_URL": "https://scontent-bos5-1.xx.fbcdn.net/m1/v/t6/An-JaWzd8ik103Eu0mkGR9AfkVVj82-Ly0Skt3_6pY_gylfbXfGvlzBgkrXrRoYdWrHyYzs-QqXSwCxxz6b3R4W3EzbdeoderhIFthZWlsD6re8XJk0lwtCVOmMkETaQbPKOLTTv5fHYfBvDHaqg4A?stp=s1024x576&edm=AOnQwmMEAAAA&_nc_gid=TKzsnYJDbRREl3QJxKTH3Q&_nc_oc=Adoxpcw6Nq0EKRL9ztL4SbOuubPtNuIr3ScJVkoD-HYDHJ5ccDI4pDhwtRXpwVw2f6s&ccb=10-5&oh=00_Af4GUzKgrSiL57YI_3dNLPvFb6dsfQKU-_Kehc5aSTeghA&oe=6A39563A&_nc_sid=201bca",
        "IMAGE_ORIGINAL_URL": "https://scontent-bos5-1.xx.fbcdn.net/m1/v/t6/An-JaWzd8ik103Eu0mkGR9AfkVVj82-Ly0Skt3_6pY_gylfbXfGvlzBgkrXrRoYdWrHyYzs-QqXSwCxxz6b3R4W3EzbdeoderhIFthZWlsD6re8XJk0lwtCVOmMkETaQbPKOLTTv5fHYfBvDHaqg4A?edm=AOnQwmMEAAAA&_nc_gid=TKzsnYJDbRREl3QJxKTH3Q&_nc_oc=Adoxpcw6Nq0EKRL9ztL4SbOuubPtNuIr3ScJVkoD-HYDHJ5ccDI4pDhwtRXpwVw2f6s&ccb=10-5&oh=00_Af502HpCZlpe_N4xNe1pQswtwp-7CVQZswmC1UlyRv8ESQ&oe=6A39563A&_nc_sid=201bca",
        "SOURCE_URL": "https://www.mapillary.com/app/?pKey=2936440336682881",
        "SAMPLE_MUNICIPALITY": "Medford",
        "SAMPLE_STREET_NAME": "SALEM STREET",
        "SAMPLE_SEGMENT_ID": 386953,
        "SAMPLE_LAT": 42.4220782349994,
        "SAMPLE_LNG": -71.0943327626166
      }
    },
    {
      "type": "Feature",
      "geometry": {
        "type": "Point",
        "coordinates": [
          -71.093612870415,
          42.422186487201
        ]
      },
      "properties": {
        "PROVIDER": "mapillary",
        "IMAGE_ID": "301340484879957",
        "SEQUENCE_ID": "UM0vPsdnanG-AQZFGcqOng",
        "CAPTURED_AT": 1506972549600,
        "HEADING": 256.82225201889,
        "IMAGE_THUMB_URL": "https://scontent-bos5-1.xx.fbcdn.net/m1/v/t6/An-G4vEAEZnOFw3j7yyIcsx3hNZdRzC240uOz5rV_Mnl5mD-m57i7OsKnBnm0GXexHWrTVD2UhHFWqm9-x4MLe5YNlxa8cystrIaOVnhk37C-9YaVITVeO3Az70j1sSeoaYPcDvCbVby3wSTePk2VQ?stp=s256x144&edm=AOnQwmMEAAAA&_nc_gid=TKzsnYJDbRREl3QJxKTH3Q&_nc_oc=AdpdmBsASily4uh3YOtJjb-wXPWNjzSDsvwE2Mr1cmrWD78ywSpadHmPRkBxk2ky6lI&ccb=10-5&oh=00_Af4uW7Lw8LcqwMGbWXMlY-oxHm82C3XOuVnEpEvc0ImT2Q&oe=6A39537C&_nc_sid=201bca",
        "IMAGE_PREVIEW_URL": "https://scontent-bos5-1.xx.fbcdn.net/m1/v/t6/An-G4vEAEZnOFw3j7yyIcsx3hNZdRzC240uOz5rV_Mnl5mD-m57i7OsKnBnm0GXexHWrTVD2UhHFWqm9-x4MLe5YNlxa8cystrIaOVnhk37C-9YaVITVeO3Az70j1sSeoaYPcDvCbVby3wSTePk2VQ?stp=s1024x576&edm=AOnQwmMEAAAA&_nc_gid=TKzsnYJDbRREl3QJxKTH3Q&_nc_oc=AdpdmBsASily4uh3YOtJjb-wXPWNjzSDsvwE2Mr1cmrWD78ywSpadHmPRkBxk2ky6lI&ccb=10-5&oh=00_Af72Z4Aif8cye-Za6STwmrwpV7556YnSkWkvoFJeL_sFbQ&oe=6A39537C&_nc_sid=201bca",
        "IMAGE_ORIGINAL_URL": "https://scontent-bos5-1.xx.fbcdn.net/m1/v/t6/An-G4vEAEZnOFw3j7yyIcsx3hNZdRzC240uOz5rV_Mnl5mD-m57i7OsKnBnm0GXexHWrTVD2UhHFWqm9-x4MLe5YNlxa8cystrIaOVnhk37C-9YaVITVeO3Az70j1sSeoaYPcDvCbVby3wSTePk2VQ?edm=AOnQwmMEAAAA&_nc_gid=TKzsnYJDbRREl3QJxKTH3Q&_nc_oc=AdpdmBsASily4uh3YOtJjb-wXPWNjzSDsvwE2Mr1cmrWD78ywSpadHmPRkBxk2ky6lI&ccb=10-5&oh=00_Af6NFIE8sawtA2bIdvKYy3ZAUv_7nkW_mHEcu7llLRtIMw&oe=6A39537C&_nc_sid=201bca",
        "SOURCE_URL": "https://www.mapillary.com/app/?pKey=301340484879957",
        "SAMPLE_MUNICIPALITY": "Medford",
        "SAMPLE_STREET_NAME": "SALEM STREET",
        "SAMPLE_SEGMENT_ID": 386953,
        "SAMPLE_LAT": 42.4220782349994,
        "SAMPLE_LNG": -71.0943327626166
      }
    },
    {
      "type": "Feature",
      "geometry": {
        "type": "Point",
        "coordinates": [
          -71.094055053306,
          42.422111411074
        ]
      },
      "properties": {
        "PROVIDER": "mapillary",
        "IMAGE_ID": "1463968227312669",
        "SEQUENCE_ID": "29HE-Ccwwa-WXqJhPOSLlQ",
        "CAPTURED_AT": 1506972554600,
        "HEADING": 253.04921259168,
        "IMAGE_THUMB_URL": "https://scontent-bos5-1.xx.fbcdn.net/m1/v/t6/An-zNMCqVN7rhRJ3_hogixrrHaN9jiTTzBFnW-Sle9KJ5REyJv4SJnXAhX9QfBeFQN9JARjf2aUD4J1w5Rx4Yfwq8iMDf9yBy-GOjwGtUt7XzdlAk04SVShr4wKM6Se_xeBF2-Y1UfClCxVYR6cYjJE?stp=s256x144&edm=AOnQwmMEAAAA&_nc_gid=TKzsnYJDbRREl3QJxKTH3Q&_nc_oc=Adp2HKiaIcHxaikODXbsW5D6x534lJ1SvsyD-Che7-2RuzOQKalesdGcynGP5UFfBvs&ccb=10-5&oh=00_Af63DeBZHrmNCamN9MxPxnuouZ4pKkP_TVnjERACbHzsGA&oe=6A3965A1&_nc_sid=201bca",
        "IMAGE_PREVIEW_URL": "https://scontent-bos5-1.xx.fbcdn.net/m1/v/t6/An-zNMCqVN7rhRJ3_hogixrrHaN9jiTTzBFnW-Sle9KJ5REyJv4SJnXAhX9QfBeFQN9JARjf2aUD4J1w5Rx4Yfwq8iMDf9yBy-GOjwGtUt7XzdlAk04SVShr4wKM6Se_xeBF2-Y1UfClCxVYR6cYjJE?stp=s1024x576&edm=AOnQwmMEAAAA&_nc_gid=TKzsnYJDbRREl3QJxKTH3Q&_nc_oc=Adp2HKiaIcHxaikODXbsW5D6x534lJ1SvsyD-Che7-2RuzOQKalesdGcynGP5UFfBvs&ccb=10-5&oh=00_Af6mwL6ETm0qEWIz2ulwx8DiEEOyVF8Qdd8KfwohXr_SgA&oe=6A3965A1&_nc_sid=201bca",
        "IMAGE_ORIGINAL_URL": "https://scontent-bos5-1.xx.fbcdn.net/m1/v/t6/An-zNMCqVN7rhRJ3_hogixrrHaN9jiTTzBFnW-Sle9KJ5REyJv4SJnXAhX9QfBeFQN9JARjf2aUD4J1w5Rx4Yfwq8iMDf9yBy-GOjwGtUt7XzdlAk04SVShr4wKM6Se_xeBF2-Y1UfClCxVYR6cYjJE?edm=AOnQwmMEAAAA&_nc_gid=TKzsnYJDbRREl3QJxKTH3Q&_nc_oc=Adp2HKiaIcHxaikODXbsW5D6x534lJ1SvsyD-Che7-2RuzOQKalesdGcynGP5UFfBvs&ccb=10-5&oh=00_Af4-842kbKA89CoOLRL2ArACwkPgIkF-gEgexzK4FiHcMA&oe=6A3965A1&_nc_sid=201bca",
        "SOURCE_URL": "https://www.mapillary.com/app/?pKey=1463968227312669",
        "SAMPLE_MUNICIPALITY": "Medford",
        "SAMPLE_STREET_NAME": "SALEM STREET",
        "SAMPLE_SEGMENT_ID": 386953,
        "SAMPLE_LAT": 42.4220782349994,
        "SAMPLE_LNG": -71.0943327626166
      }
    },
    {
      "type": "Feature",
      "geometry": {
        "type": "Point",
        "coordinates": [
          -71.093880049739,
          42.422138893195
        ]
      },
      "properties": {
        "PROVIDER": "mapillary",
        "IMAGE_ID": "1110731366076983",
        "SEQUENCE_ID": "29HE-Ccwwa-WXqJhPOSLlQ",
        "CAPTURED_AT": 1506972552333,
        "HEADING": 255.82559709746,
        "IMAGE_THUMB_URL": "https://scontent-bos5-1.xx.fbcdn.net/m1/v/t6/An8-TQETAOakH8QJ1LNxjOVYTgfD5ex3zqikt0kriAWoM7Ty7emeUWMXtU9tF2QoYr1tQ5wOQnbwpC9vJM9DHp7WY3J1ub1Jwuc86LJULr9CIvNAS5Mf6F8DV8fGb-Bc7rXdW5UOLprwPX9grSoXew?stp=s256x144&edm=AOnQwmMEAAAA&_nc_gid=TKzsnYJDbRREl3QJxKTH3Q&_nc_oc=AdqZ-P3dY8GcE1l7gb5lPXqCzslmjuGDdKvRT_xbgzTevKqGqGRjBUjuzJtMXy938bs&ccb=10-5&oh=00_Af5zQUxmooNQvtehQw6OgEQ45ZoCoBpr48hf1YuXkAvoeA&oe=6A39363A&_nc_sid=201bca",
        "IMAGE_PREVIEW_URL": "https://scontent-bos5-1.xx.fbcdn.net/m1/v/t6/An8-TQETAOakH8QJ1LNxjOVYTgfD5ex3zqikt0kriAWoM7Ty7emeUWMXtU9tF2QoYr1tQ5wOQnbwpC9vJM9DHp7WY3J1ub1Jwuc86LJULr9CIvNAS5Mf6F8DV8fGb-Bc7rXdW5UOLprwPX9grSoXew?stp=s1024x576&edm=AOnQwmMEAAAA&_nc_gid=TKzsnYJDbRREl3QJxKTH3Q&_nc_oc=AdqZ-P3dY8GcE1l7gb5lPXqCzslmjuGDdKvRT_xbgzTevKqGqGRjBUjuzJtMXy938bs&ccb=10-5&oh=00_Af5tzIjkM0Nkyetke8ZTvjOUMORtxN0Npu_C4iHA13SHCQ&oe=6A39363A&_nc_sid=201bca",
        "IMAGE_ORIGINAL_URL": "https://scontent-bos5-1.xx.fbcdn.net/m1/v/t6/An8-TQETAOakH8QJ1LNxjOVYTgfD5ex3zqikt0kriAWoM7Ty7emeUWMXtU9tF2QoYr1tQ5wOQnbwpC9vJM9DHp7WY3J1ub1Jwuc86LJULr9CIvNAS5Mf6F8DV8fGb-Bc7rXdW5UOLprwPX9grSoXew?edm=AOnQwmMEAAAA&_nc_gid=TKzsnYJDbRREl3QJxKTH3Q&_nc_oc=AdqZ-P3dY8GcE1l7gb5lPXqCzslmjuGDdKvRT_xbgzTevKqGqGRjBUjuzJtMXy938bs&ccb=10-5&oh=00_Af45MX__-pe2IJjKBrqCC6sIbV8spr3QkW7D-s-43KwBiw&oe=6A39363A&_nc_sid=201bca",
        "SOURCE_URL": "https://www.mapillary.com/app/?pKey=1110731366076983",
        "SAMPLE_MUNICIPALITY": "Medford",
        "SAMPLE_STREET_NAME": "SALEM STREET",
        "SAMPLE_SEGMENT_ID": 386953,
        "SAMPLE_LAT": 42.4220782349994,
        "SAMPLE_LNG": -71.0943327626166
      }
    },
    {
      "type": "Feature",
      "geometry": {
        "type": "Point",
        "coordinates": [
          -71.093783793835,
          42.422156028805
        ]
      },
      "properties": {
        "PROVIDER": "mapillary",
        "IMAGE_ID": "175336464452725",
        "SEQUENCE_ID": "UM0vPsdnanG-AQZFGcqOng",
        "CAPTURED_AT": 1506972551400,
        "HEADING": 255.87864235935,
        "IMAGE_THUMB_URL": "https://scontent-bos5-1.xx.fbcdn.net/m1/v/t6/An9VQBmetv7KMVgUU7n8mqaoSTDqudVrZqT_M1wVrNwgk2WVsVHfnItUpxZUQR-1qoHwciklu8MBTtKJ6lEL7L6y37eqG1wU7uA_gKZsYlPHlqb3fHOwD6s3xXN8xt84tNaK2g2tgACpOdsSWJ3ySs8?stp=s256x144&edm=AOnQwmMEAAAA&_nc_gid=TKzsnYJDbRREl3QJxKTH3Q&_nc_oc=AdqzcQfSMNsdYy7KschV-UcRZM1xx3PQakUAj7csghuIbZ6hbiPDDWBH9elI-ZoUgtA&ccb=10-5&oh=00_Af5NjRjyq5S5OHdi4t29uB5X6_-np-wJj7nHBMqdXYcKsg&oe=6A393AB5&_nc_sid=201bca",
        "IMAGE_PREVIEW_URL": "https://scontent-bos5-1.xx.fbcdn.net/m1/v/t6/An9VQBmetv7KMVgUU7n8mqaoSTDqudVrZqT_M1wVrNwgk2WVsVHfnItUpxZUQR-1qoHwciklu8MBTtKJ6lEL7L6y37eqG1wU7uA_gKZsYlPHlqb3fHOwD6s3xXN8xt84tNaK2g2tgACpOdsSWJ3ySs8?stp=s1024x576&edm=AOnQwmMEAAAA&_nc_gid=TKzsnYJDbRREl3QJxKTH3Q&_nc_oc=AdqzcQfSMNsdYy7KschV-UcRZM1xx3PQakUAj7csghuIbZ6hbiPDDWBH9elI-ZoUgtA&ccb=10-5&oh=00_Af6Lo3BhTGL_jmYO0mwYgHK4h9gSRch4qL8tqunbPcULfw&oe=6A393AB5&_nc_sid=201bca",
        "IMAGE_ORIGINAL_URL": "https://scontent-bos5-1.xx.fbcdn.net/m1/v/t6/An9VQBmetv7KMVgUU7n8mqaoSTDqudVrZqT_M1wVrNwgk2WVsVHfnItUpxZUQR-1qoHwciklu8MBTtKJ6lEL7L6y37eqG1wU7uA_gKZsYlPHlqb3fHOwD6s3xXN8xt84tNaK2g2tgACpOdsSWJ3ySs8?edm=AOnQwmMEAAAA&_nc_gid=TKzsnYJDbRREl3QJxKTH3Q&_nc_oc=AdqzcQfSMNsdYy7KschV-UcRZM1xx3PQakUAj7csghuIbZ6hbiPDDWBH9elI-ZoUgtA&ccb=10-6&oh=00_Af5ErfbGcjtiKhPoY4A4D844AzlakGR-CGw23xiNnXFruw&oe=6A393AB5&_nc_sid=201bca",
        "SOURCE_URL": "https://www.mapillary.com/app/?pKey=175336464452725",
        "SAMPLE_MUNICIPALITY": "Medford",
        "SAMPLE_STREET_NAME": "SALEM STREET",
        "SAMPLE_SEGMENT_ID": 386953,
        "SAMPLE_LAT": 42.4220782349994,
        "SAMPLE_LNG": -71.0943327626166
      }
    },
    {
      "type": "Feature",
      "geometry": {
        "type": "Point",
        "coordinates": [
          -71.094262001919,
          42.422079280624
        ]
      },
      "properties": {
        "PROVIDER": "mapillary",
        "IMAGE_ID": "194281352540872",
        "SEQUENCE_ID": "29HE-Ccwwa-WXqJhPOSLlQ",
        "CAPTURED_AT": 1506972556700,
        "HEADING": 253.9219863996,
        "IMAGE_THUMB_URL": "https://scontent-bos5-1.xx.fbcdn.net/m1/v/t6/An_BIuX1nN9-cfk5fhgDgEXwKziwi_9mkwXhGLDqRjR5nhuQYsK9taDdUip8wv7jkHN2McY0eXLxyBBNJf4zh8N7-QFh25FjNAyJ-Ka5BpvfNfrippQhDqhFESytDEzf43fhkmAgtgHQDH_hASSSpQ?stp=s256x144&edm=AOnQwmMEAAAA&_nc_gid=TKzsnYJDbRREl3QJxKTH3Q&_nc_oc=AdpG4w1cuP9KF_t2mf8tabYLAwrMopL2VmPcHcwxzhxfWcl2WOoDqjKLYFKLTct5Ncc&ccb=10-5&oh=00_Af7xzSd7ADBYywwHBuK4Cz6t3Bd4btaXAy6WTarRa6NoKg&oe=6A3968AB&_nc_sid=201bca",
        "IMAGE_PREVIEW_URL": "https://scontent-bos5-1.xx.fbcdn.net/m1/v/t6/An_BIuX1nN9-cfk5fhgDgEXwKziwi_9mkwXhGLDqRjR5nhuQYsK9taDdUip8wv7jkHN2McY0eXLxyBBNJf4zh8N7-QFh25FjNAyJ-Ka5BpvfNfrippQhDqhFESytDEzf43fhkmAgtgHQDH_hASSSpQ?stp=s1024x576&edm=AOnQwmMEAAAA&_nc_gid=TKzsnYJDbRREl3QJxKTH3Q&_nc_oc=AdpG4w1cuP9KF_t2mf8tabYLAwrMopL2VmPcHcwxzhxfWcl2WOoDqjKLYFKLTct5Ncc&ccb=10-5&oh=00_Af5JUeSHmPE3Y74ebcJbpNRiyYzS_G-iSOYhYDau5T7uqQ&oe=6A3968AB&_nc_sid=201bca",
        "IMAGE_ORIGINAL_URL": "https://scontent-bos5-1.xx.fbcdn.net/m1/v/t6/An_BIuX1nN9-cfk5fhgDgEXwKziwi_9mkwXhGLDqRjR5nhuQYsK9taDdUip8wv7jkHN2McY0eXLxyBBNJf4zh8N7-QFh25FjNAyJ-Ka5BpvfNfrippQhDqhFESytDEzf43fhkmAgtgHQDH_hASSSpQ?edm=AOnQwmMEAAAA&_nc_gid=TKzsnYJDbRREl3QJxKTH3Q&_nc_oc=AdpG4w1cuP9KF_t2mf8tabYLAwrMopL2VmPcHcwxzhxfWcl2WOoDqjKLYFKLTct5Ncc&ccb=10-5&oh=00_Af5rx2yiQcjNVebDBzXUw1PS9kVPcQbcFhv3YcZmoMSUcw&oe=6A3968AB&_nc_sid=201bca",
        "SOURCE_URL": "https://www.mapillary.com/app/?pKey=194281352540872",
        "SAMPLE_MUNICIPALITY": "Medford",
        "SAMPLE_STREET_NAME": "SALEM STREET",
        "SAMPLE_SEGMENT_ID": 386953,
        "SAMPLE_LAT": 42.4220782349994,
        "SAMPLE_LNG": -71.0943327626166
      }
    },
    {
      "type": "Feature",
      "geometry": {
        "type": "Point",
        "coordinates": [
          -71.099689971525,
          42.42045464804
        ]
      },
      "properties": {
        "PROVIDER": "mapillary",
        "IMAGE_ID": "937340033692464",
        "SEQUENCE_ID": "QzvFPzShD8-Hm6PEJBP7rQ",
        "CAPTURED_AT": 1506972680700,
        "HEADING": 241.54923547028,
        "IMAGE_THUMB_URL": "https://scontent-bos5-1.xx.fbcdn.net/m1/v/t6/An_Mh20CAZwMVV8DYAlfJlpmEPF-5eabZMFvgAWJO8Kgc8vs-Av-A1GKCVFv_489cvyBoo-fSgSuRlRN6G_XapM5wXpFMMN8MHfBXfxkkKS1IPU0l_8hyxpEoXfAdXKmdP8CjNkRR6oOC6zRiNGRW0Y?stp=s256x144&edm=AOnQwmMEAAAA&_nc_gid=hDVPkNANVL8L2nNEMn7ATQ&_nc_oc=AdqyrUBsRwyJwMl8oTPkKYWasOcH4GbvLpAW9Ciugvo9RleSuWuui-j2vnv2i4dl5iA&ccb=10-5&oh=00_Af4brua4OO52y4bxMCbF8pHlr3fqH8TdquMuEtTW-2pD_w&oe=6A394F2A&_nc_sid=201bca",
        "IMAGE_PREVIEW_URL": "https://scontent-bos5-1.xx.fbcdn.net/m1/v/t6/An_Mh20CAZwMVV8DYAlfJlpmEPF-5eabZMFvgAWJO8Kgc8vs-Av-A1GKCVFv_489cvyBoo-fSgSuRlRN6G_XapM5wXpFMMN8MHfBXfxkkKS1IPU0l_8hyxpEoXfAdXKmdP8CjNkRR6oOC6zRiNGRW0Y?stp=s1024x576&edm=AOnQwmMEAAAA&_nc_gid=hDVPkNANVL8L2nNEMn7ATQ&_nc_oc=AdqyrUBsRwyJwMl8oTPkKYWasOcH4GbvLpAW9Ciugvo9RleSuWuui-j2vnv2i4dl5iA&ccb=10-5&oh=00_Af6IksZtTDXdEh53Hn6OwFgh6SupqRT1dBu4M7ZfOKKDgw&oe=6A394F2A&_nc_sid=201bca",
        "IMAGE_ORIGINAL_URL": "https://scontent-bos5-1.xx.fbcdn.net/m1/v/t6/An_Mh20CAZwMVV8DYAlfJlpmEPF-5eabZMFvgAWJO8Kgc8vs-Av-A1GKCVFv_489cvyBoo-fSgSuRlRN6G_XapM5wXpFMMN8MHfBXfxkkKS1IPU0l_8hyxpEoXfAdXKmdP8CjNkRR6oOC6zRiNGRW0Y?edm=AOnQwmMEAAAA&_nc_gid=hDVPkNANVL8L2nNEMn7ATQ&_nc_oc=AdqyrUBsRwyJwMl8oTPkKYWasOcH4GbvLpAW9Ciugvo9RleSuWuui-j2vnv2i4dl5iA&ccb=10-5&oh=00_Af5oGW3aKHAj4iw0klIXLXBwhUuO6qUpyw_pPwTDJUgCWg&oe=6A394F2A&_nc_sid=201bca",
        "SOURCE_URL": "https://www.mapillary.com/app/?pKey=937340033692464",
        "SAMPLE_MUNICIPALITY": "Medford",
        "SAMPLE_STREET_NAME": "SALEM STREET",
        "SAMPLE_SEGMENT_ID": 386962,
        "SAMPLE_LAT": 42.420752451675,
        "SAMPLE_LNG": -71.0989551292157
      }
    },
    {
      "type": "Feature",
      "geometry": {
        "type": "Point",
        "coordinates": [
          -71.099585920684,
          42.420498590285
        ]
      },
      "properties": {
        "PROVIDER": "mapillary",
        "IMAGE_ID": "176453394264297",
        "SEQUENCE_ID": "QzvFPzShD8-Hm6PEJBP7rQ",
        "CAPTURED_AT": 1506972679900,
        "HEADING": 240.42612588364,
        "IMAGE_THUMB_URL": "https://scontent-bos5-1.xx.fbcdn.net/m1/v/t6/An8LkyXej19AlRmf8gc2L7oZGKvFjInN4huBZeIsmEO2mXbkt-ccpOLimoVdx9IySVbXAWD_m3SgP03OtMEKvzfCqkV9VNw9fouUab5h6r-y7gPevcN25JgRCK45Q8fMdktCHH2JTEJSWmVCUzi8-A?stp=s256x144&edm=AOnQwmMEAAAA&_nc_gid=hDVPkNANVL8L2nNEMn7ATQ&_nc_oc=AdpdIx8HZ_S-loK9506BHToAp1pTh87Qwk_2komXKDrypgy428w1dtcuWES6v88Dsok&ccb=10-5&oh=00_Af6YQ4oLc4hOAcg7W5zWinnBiTJdzIeo_ibDGZxJz1mx9Q&oe=6A3953EB&_nc_sid=201bca",
        "IMAGE_PREVIEW_URL": "https://scontent-bos5-1.xx.fbcdn.net/m1/v/t6/An8LkyXej19AlRmf8gc2L7oZGKvFjInN4huBZeIsmEO2mXbkt-ccpOLimoVdx9IySVbXAWD_m3SgP03OtMEKvzfCqkV9VNw9fouUab5h6r-y7gPevcN25JgRCK45Q8fMdktCHH2JTEJSWmVCUzi8-A?stp=s1024x576&edm=AOnQwmMEAAAA&_nc_gid=hDVPkNANVL8L2nNEMn7ATQ&_nc_oc=AdpdIx8HZ_S-loK9506BHToAp1pTh87Qwk_2komXKDrypgy428w1dtcuWES6v88Dsok&ccb=10-5&oh=00_Af7vIR-qIAr_eQxYiDYGOyaDRiWUYgKrIlyyIEWvNv_Xvg&oe=6A3953EB&_nc_sid=201bca",
        "IMAGE_ORIGINAL_URL": "https://scontent-bos5-1.xx.fbcdn.net/m1/v/t6/An8LkyXej19AlRmf8gc2L7oZGKvFjInN4huBZeIsmEO2mXbkt-ccpOLimoVdx9IySVbXAWD_m3SgP03OtMEKvzfCqkV9VNw9fouUab5h6r-y7gPevcN25JgRCK45Q8fMdktCHH2JTEJSWmVCUzi8-A?edm=AOnQwmMEAAAA&_nc_gid=hDVPkNANVL8L2nNEMn7ATQ&_nc_oc=AdpdIx8HZ_S-loK9506BHToAp1pTh87Qwk_2komXKDrypgy428w1dtcuWES6v88Dsok&ccb=10-5&oh=00_Af7RZINQZAWnEeMmPl9e48tnEW_wPNpfraJScjglN35oVA&oe=6A3953EB&_nc_sid=201bca",
        "SOURCE_URL": "https://www.mapillary.com/app/?pKey=176453394264297",
        "SAMPLE_MUNICIPALITY": "Medford",
        "SAMPLE_STREET_NAME": "SALEM STREET",
        "SAMPLE_SEGMENT_ID": 386962,
        "SAMPLE_LAT": 42.420752451675,
        "SAMPLE_LNG": -71.0989551292157
      }
    },
    {
      "type": "Feature",
      "geometry": {
        "type": "Point",
        "coordinates": [
          -71.099780450557,
          42.420416396588
        ]
      },
      "properties": {
        "PROVIDER": "mapillary",
        "IMAGE_ID": "309895590543559",
        "SEQUENCE_ID": "QzvFPzShD8-Hm6PEJBP7rQ",
        "CAPTURED_AT": 1506972681400,
        "HEADING": 239.20375203322,
        "IMAGE_THUMB_URL": "https://scontent-bos5-1.xx.fbcdn.net/m1/v/t6/An_d6XoaGCH50HjQSO1GP3AH1-bNEQlFCHEiQr3YNv4DIIIYYBHjc9yq5D4aatGtNiqLwFsK02Y5syHLNADEO862wkeXlc-ulfaWz4dApV734WJo5wEvTlS5UDchG4mpUVL0ciw3unCdH_CrYGMc0A?stp=s256x144&edm=AOnQwmMEAAAA&_nc_gid=hDVPkNANVL8L2nNEMn7ATQ&_nc_oc=AdrCgL3a15TBWnOOhDE7xkIdrvSA_VP-zqNBw9gxNGURJvN9P3Zeng5FDqNtFh-XG-w&ccb=10-5&oh=00_Af4it5byiJMVd9e_Iotw2NHX-uH22hKkU1-Aftqj3DcN9A&oe=6A39560A&_nc_sid=201bca",
        "IMAGE_PREVIEW_URL": "https://scontent-bos5-1.xx.fbcdn.net/m1/v/t6/An_d6XoaGCH50HjQSO1GP3AH1-bNEQlFCHEiQr3YNv4DIIIYYBHjc9yq5D4aatGtNiqLwFsK02Y5syHLNADEO862wkeXlc-ulfaWz4dApV734WJo5wEvTlS5UDchG4mpUVL0ciw3unCdH_CrYGMc0A?stp=s1024x576&edm=AOnQwmMEAAAA&_nc_gid=hDVPkNANVL8L2nNEMn7ATQ&_nc_oc=AdrCgL3a15TBWnOOhDE7xkIdrvSA_VP-zqNBw9gxNGURJvN9P3Zeng5FDqNtFh-XG-w&ccb=10-5&oh=00_Af7Qtqy9f0pIp44jevy-iKYePm9x9oLagG-lLkjGqBUEqg&oe=6A39560A&_nc_sid=201bca",
        "IMAGE_ORIGINAL_URL": "https://scontent-bos5-1.xx.fbcdn.net/m1/v/t6/An_d6XoaGCH50HjQSO1GP3AH1-bNEQlFCHEiQr3YNv4DIIIYYBHjc9yq5D4aatGtNiqLwFsK02Y5syHLNADEO862wkeXlc-ulfaWz4dApV734WJo5wEvTlS5UDchG4mpUVL0ciw3unCdH_CrYGMc0A?edm=AOnQwmMEAAAA&_nc_gid=hDVPkNANVL8L2nNEMn7ATQ&_nc_oc=AdrCgL3a15TBWnOOhDE7xkIdrvSA_VP-zqNBw9gxNGURJvN9P3Zeng5FDqNtFh-XG-w&ccb=10-5&oh=00_Af56WIV6FfXnN88QMzLr0G-201yrG4yeTambVji5XJiJ3Q&oe=6A39560A&_nc_sid=201bca",
        "SOURCE_URL": "https://www.mapillary.com/app/?pKey=309895590543559",
        "SAMPLE_MUNICIPALITY": "Medford",
        "SAMPLE_STREET_NAME": "SALEM STREET",
        "SAMPLE_SEGMENT_ID": 386962,
        "SAMPLE_LAT": 42.420752451675,
        "SAMPLE_LNG": -71.0989551292157
      }
    },
    {
      "type": "Feature",
      "geometry": {
        "type": "Point",
        "coordinates": [
          -71.099806409428,
          42.42040547993
        ]
      },
      "properties": {
        "PROVIDER": "mapillary",
        "IMAGE_ID": "2869929516556296",
        "SEQUENCE_ID": "QzvFPzShD8-Hm6PEJBP7rQ",
        "CAPTURED_AT": 1506972681600,
        "HEADING": 239.20357315489,
        "IMAGE_THUMB_URL": "https://scontent-bos5-1.xx.fbcdn.net/m1/v/t6/An8iFFWr2-4W5bcE8-OOjG3cCogb8oZ6OLtK6hxGZk0bKPfJ7nhZI8OKw2RsJ-NwYX09-SVueRXpCxBMv8LJ6LC1a5M0FEK8X3Bi_twwFJbaV_IfY0xtPm2AXPWtoJLqKnCV6mi2ukt_BlKWdnVyPQw?stp=s256x144&edm=AOnQwmMEAAAA&_nc_gid=hDVPkNANVL8L2nNEMn7ATQ&_nc_oc=AdoXJqBrhBcTau_f3BVLw63tzU8DNQMBUSYKk-pU7rVlPyOuuFaQIgkuz2ZhhpBKEqw&ccb=10-5&oh=00_Af5kqz8RcaXqGR7Rtyxju4zo5kgLNMR6bTJ1iyO2Eipj_A&oe=6A395CCC&_nc_sid=201bca",
        "IMAGE_PREVIEW_URL": "https://scontent-bos5-1.xx.fbcdn.net/m1/v/t6/An8iFFWr2-4W5bcE8-OOjG3cCogb8oZ6OLtK6hxGZk0bKPfJ7nhZI8OKw2RsJ-NwYX09-SVueRXpCxBMv8LJ6LC1a5M0FEK8X3Bi_twwFJbaV_IfY0xtPm2AXPWtoJLqKnCV6mi2ukt_BlKWdnVyPQw?stp=s1024x576&edm=AOnQwmMEAAAA&_nc_gid=hDVPkNANVL8L2nNEMn7ATQ&_nc_oc=AdoXJqBrhBcTau_f3BVLw63tzU8DNQMBUSYKk-pU7rVlPyOuuFaQIgkuz2ZhhpBKEqw&ccb=10-5&oh=00_Af5JO1LyOjveljcWBfPZp98F6TQBi_pFHX5G36t2usLWcg&oe=6A395CCC&_nc_sid=201bca",
        "IMAGE_ORIGINAL_URL": "https://scontent-bos5-1.xx.fbcdn.net/m1/v/t6/An8iFFWr2-4W5bcE8-OOjG3cCogb8oZ6OLtK6hxGZk0bKPfJ7nhZI8OKw2RsJ-NwYX09-SVueRXpCxBMv8LJ6LC1a5M0FEK8X3Bi_twwFJbaV_IfY0xtPm2AXPWtoJLqKnCV6mi2ukt_BlKWdnVyPQw?edm=AOnQwmMEAAAA&_nc_gid=hDVPkNANVL8L2nNEMn7ATQ&_nc_oc=AdoXJqBrhBcTau_f3BVLw63tzU8DNQMBUSYKk-pU7rVlPyOuuFaQIgkuz2ZhhpBKEqw&ccb=10-5&oh=00_Af67z28J5U2BZqnN0xnuM0Hhl8J164LyT7BP2ttuhbZ7qQ&oe=6A395CCC&_nc_sid=201bca",
        "SOURCE_URL": "https://www.mapillary.com/app/?pKey=2869929516556296",
        "SAMPLE_MUNICIPALITY": "Medford",
        "SAMPLE_STREET_NAME": "SALEM STREET",
        "SAMPLE_SEGMENT_ID": 386962,
        "SAMPLE_LAT": 42.420752451675,
        "SAMPLE_LNG": -71.0989551292157
      }
    },
    {
      "type": "Feature",
      "geometry": {
        "type": "Point",
        "coordinates": [
          -71.099545650795,
          42.420515303105
        ]
      },
      "properties": {
        "PROVIDER": "mapillary",
        "IMAGE_ID": "153230486756113",
        "SEQUENCE_ID": "QzvFPzShD8-Hm6PEJBP7rQ",
        "CAPTURED_AT": 1506972679600,
        "HEADING": 240.42611991525,
        "IMAGE_THUMB_URL": "https://scontent-bos5-1.xx.fbcdn.net/m1/v/t6/An-x5KN7qt6p1aVozjobs4K1XBgSRGZ8RYt5aX5TlsGDBQzSqfFhfCTCEceIjpptgsqbpVhE1cIo99IRZvQqoY4LdV09mt4K1RuJgO0hfWIX83gYw-3i9dscRMUJPlL9e2-u2RStNMqp43ipjwWZHA?stp=s256x144&edm=AOnQwmMEAAAA&_nc_gid=hDVPkNANVL8L2nNEMn7ATQ&_nc_oc=AdrdIcvcu3CsGvSo0wd2f9xtG3ok4hUyhRBz9U9nDZC96-uCZnTT1aFgXZ4D_cAeTKU&ccb=10-5&oh=00_Af7DndBgacLb8_HGpnwD9X7ncnhht3anDCZpLBJJvgGjUQ&oe=6A3939C2&_nc_sid=201bca",
        "IMAGE_PREVIEW_URL": "https://scontent-bos5-1.xx.fbcdn.net/m1/v/t6/An-x5KN7qt6p1aVozjobs4K1XBgSRGZ8RYt5aX5TlsGDBQzSqfFhfCTCEceIjpptgsqbpVhE1cIo99IRZvQqoY4LdV09mt4K1RuJgO0hfWIX83gYw-3i9dscRMUJPlL9e2-u2RStNMqp43ipjwWZHA?stp=s1024x576&edm=AOnQwmMEAAAA&_nc_gid=hDVPkNANVL8L2nNEMn7ATQ&_nc_oc=AdrdIcvcu3CsGvSo0wd2f9xtG3ok4hUyhRBz9U9nDZC96-uCZnTT1aFgXZ4D_cAeTKU&ccb=10-5&oh=00_Af7V_dNIE21qRkKPjaXMvnPjDio6hte7x37vdQC-VwCvhw&oe=6A3939C2&_nc_sid=201bca",
        "IMAGE_ORIGINAL_URL": "https://scontent-bos5-1.xx.fbcdn.net/m1/v/t6/An-x5KN7qt6p1aVozjobs4K1XBgSRGZ8RYt5aX5TlsGDBQzSqfFhfCTCEceIjpptgsqbpVhE1cIo99IRZvQqoY4LdV09mt4K1RuJgO0hfWIX83gYw-3i9dscRMUJPlL9e2-u2RStNMqp43ipjwWZHA?edm=AOnQwmMEAAAA&_nc_gid=hDVPkNANVL8L2nNEMn7ATQ&_nc_oc=AdrdIcvcu3CsGvSo0wd2f9xtG3ok4hUyhRBz9U9nDZC96-uCZnTT1aFgXZ4D_cAeTKU&ccb=10-5&oh=00_Af7Tan96s61RFyNeG8NcEd14eURX7JprEkaMMzBMXNwKEw&oe=6A3939C2&_nc_sid=201bca",
        "SOURCE_URL": "https://www.mapillary.com/app/?pKey=153230486756113",
        "SAMPLE_MUNICIPALITY": "Medford",
        "SAMPLE_STREET_NAME": "SALEM STREET",
        "SAMPLE_SEGMENT_ID": 386962,
        "SAMPLE_LAT": 42.420752451675,
        "SAMPLE_LNG": -71.0989551292157
      }
    },
    {
      "type": "Feature",
      "geometry": {
        "type": "Point",
        "coordinates": [
          -71.099638430611,
          42.420476442004
        ]
      },
      "properties": {
        "PROVIDER": "mapillary",
        "IMAGE_ID": "3097883653831890",
        "SEQUENCE_ID": "QzvFPzShD8-Hm6PEJBP7rQ",
        "CAPTURED_AT": 1506972680300,
        "HEADING": 241.54904115758,
        "IMAGE_THUMB_URL": "https://scontent-bos5-1.xx.fbcdn.net/m1/v/t6/An9Cwo4M73YArvDVhD_7gEz7aKG4tKCyYpEAdPzD8kqKd6_z4ljWNfhSp5BvI3ExpmGLr9XK-buh8CO6np-gettWCCBwMmXiCLyCWtQEElUbOhmlrdqdgEO0rsfWDml7evygiup38Xr_eKq6x1G2_g?stp=s256x144&edm=AOnQwmMEAAAA&_nc_gid=hDVPkNANVL8L2nNEMn7ATQ&_nc_oc=AdqWapzuLGP4xICebUbNzx7ANMVc2yE29WT1cJTpUC641e1WlHh3FoZYiJwQf_Rna04&ccb=10-5&oh=00_Af6xc0PaNAtKqCnXX6tcE9_0LIkwhNjPXFiaKxbhYWRceg&oe=6A393995&_nc_sid=201bca",
        "IMAGE_PREVIEW_URL": "https://scontent-bos5-1.xx.fbcdn.net/m1/v/t6/An9Cwo4M73YArvDVhD_7gEz7aKG4tKCyYpEAdPzD8kqKd6_z4ljWNfhSp5BvI3ExpmGLr9XK-buh8CO6np-gettWCCBwMmXiCLyCWtQEElUbOhmlrdqdgEO0rsfWDml7evygiup38Xr_eKq6x1G2_g?stp=s1024x576&edm=AOnQwmMEAAAA&_nc_gid=hDVPkNANVL8L2nNEMn7ATQ&_nc_oc=AdqWapzuLGP4xICebUbNzx7ANMVc2yE29WT1cJTpUC641e1WlHh3FoZYiJwQf_Rna04&ccb=10-5&oh=00_Af7K4bgfrVZFk4mfrXmWGrs8s41wsVJBKj05UlZpg_aV4w&oe=6A393995&_nc_sid=201bca",
        "IMAGE_ORIGINAL_URL": "https://scontent-bos5-1.xx.fbcdn.net/m1/v/t6/An9Cwo4M73YArvDVhD_7gEz7aKG4tKCyYpEAdPzD8kqKd6_z4ljWNfhSp5BvI3ExpmGLr9XK-buh8CO6np-gettWCCBwMmXiCLyCWtQEElUbOhmlrdqdgEO0rsfWDml7evygiup38Xr_eKq6x1G2_g?edm=AOnQwmMEAAAA&_nc_gid=hDVPkNANVL8L2nNEMn7ATQ&_nc_oc=AdqWapzuLGP4xICebUbNzx7ANMVc2yE29WT1cJTpUC641e1WlHh3FoZYiJwQf_Rna04&ccb=10-5&oh=00_Af7VP1gSlcNRmKeoAZJCdWak7PfwvqxV4lg2GZ2K4BZliA&oe=6A393995&_nc_sid=201bca",
        "SOURCE_URL": "https://www.mapillary.com/app/?pKey=3097883653831890",
        "SAMPLE_MUNICIPALITY": "Medford",
        "SAMPLE_STREET_NAME": "SALEM STREET",
        "SAMPLE_SEGMENT_ID": 386962,
        "SAMPLE_LAT": 42.420752451675,
        "SAMPLE_LNG": -71.0989551292157
      }
    },
    {
      "type": "Feature",
      "geometry": {
        "type": "Point",
        "coordinates": [
          -71.09959914812,
          42.420493041759
        ]
      },
      "properties": {
        "PROVIDER": "mapillary",
        "IMAGE_ID": "2533410803620999",
        "SEQUENCE_ID": "QzvFPzShD8-Hm6PEJBP7rQ",
        "CAPTURED_AT": 1506972680000,
        "HEADING": 241.549035401,
        "IMAGE_THUMB_URL": "https://scontent-bos5-1.xx.fbcdn.net/m1/v/t6/An-XqyzxGaOvNU2Mtd5TGpPfOxT-80mJF3mk9cJTLskDG7cmhsnTF9Mdp0NX85z07TJGkX5SAaVkj74aPTXf8JI8sDWJVp-y3vS6kopKhdaiUEM1JsNvNyZvWTN2P-9-RHHw_yg_J4kDZDFxe4xg1A?stp=s256x144&edm=AOnQwmMEAAAA&_nc_gid=hDVPkNANVL8L2nNEMn7ATQ&_nc_oc=AdrQOX9DsoszSJlk4ZoHX9YCX7HSEf1Dwb_oAApEkadHL0YJNVQjRIIcjhdjSPuzb8E&ccb=10-5&oh=00_Af5QoQKS-D5ZVa51j6Y1dIB69HNTIXJ8RfCxL8Kv72FDyg&oe=6A395FF7&_nc_sid=201bca",
        "IMAGE_PREVIEW_URL": "https://scontent-bos5-1.xx.fbcdn.net/m1/v/t6/An-XqyzxGaOvNU2Mtd5TGpPfOxT-80mJF3mk9cJTLskDG7cmhsnTF9Mdp0NX85z07TJGkX5SAaVkj74aPTXf8JI8sDWJVp-y3vS6kopKhdaiUEM1JsNvNyZvWTN2P-9-RHHw_yg_J4kDZDFxe4xg1A?stp=s1024x576&edm=AOnQwmMEAAAA&_nc_gid=hDVPkNANVL8L2nNEMn7ATQ&_nc_oc=AdrQOX9DsoszSJlk4ZoHX9YCX7HSEf1Dwb_oAApEkadHL0YJNVQjRIIcjhdjSPuzb8E&ccb=10-5&oh=00_Af6ywJwBVEGLXFhNAPG4uWYx03EPKll4XgLbv_qGdOjoGA&oe=6A395FF7&_nc_sid=201bca",
        "IMAGE_ORIGINAL_URL": "https://scontent-bos5-1.xx.fbcdn.net/m1/v/t6/An-XqyzxGaOvNU2Mtd5TGpPfOxT-80mJF3mk9cJTLskDG7cmhsnTF9Mdp0NX85z07TJGkX5SAaVkj74aPTXf8JI8sDWJVp-y3vS6kopKhdaiUEM1JsNvNyZvWTN2P-9-RHHw_yg_J4kDZDFxe4xg1A?edm=AOnQwmMEAAAA&_nc_gid=hDVPkNANVL8L2nNEMn7ATQ&_nc_oc=AdrQOX9DsoszSJlk4ZoHX9YCX7HSEf1Dwb_oAApEkadHL0YJNVQjRIIcjhdjSPuzb8E&ccb=10-5&oh=00_Af5XHcn5zyEOyrmZRzw0wieXBahBWtD9vnn9hLcOHCUQtA&oe=6A395FF7&_nc_sid=201bca",
        "SOURCE_URL": "https://www.mapillary.com/app/?pKey=2533410803620999",
        "SAMPLE_MUNICIPALITY": "Medford",
        "SAMPLE_STREET_NAME": "SALEM STREET",
        "SAMPLE_SEGMENT_ID": 386962,
        "SAMPLE_LAT": 42.420752451675,
        "SAMPLE_LNG": -71.0989551292157
      }
    },
    {
      "type": "Feature",
      "geometry": {
        "type": "Point",
        "coordinates": [
          -71.099677125766,
          42.420460024843
        ]
      },
      "properties": {
        "PROVIDER": "mapillary",
        "IMAGE_ID": "937502773667135",
        "SEQUENCE_ID": "QzvFPzShD8-Hm6PEJBP7rQ",
        "CAPTURED_AT": 1506972680600,
        "HEADING": 241.54891351757,
        "IMAGE_THUMB_URL": "https://scontent-bos5-1.xx.fbcdn.net/m1/v/t6/An9RsKxddcXQKUuiiGPCJ80QGtxkySpgK9ndSKVNqnGbDnk6OiSp1Km6jGpxau6zWpIuVQICn6Xr1iD_nD2RoNlUC7ix7sPwxbUzdYHIc0OXr1WXmYMY18oGILciCK0Q7Y6-ugnLAZadXqZkHEC1zg?stp=s256x144&edm=AOnQwmMEAAAA&_nc_gid=hDVPkNANVL8L2nNEMn7ATQ&_nc_oc=Adrog17OcpnBqJaK6UWyzor2Z-2tKOdXXmkfm6uiEFvVsHIAEd57Q1tPwh4uvnDs7Bg&ccb=10-5&oh=00_Af7_E7rlYdY-0eyDel00Vb5nK8JCgTNLpIF3PKZbwqLgkw&oe=6A3959EC&_nc_sid=201bca",
        "IMAGE_PREVIEW_URL": "https://scontent-bos5-1.xx.fbcdn.net/m1/v/t6/An9RsKxddcXQKUuiiGPCJ80QGtxkySpgK9ndSKVNqnGbDnk6OiSp1Km6jGpxau6zWpIuVQICn6Xr1iD_nD2RoNlUC7ix7sPwxbUzdYHIc0OXr1WXmYMY18oGILciCK0Q7Y6-ugnLAZadXqZkHEC1zg?stp=s1024x576&edm=AOnQwmMEAAAA&_nc_gid=hDVPkNANVL8L2nNEMn7ATQ&_nc_oc=Adrog17OcpnBqJaK6UWyzor2Z-2tKOdXXmkfm6uiEFvVsHIAEd57Q1tPwh4uvnDs7Bg&ccb=10-5&oh=00_Af7gv0SdL4T-ChYjw34YaaQZUwOkiOijgyxTxlpVZchD3g&oe=6A3959EC&_nc_sid=201bca",
        "IMAGE_ORIGINAL_URL": "https://scontent-bos5-1.xx.fbcdn.net/m1/v/t6/An9RsKxddcXQKUuiiGPCJ80QGtxkySpgK9ndSKVNqnGbDnk6OiSp1Km6jGpxau6zWpIuVQICn6Xr1iD_nD2RoNlUC7ix7sPwxbUzdYHIc0OXr1WXmYMY18oGILciCK0Q7Y6-ugnLAZadXqZkHEC1zg?edm=AOnQwmMEAAAA&_nc_gid=hDVPkNANVL8L2nNEMn7ATQ&_nc_oc=Adrog17OcpnBqJaK6UWyzor2Z-2tKOdXXmkfm6uiEFvVsHIAEd57Q1tPwh4uvnDs7Bg&ccb=10-5&oh=00_Af6Hid22xoruZ4Fm64XNjxFRS7sG5uf68_6FaRCQdR3oZQ&oe=6A3959EC&_nc_sid=201bca",
        "SOURCE_URL": "https://www.mapillary.com/app/?pKey=937502773667135",
        "SAMPLE_MUNICIPALITY": "Medford",
        "SAMPLE_STREET_NAME": "SALEM STREET",
        "SAMPLE_SEGMENT_ID": 386962,
        "SAMPLE_LAT": 42.420752451675,
        "SAMPLE_LNG": -71.0989551292157
      }
    },
    {
      "type": "Feature",
      "geometry": {
        "type": "Point",
        "coordinates": [
          -71.09047997143,
          42.423612543377
        ]
      },
      "properties": {
        "PROVIDER": "mapillary",
        "IMAGE_ID": "1167848137057828",
        "SEQUENCE_ID": "UM0vPsdnanG-AQZFGcqOng",
        "CAPTURED_AT": 1506972511200,
        "HEADING": 229.53734016309,
        "IMAGE_THUMB_URL": "https://scontent-bos5-1.xx.fbcdn.net/m1/v/t6/An8fNWiqXq_fjtpYjCVVPaHmKwg1SntqZFGCJZp8915leBOeRMQ3txVjEFgqeslgyeooQmpVKq4KLzPbCm0Z2UAjIK6FbcY3k_SbDhdyj-Vhg8n05L7uz_u_Od7dGuJQawj_DdbGhT2FPBh-wVzShA?stp=s256x144&edm=AOnQwmMEAAAA&_nc_gid=4ekwn5y3DN9NN4ptwbG7FA&_nc_oc=AdqaJH3X2rTqeBPMMFEhTEZvOExnZ4BZ70INAtyw8GmmSD85N3KhLXmUuH1sP8DkDaE&ccb=10-5&oh=00_Af50UoM68_OjFldbUO1ViSPPbxQzWuYnI5Rod4zJ2IGCNw&oe=6A394646&_nc_sid=201bca",
        "IMAGE_PREVIEW_URL": "https://scontent-bos5-1.xx.fbcdn.net/m1/v/t6/An8fNWiqXq_fjtpYjCVVPaHmKwg1SntqZFGCJZp8915leBOeRMQ3txVjEFgqeslgyeooQmpVKq4KLzPbCm0Z2UAjIK6FbcY3k_SbDhdyj-Vhg8n05L7uz_u_Od7dGuJQawj_DdbGhT2FPBh-wVzShA?stp=s1024x576&edm=AOnQwmMEAAAA&_nc_gid=4ekwn5y3DN9NN4ptwbG7FA&_nc_oc=AdqaJH3X2rTqeBPMMFEhTEZvOExnZ4BZ70INAtyw8GmmSD85N3KhLXmUuH1sP8DkDaE&ccb=10-5&oh=00_Af602hWCVrpHvONejeyGtvMGDyP6YG-zm77UofQeG3vAKQ&oe=6A394646&_nc_sid=201bca",
        "IMAGE_ORIGINAL_URL": "https://scontent-bos5-1.xx.fbcdn.net/m1/v/t6/An8fNWiqXq_fjtpYjCVVPaHmKwg1SntqZFGCJZp8915leBOeRMQ3txVjEFgqeslgyeooQmpVKq4KLzPbCm0Z2UAjIK6FbcY3k_SbDhdyj-Vhg8n05L7uz_u_Od7dGuJQawj_DdbGhT2FPBh-wVzShA?edm=AOnQwmMEAAAA&_nc_gid=4ekwn5y3DN9NN4ptwbG7FA&_nc_oc=AdqaJH3X2rTqeBPMMFEhTEZvOExnZ4BZ70INAtyw8GmmSD85N3KhLXmUuH1sP8DkDaE&ccb=10-5&oh=00_Af7rnLAokZKneG47JIV9Y2HoFPpPe-I5IUzXh-5GZ7lQAQ&oe=6A394646&_nc_sid=201bca",
        "SOURCE_URL": "https://www.mapillary.com/app/?pKey=1167848137057828",
        "SAMPLE_MUNICIPALITY": "Medford",
        "SAMPLE_STREET_NAME": "SALEM STREET",
        "SAMPLE_SEGMENT_ID": 386974,
        "SAMPLE_LAT": 42.4241240267454,
        "SAMPLE_LNG": -71.0897057096975
      }
    },
    {
      "type": "Feature",
      "geometry": {
        "type": "Point",
        "coordinates": [
          -71.090241789621,
          42.423756831891
        ]
      },
      "properties": {
        "PROVIDER": "mapillary",
        "IMAGE_ID": "129899795791093",
        "SEQUENCE_ID": "UM0vPsdnanG-AQZFGcqOng",
        "CAPTURED_AT": 1506972505900,
        "HEADING": 226.64462944462,
        "IMAGE_THUMB_URL": "https://scontent-bos5-1.xx.fbcdn.net/m1/v/t6/An_xdVOfsUPocoPlhfLzYcAKtyVaajNTZSv5FZ9oPamNSYh12iZHkrbDyCr2S528yfoodQ2yqoatow-3hSO_KGrnaTF-2dvzpvFo5XjD5jnDBDi6bIBzJRdl4XRW1RWh4WjQARrItK9znyLxMAnDvQ?stp=s256x144&edm=AOnQwmMEAAAA&_nc_gid=4ekwn5y3DN9NN4ptwbG7FA&_nc_oc=Adp7CbKhOvi3kuBgZpOjnLnVfQeTeUfRiF8bFIVroPaRjAQH4UdUhrnlLHFdXhJSa40&ccb=10-5&oh=00_Af5WHrxn25g3tzZd5e64spCzTqWxfSuxVZP1POR_05YC0A&oe=6A3968C2&_nc_sid=201bca",
        "IMAGE_PREVIEW_URL": "https://scontent-bos5-1.xx.fbcdn.net/m1/v/t6/An_xdVOfsUPocoPlhfLzYcAKtyVaajNTZSv5FZ9oPamNSYh12iZHkrbDyCr2S528yfoodQ2yqoatow-3hSO_KGrnaTF-2dvzpvFo5XjD5jnDBDi6bIBzJRdl4XRW1RWh4WjQARrItK9znyLxMAnDvQ?stp=s1024x576&edm=AOnQwmMEAAAA&_nc_gid=4ekwn5y3DN9NN4ptwbG7FA&_nc_oc=Adp7CbKhOvi3kuBgZpOjnLnVfQeTeUfRiF8bFIVroPaRjAQH4UdUhrnlLHFdXhJSa40&ccb=10-5&oh=00_Af5Mj_9NdpYDByBaKKGJ8kis761xYrEfexI2rUTQky75gw&oe=6A3968C2&_nc_sid=201bca",
        "IMAGE_ORIGINAL_URL": "https://scontent-bos5-1.xx.fbcdn.net/m1/v/t6/An_xdVOfsUPocoPlhfLzYcAKtyVaajNTZSv5FZ9oPamNSYh12iZHkrbDyCr2S528yfoodQ2yqoatow-3hSO_KGrnaTF-2dvzpvFo5XjD5jnDBDi6bIBzJRdl4XRW1RWh4WjQARrItK9znyLxMAnDvQ?edm=AOnQwmMEAAAA&_nc_gid=4ekwn5y3DN9NN4ptwbG7FA&_nc_oc=Adp7CbKhOvi3kuBgZpOjnLnVfQeTeUfRiF8bFIVroPaRjAQH4UdUhrnlLHFdXhJSa40&ccb=10-5&oh=00_Af5XhzAHMvngy4fhNwas9NZZ9snWmtk8FGJiSMjqc-WXsg&oe=6A3968C2&_nc_sid=201bca",
        "SOURCE_URL": "https://www.mapillary.com/app/?pKey=129899795791093",
        "SAMPLE_MUNICIPALITY": "Medford",
        "SAMPLE_STREET_NAME": "SALEM STREET",
        "SAMPLE_SEGMENT_ID": 386974,
        "SAMPLE_LAT": 42.4241240267454,
        "SAMPLE_LNG": -71.0897057096975
      }
    },
    {
      "type": "Feature",
      "geometry": {
        "type": "Point",
        "coordinates": [
          -71.09010546811,
          42.423836005182
        ]
      },
      "properties": {
        "PROVIDER": "mapillary",
        "IMAGE_ID": "1568609593329796",
        "SEQUENCE_ID": "UM0vPsdnanG-AQZFGcqOng",
        "CAPTURED_AT": 1506972502900,
        "HEADING": 225.76363530611,
        "IMAGE_THUMB_URL": "https://scontent-bos5-1.xx.fbcdn.net/m1/v/t6/An9O25A_zN3u03lKmtIFPfJFC-YznDyhlvG-Zxe-LnAWqc2VXtJHB3hQmiAblvpJyyuoKe6venYleRjWwMocHLMOFfi1pUuaS0TwfqXidDHUY46eGt_4-HQryWwxMfX5nlNEClJ9moz29k3VlQDlNA?stp=s256x144&edm=AOnQwmMEAAAA&_nc_gid=4ekwn5y3DN9NN4ptwbG7FA&_nc_oc=AdoYy0BrDT6d-cjLE6_33i5aNP6OGiOfHzXMw4twPmWc7CxXlmWhjjmCEmhEB2X39vE&ccb=10-5&oh=00_Af6NFmLFqfjkd81v-4kyiN676A8DEvl8Osh6iaywbUEfFw&oe=6A393FB8&_nc_sid=201bca",
        "IMAGE_PREVIEW_URL": "https://scontent-bos5-1.xx.fbcdn.net/m1/v/t6/An9O25A_zN3u03lKmtIFPfJFC-YznDyhlvG-Zxe-LnAWqc2VXtJHB3hQmiAblvpJyyuoKe6venYleRjWwMocHLMOFfi1pUuaS0TwfqXidDHUY46eGt_4-HQryWwxMfX5nlNEClJ9moz29k3VlQDlNA?stp=s1024x576&edm=AOnQwmMEAAAA&_nc_gid=4ekwn5y3DN9NN4ptwbG7FA&_nc_oc=AdoYy0BrDT6d-cjLE6_33i5aNP6OGiOfHzXMw4twPmWc7CxXlmWhjjmCEmhEB2X39vE&ccb=10-5&oh=00_Af4ybkMY7vu4dqlw1waFVtQ1d-1TXlY65zchfykKFDwb5w&oe=6A393FB8&_nc_sid=201bca",
        "IMAGE_ORIGINAL_URL": "https://scontent-bos5-1.xx.fbcdn.net/m1/v/t6/An9O25A_zN3u03lKmtIFPfJFC-YznDyhlvG-Zxe-LnAWqc2VXtJHB3hQmiAblvpJyyuoKe6venYleRjWwMocHLMOFfi1pUuaS0TwfqXidDHUY46eGt_4-HQryWwxMfX5nlNEClJ9moz29k3VlQDlNA?edm=AOnQwmMEAAAA&_nc_gid=4ekwn5y3DN9NN4ptwbG7FA&_nc_oc=AdoYy0BrDT6d-cjLE6_33i5aNP6OGiOfHzXMw4twPmWc7CxXlmWhjjmCEmhEB2X39vE&ccb=10-5&oh=00_Af4jghdJv67J9RbBmx2DfD4NqrzkFOH9NZVdh-Ks67l9yQ&oe=6A393FB8&_nc_sid=201bca",
        "SOURCE_URL": "https://www.mapillary.com/app/?pKey=1568609593329796",
        "SAMPLE_MUNICIPALITY": "Medford",
        "SAMPLE_STREET_NAME": "SALEM STREET",
        "SAMPLE_SEGMENT_ID": 386974,
        "SAMPLE_LAT": 42.4241240267454,
        "SAMPLE_LNG": -71.0897057096975
      }
    },
    {
      "type": "Feature",
      "geometry": {
        "type": "Point",
        "coordinates": [
          -71.090082720621,
          42.423849019816
        ]
      },
      "properties": {
        "PROVIDER": "mapillary",
        "IMAGE_ID": "241761441070338",
        "SEQUENCE_ID": "UM0vPsdnanG-AQZFGcqOng",
        "CAPTURED_AT": 1506972502500,
        "HEADING": 225.76377745244,
        "IMAGE_THUMB_URL": "https://scontent-bos5-1.xx.fbcdn.net/m1/v/t6/An_I8DP4zCLmW1GX2drEV-Nxv420imC7_GInJHInOQq0AULulyEhp5nTde6HRIIez8LSW0Q6lhwcS7BR7B2L0h5zNgtaHIFd2LZfR4YAi8Spvt4YtGlDlh3uzdgW6nrxinu3GB1YnYH-Qo-F8TpYSA?stp=s256x144&edm=AOnQwmMEAAAA&_nc_gid=4ekwn5y3DN9NN4ptwbG7FA&_nc_oc=Adpl3xsKRC_T4-HCcWxb70AOb7JL8_SJEFQjqK1TjpxTRcEu9n_S7LagD66-hDJvZ-0&ccb=10-5&oh=00_Af4Euvx43YfTnWtS0-xCWToATLfxl1xTf_dqD-KwxFpw4A&oe=6A39520D&_nc_sid=201bca",
        "IMAGE_PREVIEW_URL": "https://scontent-bos5-1.xx.fbcdn.net/m1/v/t6/An_I8DP4zCLmW1GX2drEV-Nxv420imC7_GInJHInOQq0AULulyEhp5nTde6HRIIez8LSW0Q6lhwcS7BR7B2L0h5zNgtaHIFd2LZfR4YAi8Spvt4YtGlDlh3uzdgW6nrxinu3GB1YnYH-Qo-F8TpYSA?stp=s1024x576&edm=AOnQwmMEAAAA&_nc_gid=4ekwn5y3DN9NN4ptwbG7FA&_nc_oc=Adpl3xsKRC_T4-HCcWxb70AOb7JL8_SJEFQjqK1TjpxTRcEu9n_S7LagD66-hDJvZ-0&ccb=10-5&oh=00_Af50r9_P-lSGEWzPgAqR5jHZByI6jgf-agXedbjT0xGb8w&oe=6A39520D&_nc_sid=201bca",
        "IMAGE_ORIGINAL_URL": "https://scontent-bos5-1.xx.fbcdn.net/m1/v/t6/An_I8DP4zCLmW1GX2drEV-Nxv420imC7_GInJHInOQq0AULulyEhp5nTde6HRIIez8LSW0Q6lhwcS7BR7B2L0h5zNgtaHIFd2LZfR4YAi8Spvt4YtGlDlh3uzdgW6nrxinu3GB1YnYH-Qo-F8TpYSA?edm=AOnQwmMEAAAA&_nc_gid=4ekwn5y3DN9NN4ptwbG7FA&_nc_oc=Adpl3xsKRC_T4-HCcWxb70AOb7JL8_SJEFQjqK1TjpxTRcEu9n_S7LagD66-hDJvZ-0&ccb=10-5&oh=00_Af7Rm7E6lU9TrgPnMSRUeJVlNoIMBtQ02aBcsrH9MGvJsA&oe=6A39520D&_nc_sid=201bca",
        "SOURCE_URL": "https://www.mapillary.com/app/?pKey=241761441070338",
        "SAMPLE_MUNICIPALITY": "Medford",
        "SAMPLE_STREET_NAME": "SALEM STREET",
        "SAMPLE_SEGMENT_ID": 386974,
        "SAMPLE_LAT": 42.4241240267454,
        "SAMPLE_LNG": -71.0897057096975
      }
    },
    {
      "type": "Feature",
      "geometry": {
        "type": "Point",
        "coordinates": [
          -71.090120938694,
          42.423827160157
        ]
      },
      "properties": {
        "PROVIDER": "mapillary",
        "IMAGE_ID": "3925783617502704",
        "SEQUENCE_ID": "UM0vPsdnanG-AQZFGcqOng",
        "CAPTURED_AT": 1506972503200,
        "HEADING": 226.41004656765,
        "IMAGE_THUMB_URL": "https://scontent-bos5-1.xx.fbcdn.net/m1/v/t6/An-cmLBxtVvuvzEApKnkyboSINYzVoKReV_lRwThg3bB47XHvli9eNIv_sSX1b3GWuik7VIq5AHXaHDWg6Gdlp6t-OW2m6t9qm_Ky-H5lwt4J38SSzxc2obGl6dwPjr0anR2C87P1F8XIoWWcIGmRg?stp=s256x144&edm=AOnQwmMEAAAA&_nc_gid=4ekwn5y3DN9NN4ptwbG7FA&_nc_oc=AdqqlSzPDA5djoSi9yjH4FKu_-DhyMDgA6NGOAJkLHrm4946rQ3ldz_GFjhErrCzlUs&ccb=10-5&oh=00_Af4lVR-dVY6K2VFlfaqnSh_hg7FLj_Cukc_9ulcUOqUJPw&oe=6A395E81&_nc_sid=201bca",
        "IMAGE_PREVIEW_URL": "https://scontent-bos5-1.xx.fbcdn.net/m1/v/t6/An-cmLBxtVvuvzEApKnkyboSINYzVoKReV_lRwThg3bB47XHvli9eNIv_sSX1b3GWuik7VIq5AHXaHDWg6Gdlp6t-OW2m6t9qm_Ky-H5lwt4J38SSzxc2obGl6dwPjr0anR2C87P1F8XIoWWcIGmRg?stp=s1024x576&edm=AOnQwmMEAAAA&_nc_gid=4ekwn5y3DN9NN4ptwbG7FA&_nc_oc=AdqqlSzPDA5djoSi9yjH4FKu_-DhyMDgA6NGOAJkLHrm4946rQ3ldz_GFjhErrCzlUs&ccb=10-5&oh=00_Af4Z2B9Q735Bb9Om2ATYdTh-zoreodlvGMqdqg74O4BHQA&oe=6A395E81&_nc_sid=201bca",
        "IMAGE_ORIGINAL_URL": "https://scontent-bos5-1.xx.fbcdn.net/m1/v/t6/An-cmLBxtVvuvzEApKnkyboSINYzVoKReV_lRwThg3bB47XHvli9eNIv_sSX1b3GWuik7VIq5AHXaHDWg6Gdlp6t-OW2m6t9qm_Ky-H5lwt4J38SSzxc2obGl6dwPjr0anR2C87P1F8XIoWWcIGmRg?edm=AOnQwmMEAAAA&_nc_gid=4ekwn5y3DN9NN4ptwbG7FA&_nc_oc=AdqqlSzPDA5djoSi9yjH4FKu_-DhyMDgA6NGOAJkLHrm4946rQ3ldz_GFjhErrCzlUs&ccb=10-5&oh=00_Af45fkC2Rgh_6emqF3kq00_f0o89ir6E5RE60sfS3433cA&oe=6A395E81&_nc_sid=201bca",
        "SOURCE_URL": "https://www.mapillary.com/app/?pKey=3925783617502704",
        "SAMPLE_MUNICIPALITY": "Medford",
        "SAMPLE_STREET_NAME": "SALEM STREET",
        "SAMPLE_SEGMENT_ID": 386974,
        "SAMPLE_LAT": 42.4241240267454,
        "SAMPLE_LNG": -71.0897057096975
      }
    },
    {
      "type": "Feature",
      "geometry": {
        "type": "Point",
        "coordinates": [
          -71.090460073344,
          42.423624979857
        ]
      },
      "properties": {
        "PROVIDER": "mapillary",
        "IMAGE_ID": "163308319027759",
        "SEQUENCE_ID": "UM0vPsdnanG-AQZFGcqOng",
        "CAPTURED_AT": 1506972510800,
        "HEADING": 229.07479493741,
        "IMAGE_THUMB_URL": "https://scontent-bos5-1.xx.fbcdn.net/m1/v/t6/An-56nae_TdTiO7iHYJkP4dzI1OMqvLDvrs6qk0aO9K298jW2lug9LtR7ozrnU-M7UCR5KAwsiYrtFNeHVfLAgMa-IJ6NfVCry6hZJU-xPDSdIxWkH1vX64lpPKBJ99gF3SJQFxzYUk010hiy1ydiQ?stp=s256x144&edm=AOnQwmMEAAAA&_nc_gid=4ekwn5y3DN9NN4ptwbG7FA&_nc_oc=AdrBr8m9HDxhsmhCIcalc9vIkQUN5bsszNdUU3EbBTyU6AfJB_CrVPnuMVWUrCNq_jk&ccb=10-5&oh=00_Af6RnikYVXCHAo3w2KsRgIeo8jlijFkf7KoH0IXSphW1gQ&oe=6A396254&_nc_sid=201bca",
        "IMAGE_PREVIEW_URL": "https://scontent-bos5-1.xx.fbcdn.net/m1/v/t6/An-56nae_TdTiO7iHYJkP4dzI1OMqvLDvrs6qk0aO9K298jW2lug9LtR7ozrnU-M7UCR5KAwsiYrtFNeHVfLAgMa-IJ6NfVCry6hZJU-xPDSdIxWkH1vX64lpPKBJ99gF3SJQFxzYUk010hiy1ydiQ?stp=s1024x576&edm=AOnQwmMEAAAA&_nc_gid=4ekwn5y3DN9NN4ptwbG7FA&_nc_oc=AdrBr8m9HDxhsmhCIcalc9vIkQUN5bsszNdUU3EbBTyU6AfJB_CrVPnuMVWUrCNq_jk&ccb=10-5&oh=00_Af50xe7CF1LbiX62rq2hNagmKKG4DK8kqddh5ymaYgBb9w&oe=6A396254&_nc_sid=201bca",
        "IMAGE_ORIGINAL_URL": "https://scontent-bos5-1.xx.fbcdn.net/m1/v/t6/An-56nae_TdTiO7iHYJkP4dzI1OMqvLDvrs6qk0aO9K298jW2lug9LtR7ozrnU-M7UCR5KAwsiYrtFNeHVfLAgMa-IJ6NfVCry6hZJU-xPDSdIxWkH1vX64lpPKBJ99gF3SJQFxzYUk010hiy1ydiQ?edm=AOnQwmMEAAAA&_nc_gid=4ekwn5y3DN9NN4ptwbG7FA&_nc_oc=AdrBr8m9HDxhsmhCIcalc9vIkQUN5bsszNdUU3EbBTyU6AfJB_CrVPnuMVWUrCNq_jk&ccb=10-5&oh=00_Af6eW5Upu_lySI6pqkzSzJa-IPLvJ6XkfQsSb9NhaXUnsQ&oe=6A396254&_nc_sid=201bca",
        "SOURCE_URL": "https://www.mapillary.com/app/?pKey=163308319027759",
        "SAMPLE_MUNICIPALITY": "Medford",
        "SAMPLE_STREET_NAME": "SALEM STREET",
        "SAMPLE_SEGMENT_ID": 386974,
        "SAMPLE_LAT": 42.4241240267454,
        "SAMPLE_LNG": -71.0897057096975
      }
    },
    {
      "type": "Feature",
      "geometry": {
        "type": "Point",
        "coordinates": [
          -71.090526936146,
          42.423583088167
        ]
      },
      "properties": {
        "PROVIDER": "mapillary",
        "IMAGE_ID": "152945816700532",
        "SEQUENCE_ID": "UM0vPsdnanG-AQZFGcqOng",
        "CAPTURED_AT": 1506972512200,
        "HEADING": 227.91380559705,
        "IMAGE_THUMB_URL": "https://scontent-bos5-1.xx.fbcdn.net/m1/v/t6/An8a13DCEPzB7yIsy5k-MR8GzOwnpVQfTC5emwf20lbqm0dhhZS5ARlbAKudp14Mr5Agz3N_ScqT76Rc9uNIc_gmlE0fdFE4ZIubBIgIVZ2mgfAxKJVt9Y609S0aQIeRTvAJzk-_mQalOkNKxCNFeg?stp=s256x144&edm=AOnQwmMEAAAA&_nc_gid=4ekwn5y3DN9NN4ptwbG7FA&_nc_oc=Adp1RMFycuhXQntoe4LNZfgchrNRny5ebPyaP6StFK1ku49-jnF7kLA06c8f1QqRmvQ&ccb=10-5&oh=00_Af5S0SqUMAm3kL7yQqb-iYW3T2T8F1Juu1ycyRk1hOy23g&oe=6A3933E4&_nc_sid=201bca",
        "IMAGE_PREVIEW_URL": "https://scontent-bos5-1.xx.fbcdn.net/m1/v/t6/An8a13DCEPzB7yIsy5k-MR8GzOwnpVQfTC5emwf20lbqm0dhhZS5ARlbAKudp14Mr5Agz3N_ScqT76Rc9uNIc_gmlE0fdFE4ZIubBIgIVZ2mgfAxKJVt9Y609S0aQIeRTvAJzk-_mQalOkNKxCNFeg?stp=s1024x576&edm=AOnQwmMEAAAA&_nc_gid=4ekwn5y3DN9NN4ptwbG7FA&_nc_oc=Adp1RMFycuhXQntoe4LNZfgchrNRny5ebPyaP6StFK1ku49-jnF7kLA06c8f1QqRmvQ&ccb=10-5&oh=00_Af6xCLB6ORvoY4RNcuXBPgedQBCDYS_r3oO2I7KqGOPq8Q&oe=6A3933E4&_nc_sid=201bca",
        "IMAGE_ORIGINAL_URL": "https://scontent-bos5-1.xx.fbcdn.net/m1/v/t6/An8a13DCEPzB7yIsy5k-MR8GzOwnpVQfTC5emwf20lbqm0dhhZS5ARlbAKudp14Mr5Agz3N_ScqT76Rc9uNIc_gmlE0fdFE4ZIubBIgIVZ2mgfAxKJVt9Y609S0aQIeRTvAJzk-_mQalOkNKxCNFeg?edm=AOnQwmMEAAAA&_nc_gid=4ekwn5y3DN9NN4ptwbG7FA&_nc_oc=Adp1RMFycuhXQntoe4LNZfgchrNRny5ebPyaP6StFK1ku49-jnF7kLA06c8f1QqRmvQ&ccb=10-5&oh=00_Af5zwznVje-kXmnGYcPKHn6mvgTvY_7gtLQN5oqqYhC_Dg&oe=6A3933E4&_nc_sid=201bca",
        "SOURCE_URL": "https://www.mapillary.com/app/?pKey=152945816700532",
        "SAMPLE_MUNICIPALITY": "Medford",
        "SAMPLE_STREET_NAME": "SALEM STREET",
        "SAMPLE_SEGMENT_ID": 386974,
        "SAMPLE_LAT": 42.4241240267454,
        "SAMPLE_LNG": -71.0897057096975
      }
    },
    {
      "type": "Feature",
      "geometry": {
        "type": "Point",
        "coordinates": [
          -71.090499224271,
          42.423600436151
        ]
      },
      "properties": {
        "PROVIDER": "mapillary",
        "IMAGE_ID": "299553068404120",
        "SEQUENCE_ID": "UM0vPsdnanG-AQZFGcqOng",
        "CAPTURED_AT": 1506972511600,
        "HEADING": 229.53743261349,
        "IMAGE_THUMB_URL": "https://scontent-bos5-1.xx.fbcdn.net/m1/v/t6/An8OfKNgjbGGTtnCbXoousok0L0nfV_yent_HHg4YzOrACMTEJqVyX3HheuI_vIk4QE6Guc1T1YwS-VLWQletbrLEGNJZTei9H5DHzNXaHY43NmJ5i18m0DgWmv6xSvLznG5YD5E6bjeaVQShVCVPw?stp=s256x144&edm=AOnQwmMEAAAA&_nc_gid=4ekwn5y3DN9NN4ptwbG7FA&_nc_oc=AdokBvXr8JYx8fJOaZsjW02OQMDwUGFden-vr9hi5stSMbLek3315PMiymrFCtInLoM&ccb=10-5&oh=00_Af4dTOUYBuj3YFc0EjoJdpKMv3VyWJfSGCs-dIA6Cx6CrQ&oe=6A3947A5&_nc_sid=201bca",
        "IMAGE_PREVIEW_URL": "https://scontent-bos5-1.xx.fbcdn.net/m1/v/t6/An8OfKNgjbGGTtnCbXoousok0L0nfV_yent_HHg4YzOrACMTEJqVyX3HheuI_vIk4QE6Guc1T1YwS-VLWQletbrLEGNJZTei9H5DHzNXaHY43NmJ5i18m0DgWmv6xSvLznG5YD5E6bjeaVQShVCVPw?stp=s1024x576&edm=AOnQwmMEAAAA&_nc_gid=4ekwn5y3DN9NN4ptwbG7FA&_nc_oc=AdokBvXr8JYx8fJOaZsjW02OQMDwUGFden-vr9hi5stSMbLek3315PMiymrFCtInLoM&ccb=10-5&oh=00_Af4ruDVk8YuE0B8PqFz8othFqR2mzVFmQfElSFa9D8uUpQ&oe=6A3947A5&_nc_sid=201bca",
        "IMAGE_ORIGINAL_URL": "https://scontent-bos5-1.xx.fbcdn.net/m1/v/t6/An8OfKNgjbGGTtnCbXoousok0L0nfV_yent_HHg4YzOrACMTEJqVyX3HheuI_vIk4QE6Guc1T1YwS-VLWQletbrLEGNJZTei9H5DHzNXaHY43NmJ5i18m0DgWmv6xSvLznG5YD5E6bjeaVQShVCVPw?edm=AOnQwmMEAAAA&_nc_gid=4ekwn5y3DN9NN4ptwbG7FA&_nc_oc=AdokBvXr8JYx8fJOaZsjW02OQMDwUGFden-vr9hi5stSMbLek3315PMiymrFCtInLoM&ccb=10-5&oh=00_Af5VFz1IrmzDJgSLo66TGIxVDNwUKbwB408uqLqIultU2g&oe=6A3947A5&_nc_sid=201bca",
        "SOURCE_URL": "https://www.mapillary.com/app/?pKey=299553068404120",
        "SAMPLE_MUNICIPALITY": "Medford",
        "SAMPLE_STREET_NAME": "SALEM STREET",
        "SAMPLE_SEGMENT_ID": 386974,
        "SAMPLE_LAT": 42.4241240267454,
        "SAMPLE_LNG": -71.0897057096975
      }
    },
    {
      "type": "Feature",
      "geometry": {
        "type": "Point",
        "coordinates": [
          -71.090517871666,
          42.423588703135
        ]
      },
      "properties": {
        "PROVIDER": "mapillary",
        "IMAGE_ID": "318735433009445",
        "SEQUENCE_ID": "UM0vPsdnanG-AQZFGcqOng",
        "CAPTURED_AT": 1506972512000,
        "HEADING": 227.91402277981,
        "IMAGE_THUMB_URL": "https://scontent-bos5-1.xx.fbcdn.net/m1/v/t6/An882_UjHFLYdnZwnSaGCmWoNukYSFEGvscOzQWJGTltK-oxQS7wTUMVYy4au-HE8uHweMpNfeXhI0NozPaasVPzQgF_M2cx9YdCGb2-IxwC8Ltthhk3mBu9ApdGqIxI9ib25HXO7fj3QzN3ut2ToA?stp=s256x144&edm=AOnQwmMEAAAA&_nc_gid=4ekwn5y3DN9NN4ptwbG7FA&_nc_oc=AdrGiJ18L_lHrTgwGjyIUWsy1S-bg37QNZBb-I18rPfCs7J0_PQ1Ptn-T_53eSPRcyc&ccb=10-5&oh=00_Af4z5eCAZYb63xJSQso-cdhR6zUw1SNmR3Sn5Chwuj5z1w&oe=6A395694&_nc_sid=201bca",
        "IMAGE_PREVIEW_URL": "https://scontent-bos5-1.xx.fbcdn.net/m1/v/t6/An882_UjHFLYdnZwnSaGCmWoNukYSFEGvscOzQWJGTltK-oxQS7wTUMVYy4au-HE8uHweMpNfeXhI0NozPaasVPzQgF_M2cx9YdCGb2-IxwC8Ltthhk3mBu9ApdGqIxI9ib25HXO7fj3QzN3ut2ToA?stp=s1024x576&edm=AOnQwmMEAAAA&_nc_gid=4ekwn5y3DN9NN4ptwbG7FA&_nc_oc=AdrGiJ18L_lHrTgwGjyIUWsy1S-bg37QNZBb-I18rPfCs7J0_PQ1Ptn-T_53eSPRcyc&ccb=10-5&oh=00_Af67G3RLS5usAobRcfaup7Py91h0VyxhDwgVqhWevXZ5bQ&oe=6A395694&_nc_sid=201bca",
        "IMAGE_ORIGINAL_URL": "https://scontent-bos5-1.xx.fbcdn.net/m1/v/t6/An882_UjHFLYdnZwnSaGCmWoNukYSFEGvscOzQWJGTltK-oxQS7wTUMVYy4au-HE8uHweMpNfeXhI0NozPaasVPzQgF_M2cx9YdCGb2-IxwC8Ltthhk3mBu9ApdGqIxI9ib25HXO7fj3QzN3ut2ToA?edm=AOnQwmMEAAAA&_nc_gid=4ekwn5y3DN9NN4ptwbG7FA&_nc_oc=AdrGiJ18L_lHrTgwGjyIUWsy1S-bg37QNZBb-I18rPfCs7J0_PQ1Ptn-T_53eSPRcyc&ccb=10-5&oh=00_Af4K36lCFRbGstN4XU_wXSZ8pKfekRHkReAbMv_lQLy3rA&oe=6A395694&_nc_sid=201bca",
        "SOURCE_URL": "https://www.mapillary.com/app/?pKey=318735433009445",
        "SAMPLE_MUNICIPALITY": "Medford",
        "SAMPLE_STREET_NAME": "SALEM STREET",
        "SAMPLE_SEGMENT_ID": 386974,
        "SAMPLE_LAT": 42.4241240267454,
        "SAMPLE_LNG": -71.0897057096975
      }
    },
    {
      "type": "Feature",
      "geometry": {
        "type": "Point",
        "coordinates": [
          -71.090384519632,
          42.423671517903
        ]
      },
      "properties": {
        "PROVIDER": "mapillary",
        "IMAGE_ID": "147073187372240",
        "SEQUENCE_ID": "UM0vPsdnanG-AQZFGcqOng",
        "CAPTURED_AT": 1506972509200,
        "HEADING": 233.89112321488,
        "IMAGE_THUMB_URL": "https://scontent-bos5-1.xx.fbcdn.net/m1/v/t6/An8bLdzrJY1GVUnr096YNq-PS8DOnJXm_Wq1IrCliFg5MzjOyt6l1IbzzvqtXTVapdQcmXewFz3s-1i7un6ZwQrBsViIq4gOc-I7SN6uJjGcdytrdZM36z4a25k3Wl9WZ55nKA8dYOPcF6LEXIUKgQ?stp=s256x144&edm=AOnQwmMEAAAA&_nc_gid=4ekwn5y3DN9NN4ptwbG7FA&_nc_oc=Adp0AHsdkSaVeDtXooMhewzlAaCbnk72mW8r6z6yyOr0EL5EYQlKetUQnqsJr1V-q8s&ccb=10-5&oh=00_Af7waJ7nRif8fjrffHIci9ZuTXq5jdU2NPaiejKd7FI7hw&oe=6A395DB0&_nc_sid=201bca",
        "IMAGE_PREVIEW_URL": "https://scontent-bos5-1.xx.fbcdn.net/m1/v/t6/An8bLdzrJY1GVUnr096YNq-PS8DOnJXm_Wq1IrCliFg5MzjOyt6l1IbzzvqtXTVapdQcmXewFz3s-1i7un6ZwQrBsViIq4gOc-I7SN6uJjGcdytrdZM36z4a25k3Wl9WZ55nKA8dYOPcF6LEXIUKgQ?stp=s1024x576&edm=AOnQwmMEAAAA&_nc_gid=4ekwn5y3DN9NN4ptwbG7FA&_nc_oc=Adp0AHsdkSaVeDtXooMhewzlAaCbnk72mW8r6z6yyOr0EL5EYQlKetUQnqsJr1V-q8s&ccb=10-5&oh=00_Af64P2bMsoakpclMtNG8mB6Jts-otkivTirYec9tmSBwsg&oe=6A395DB0&_nc_sid=201bca",
        "IMAGE_ORIGINAL_URL": "https://scontent-bos5-1.xx.fbcdn.net/m1/v/t6/An8bLdzrJY1GVUnr096YNq-PS8DOnJXm_Wq1IrCliFg5MzjOyt6l1IbzzvqtXTVapdQcmXewFz3s-1i7un6ZwQrBsViIq4gOc-I7SN6uJjGcdytrdZM36z4a25k3Wl9WZ55nKA8dYOPcF6LEXIUKgQ?edm=AOnQwmMEAAAA&_nc_gid=4ekwn5y3DN9NN4ptwbG7FA&_nc_oc=Adp0AHsdkSaVeDtXooMhewzlAaCbnk72mW8r6z6yyOr0EL5EYQlKetUQnqsJr1V-q8s&ccb=10-5&oh=00_Af4FQiEj39OeLFv59x0yUcjOxLSoCDofw9Z8L34XzMTDUw&oe=6A395DB0&_nc_sid=201bca",
        "SOURCE_URL": "https://www.mapillary.com/app/?pKey=147073187372240",
        "SAMPLE_MUNICIPALITY": "Medford",
        "SAMPLE_STREET_NAME": "SALEM STREET",
        "SAMPLE_SEGMENT_ID": 386974,
        "SAMPLE_LAT": 42.4241240267454,
        "SAMPLE_LNG": -71.0897057096975
      }
    },
    {
      "type": "Feature",
      "geometry": {
        "type": "Point",
        "coordinates": [
          -71.090221295512,
          42.423768818719
        ]
      },
      "properties": {
        "PROVIDER": "mapillary",
        "IMAGE_ID": "311391580586695",
        "SEQUENCE_ID": "UM0vPsdnanG-AQZFGcqOng",
        "CAPTURED_AT": 1506972505400,
        "HEADING": 226.64482802811,
        "IMAGE_THUMB_URL": "https://scontent-bos5-1.xx.fbcdn.net/m1/v/t6/An_pqOJWHT0njcusZpLyy_dz_jlMbwF7uFUjS_Z2T5HRtzd4X5wFTAcAsRXNyBnqwcO6fB65qbwckvBTN2YGGtcVKHTogfwr7Ec79K1740GUyMlASXhYqkxp9-jz1U5GIc0re35vHkMgxx-8ebjdLQ?stp=s256x144&edm=AOnQwmMEAAAA&_nc_gid=4ekwn5y3DN9NN4ptwbG7FA&_nc_oc=AdrEYr6C9BpOHmH-lpOPOHDqFyCB2FfhNKwJ_PQDkS-hYa59nxfLwbTJxseIGVcN6dQ&ccb=10-5&oh=00_Af6WX5W0FUQT0a0WtOo9rOgVsjWm1Kc-Dkeobj5lr1wxFA&oe=6A395DE2&_nc_sid=201bca",
        "IMAGE_PREVIEW_URL": "https://scontent-bos5-1.xx.fbcdn.net/m1/v/t6/An_pqOJWHT0njcusZpLyy_dz_jlMbwF7uFUjS_Z2T5HRtzd4X5wFTAcAsRXNyBnqwcO6fB65qbwckvBTN2YGGtcVKHTogfwr7Ec79K1740GUyMlASXhYqkxp9-jz1U5GIc0re35vHkMgxx-8ebjdLQ?stp=s1024x576&edm=AOnQwmMEAAAA&_nc_gid=4ekwn5y3DN9NN4ptwbG7FA&_nc_oc=AdrEYr6C9BpOHmH-lpOPOHDqFyCB2FfhNKwJ_PQDkS-hYa59nxfLwbTJxseIGVcN6dQ&ccb=10-5&oh=00_Af5diEs8X3SkGAnLnxF6twjDnN6pRWWyFvvrtaq2hWd-MQ&oe=6A395DE2&_nc_sid=201bca",
        "IMAGE_ORIGINAL_URL": "https://scontent-bos5-1.xx.fbcdn.net/m1/v/t6/An_pqOJWHT0njcusZpLyy_dz_jlMbwF7uFUjS_Z2T5HRtzd4X5wFTAcAsRXNyBnqwcO6fB65qbwckvBTN2YGGtcVKHTogfwr7Ec79K1740GUyMlASXhYqkxp9-jz1U5GIc0re35vHkMgxx-8ebjdLQ?edm=AOnQwmMEAAAA&_nc_gid=4ekwn5y3DN9NN4ptwbG7FA&_nc_oc=AdrEYr6C9BpOHmH-lpOPOHDqFyCB2FfhNKwJ_PQDkS-hYa59nxfLwbTJxseIGVcN6dQ&ccb=10-5&oh=00_Af4DrBERWW1MLujqjvjbodNF6kdr8w9gu1mEhnjlsNwZPg&oe=6A395DE2&_nc_sid=201bca",
        "SOURCE_URL": "https://www.mapillary.com/app/?pKey=311391580586695",
        "SAMPLE_MUNICIPALITY": "Medford",
        "SAMPLE_STREET_NAME": "SALEM STREET",
        "SAMPLE_SEGMENT_ID": 386974,
        "SAMPLE_LAT": 42.4241240267454,
        "SAMPLE_LNG": -71.0897057096975
      }
    },
    {
      "type": "Feature",
      "geometry": {
        "type": "Point",
        "coordinates": [
          -71.088964693657,
          42.424642162278
        ]
      },
      "properties": {
        "PROVIDER": "mapillary",
        "IMAGE_ID": "147825867316612",
        "SEQUENCE_ID": "wKhGCrxgCXNXvm5rT9JlBw",
        "CAPTURED_AT": 1507731802622,
        "HEADING": 231.96017456055,
        "IMAGE_THUMB_URL": "https://scontent-bos5-1.xx.fbcdn.net/m1/v/t6/An8_iDwA1GX4W7ZI5scEvnvxvrloKIX1P1I4a0aXhRBsJKn4TfvGdjWVB4OlwvKOJ3wnzfbZ3fTt8kaFBXUSSdSVj34TonnK7WvrJOgcdgOZbBTUdgRIWBOn0k7XdgzuL3xqvFHdXyIXvzbD19ATKWM?stp=s256x192&edm=AOnQwmMEAAAA&_nc_gid=4ekwn5y3DN9NN4ptwbG7FA&_nc_oc=AdqWneGAqHzUArB7YLy1l15i-JHCkWa1KzdLLC0j-rn8ccdbeS1MjLK5NnM7in-Zm2Q&ccb=10-5&oh=00_Af4pidaKc4i947PQAe4B-O_EbBNwCLNExlXlDmqFrMYZ5A&oe=6A3963AF&_nc_sid=201bca",
        "IMAGE_PREVIEW_URL": "https://scontent-bos5-1.xx.fbcdn.net/m1/v/t6/An8_iDwA1GX4W7ZI5scEvnvxvrloKIX1P1I4a0aXhRBsJKn4TfvGdjWVB4OlwvKOJ3wnzfbZ3fTt8kaFBXUSSdSVj34TonnK7WvrJOgcdgOZbBTUdgRIWBOn0k7XdgzuL3xqvFHdXyIXvzbD19ATKWM?stp=s1024x768&edm=AOnQwmMEAAAA&_nc_gid=4ekwn5y3DN9NN4ptwbG7FA&_nc_oc=AdqWneGAqHzUArB7YLy1l15i-JHCkWa1KzdLLC0j-rn8ccdbeS1MjLK5NnM7in-Zm2Q&ccb=10-5&oh=00_Af4xHRjrMvO7cwBROmVmltRXZNf9FGGadTLf_Zz5wuPWhg&oe=6A3963AF&_nc_sid=201bca",
        "IMAGE_ORIGINAL_URL": "https://scontent-bos5-1.xx.fbcdn.net/m1/v/t6/An8_iDwA1GX4W7ZI5scEvnvxvrloKIX1P1I4a0aXhRBsJKn4TfvGdjWVB4OlwvKOJ3wnzfbZ3fTt8kaFBXUSSdSVj34TonnK7WvrJOgcdgOZbBTUdgRIWBOn0k7XdgzuL3xqvFHdXyIXvzbD19ATKWM?edm=AOnQwmMEAAAA&_nc_gid=4ekwn5y3DN9NN4ptwbG7FA&_nc_oc=AdqWneGAqHzUArB7YLy1l15i-JHCkWa1KzdLLC0j-rn8ccdbeS1MjLK5NnM7in-Zm2Q&ccb=10-5&oh=00_Af6Qk16psowSahHzwxsIu8x8VbpmDOnRPexKXRCdVkaSdw&oe=6A3963AF&_nc_sid=201bca",
        "SOURCE_URL": "https://www.mapillary.com/app/?pKey=147825867316612",
        "SAMPLE_MUNICIPALITY": "Medford",
        "SAMPLE_STREET_NAME": "SALEM STREET",
        "SAMPLE_SEGMENT_ID": 386974,
        "SAMPLE_LAT": 42.4241240267454,
        "SAMPLE_LNG": -71.0897057096975
      }
    },
    {
      "type": "Feature",
      "geometry": {
        "type": "Point",
        "coordinates": [
          -71.090350434698,
          42.423692326208
        ]
      },
      "properties": {
        "PROVIDER": "mapillary",
        "IMAGE_ID": "752881168707909",
        "SEQUENCE_ID": "UM0vPsdnanG-AQZFGcqOng",
        "CAPTURED_AT": 1506972508400,
        "HEADING": 233.03469146028,
        "IMAGE_THUMB_URL": "https://scontent-bos5-1.xx.fbcdn.net/m1/v/t6/An-ERYt-netK7LYN4UnIHkN05T9-7KGs7GXxsoFe8IKRGg2KEi2yiUXFvHwTPGVAt-YgiwVxu6tU9-qXHDZ-vjsYqixQl71QJjJ9oGeKcauwvBKdl8kas0KODQ2wklLoP6KrohcfjeZZc_BG6wjzYw?stp=s256x144&edm=AOnQwmMEAAAA&_nc_gid=4ekwn5y3DN9NN4ptwbG7FA&_nc_oc=AdrOtG6hc35WncJFa3v0K9IfWtPN9irbLzLbkED5FVusfvN91aRMyri-UzwPBUpa7NY&ccb=10-5&oh=00_Af6lB3Qgy9vj4IeAqRSoSVjunrfRaeon1S3VBlOLgylwfA&oe=6A39618D&_nc_sid=201bca",
        "IMAGE_PREVIEW_URL": "https://scontent-bos5-1.xx.fbcdn.net/m1/v/t6/An-ERYt-netK7LYN4UnIHkN05T9-7KGs7GXxsoFe8IKRGg2KEi2yiUXFvHwTPGVAt-YgiwVxu6tU9-qXHDZ-vjsYqixQl71QJjJ9oGeKcauwvBKdl8kas0KODQ2wklLoP6KrohcfjeZZc_BG6wjzYw?stp=s1024x576&edm=AOnQwmMEAAAA&_nc_gid=4ekwn5y3DN9NN4ptwbG7FA&_nc_oc=AdrOtG6hc35WncJFa3v0K9IfWtPN9irbLzLbkED5FVusfvN91aRMyri-UzwPBUpa7NY&ccb=10-5&oh=00_Af7QMc0jIl1rV8aG4THXCEytfBizO1VUX5DBrDePSc9X2w&oe=6A39618D&_nc_sid=201bca",
        "IMAGE_ORIGINAL_URL": "https://scontent-bos5-1.xx.fbcdn.net/m1/v/t6/An-ERYt-netK7LYN4UnIHkN05T9-7KGs7GXxsoFe8IKRGg2KEi2yiUXFvHwTPGVAt-YgiwVxu6tU9-qXHDZ-vjsYqixQl71QJjJ9oGeKcauwvBKdl8kas0KODQ2wklLoP6KrohcfjeZZc_BG6wjzYw?edm=AOnQwmMEAAAA&_nc_gid=4ekwn5y3DN9NN4ptwbG7FA&_nc_oc=AdrOtG6hc35WncJFa3v0K9IfWtPN9irbLzLbkED5FVusfvN91aRMyri-UzwPBUpa7NY&ccb=10-5&oh=00_Af4CsAAd3td13hoP8AxkbfPAUMNnLFL0zo7SlOW2JGiQZA&oe=6A39618D&_nc_sid=201bca",
        "SOURCE_URL": "https://www.mapillary.com/app/?pKey=752881168707909",
        "SAMPLE_MUNICIPALITY": "Medford",
        "SAMPLE_STREET_NAME": "SALEM STREET",
        "SAMPLE_SEGMENT_ID": 386974,
        "SAMPLE_LAT": 42.4241240267454,
        "SAMPLE_LNG": -71.0897057096975
      }
    },
    {
      "type": "Feature",
      "geometry": {
        "type": "Point",
        "coordinates": [
          -71.097992965549,
          42.4211768212
        ]
      },
      "properties": {
        "PROVIDER": "mapillary",
        "IMAGE_ID": "2226533207480977",
        "SEQUENCE_ID": "29HE-Ccwwa-WXqJhPOSLlQ",
        "CAPTURED_AT": 1506972631600,
        "HEADING": 242.47978047943,
        "IMAGE_THUMB_URL": "https://scontent-bos5-1.xx.fbcdn.net/m1/v/t6/An8BAWrfG6pz7z9DHHvcckwrXg8KOJz6rJeq2WB6FOpCTJgmJzLHzCNVeSM-mbmJEX8hdYilpsKVvKj5CVxlLnlUKSnzPrpTuKaBGxFLLo-MzkhzFkYqo2gmiwRBhLZ6-RuXJtINnzy8P0uUQTsEtfg?stp=s256x144&edm=AOnQwmMEAAAA&_nc_gid=JbDjRM9F_BxqwBXO77jvSg&_nc_oc=AdpIHtj5wpEkVXE7pzGS9svVlUuUfyQRQsBjwOXGB2N83Y6LOOiMwE1fGe6CmYzavxU&ccb=10-5&oh=00_Af5OT3MS9sZSU9OLlGrzOxxc2HQvTEeIk0zV_6KrhZnQKA&oe=6A3951C3&_nc_sid=201bca",
        "IMAGE_PREVIEW_URL": "https://scontent-bos5-1.xx.fbcdn.net/m1/v/t6/An8BAWrfG6pz7z9DHHvcckwrXg8KOJz6rJeq2WB6FOpCTJgmJzLHzCNVeSM-mbmJEX8hdYilpsKVvKj5CVxlLnlUKSnzPrpTuKaBGxFLLo-MzkhzFkYqo2gmiwRBhLZ6-RuXJtINnzy8P0uUQTsEtfg?stp=s1024x576&edm=AOnQwmMEAAAA&_nc_gid=JbDjRM9F_BxqwBXO77jvSg&_nc_oc=AdpIHtj5wpEkVXE7pzGS9svVlUuUfyQRQsBjwOXGB2N83Y6LOOiMwE1fGe6CmYzavxU&ccb=10-5&oh=00_Af7PFjwAFqKJZnmE9kaPBhEH6Q1AFP9A08NS6R1LPLgI3w&oe=6A3951C3&_nc_sid=201bca",
        "IMAGE_ORIGINAL_URL": "https://scontent-bos5-1.xx.fbcdn.net/m1/v/t6/An8BAWrfG6pz7z9DHHvcckwrXg8KOJz6rJeq2WB6FOpCTJgmJzLHzCNVeSM-mbmJEX8hdYilpsKVvKj5CVxlLnlUKSnzPrpTuKaBGxFLLo-MzkhzFkYqo2gmiwRBhLZ6-RuXJtINnzy8P0uUQTsEtfg?edm=AOnQwmMEAAAA&_nc_gid=JbDjRM9F_BxqwBXO77jvSg&_nc_oc=AdpIHtj5wpEkVXE7pzGS9svVlUuUfyQRQsBjwOXGB2N83Y6LOOiMwE1fGe6CmYzavxU&ccb=10-5&oh=00_Af6tyWlO9d14BiBAh-LxOwYIfl424gBh8rUHERxrGbQ2KA&oe=6A3951C3&_nc_sid=201bca",
        "SOURCE_URL": "https://www.mapillary.com/app/?pKey=2226533207480977",
        "SAMPLE_MUNICIPALITY": "Medford",
        "SAMPLE_STREET_NAME": "SALEM STREET",
        "SAMPLE_SEGMENT_ID": 387189,
        "SAMPLE_LAT": 42.4212942683335,
        "SAMPLE_LNG": -71.0976532634743
      }
    },
    {
      "type": "Feature",
      "geometry": {
        "type": "Point",
        "coordinates": [
          -71.097998657344,
          42.421174563845
        ]
      },
      "properties": {
        "PROVIDER": "mapillary",
        "IMAGE_ID": "470754317520255",
        "SEQUENCE_ID": "29HE-Ccwwa-WXqJhPOSLlQ",
        "CAPTURED_AT": 1506972631900,
        "HEADING": 242.47988358892,
        "IMAGE_THUMB_URL": "https://scontent-bos5-1.xx.fbcdn.net/m1/v/t6/An_aIwo9CXQZOIVwUlYX6dLPZDRUiNprstWQjUBG1VoPvH029zsAJU45nn6PHfeu0J5Erse-avCFVBSqUFxB2yLvuVzje5C0QGY-sqqkYrUTF6tHZCCZ5IuTID7XX9KAPi8-zCXbIiDiN2ptBLqLyg?stp=s256x144&edm=AOnQwmMEAAAA&_nc_gid=JbDjRM9F_BxqwBXO77jvSg&_nc_oc=AdriKook3CFrfH7ZWX6e26dc928pJkWtygMI84_J6dZNqPuGE_Wo56C2YINDUBpUY1A&ccb=10-5&oh=00_Af6HOi5zo6CN5E-Hskmq4wjgGXbXYHqbwwzzdsshfnKTWQ&oe=6A393440&_nc_sid=201bca",
        "IMAGE_PREVIEW_URL": "https://scontent-bos5-1.xx.fbcdn.net/m1/v/t6/An_aIwo9CXQZOIVwUlYX6dLPZDRUiNprstWQjUBG1VoPvH029zsAJU45nn6PHfeu0J5Erse-avCFVBSqUFxB2yLvuVzje5C0QGY-sqqkYrUTF6tHZCCZ5IuTID7XX9KAPi8-zCXbIiDiN2ptBLqLyg?stp=s1024x576&edm=AOnQwmMEAAAA&_nc_gid=JbDjRM9F_BxqwBXO77jvSg&_nc_oc=AdriKook3CFrfH7ZWX6e26dc928pJkWtygMI84_J6dZNqPuGE_Wo56C2YINDUBpUY1A&ccb=10-5&oh=00_Af4nswvNiDlgevoy6M3WwRIdYatduScEOSkZfp56cWab2w&oe=6A393440&_nc_sid=201bca",
        "IMAGE_ORIGINAL_URL": "https://scontent-bos5-1.xx.fbcdn.net/m1/v/t6/An_aIwo9CXQZOIVwUlYX6dLPZDRUiNprstWQjUBG1VoPvH029zsAJU45nn6PHfeu0J5Erse-avCFVBSqUFxB2yLvuVzje5C0QGY-sqqkYrUTF6tHZCCZ5IuTID7XX9KAPi8-zCXbIiDiN2ptBLqLyg?edm=AOnQwmMEAAAA&_nc_gid=JbDjRM9F_BxqwBXO77jvSg&_nc_oc=AdriKook3CFrfH7ZWX6e26dc928pJkWtygMI84_J6dZNqPuGE_Wo56C2YINDUBpUY1A&ccb=10-5&oh=00_Af6fze1qJStxzV8FXvTDgknhYnRpOPl3ThJTcTnB3h64IQ&oe=6A393440&_nc_sid=201bca",
        "SOURCE_URL": "https://www.mapillary.com/app/?pKey=470754317520255",
        "SAMPLE_MUNICIPALITY": "Medford",
        "SAMPLE_STREET_NAME": "SALEM STREET",
        "SAMPLE_SEGMENT_ID": 387189,
        "SAMPLE_LAT": 42.4212942683335,
        "SAMPLE_LNG": -71.0976532634743
      }
    },
    {
      "type": "Feature",
      "geometry": {
        "type": "Point",
        "coordinates": [
          -71.097939238926,
          42.421198560512
        ]
      },
      "properties": {
        "PROVIDER": "mapillary",
        "IMAGE_ID": "465965271352086",
        "SEQUENCE_ID": "29HE-Ccwwa-WXqJhPOSLlQ",
        "CAPTURED_AT": 1506972629700,
        "HEADING": 238.63419758302,
        "IMAGE_THUMB_URL": "https://scontent-bos5-1.xx.fbcdn.net/m1/v/t6/An9e-_o8NML_zIJaZBjKYZVSmfWj23vQkqdsQGHWdvhUV51vhi72gDfkSF0_RRvx88HH33tgz67LpgCuOAxS3upuN76U7zy2k1yI8mQxW2bpv84RRDzpjcgXRm419vI_ErOI8ocP2D9qJBKzKIGzQg?stp=s256x144&edm=AOnQwmMEAAAA&_nc_gid=JbDjRM9F_BxqwBXO77jvSg&_nc_oc=AdofzvdzE_xx4_4zr1DsfHlPVjWZ35WFA2Uoe6JOpm2-6c9XhVnhVDxrwjJx2ggjQZo&ccb=10-5&oh=00_Af6FmrRUXHHShn0qBAlcugRTP5WkFG-90V0xOkUtyMb2Tw&oe=6A396275&_nc_sid=201bca",
        "IMAGE_PREVIEW_URL": "https://scontent-bos5-1.xx.fbcdn.net/m1/v/t6/An9e-_o8NML_zIJaZBjKYZVSmfWj23vQkqdsQGHWdvhUV51vhi72gDfkSF0_RRvx88HH33tgz67LpgCuOAxS3upuN76U7zy2k1yI8mQxW2bpv84RRDzpjcgXRm419vI_ErOI8ocP2D9qJBKzKIGzQg?stp=s1024x576&edm=AOnQwmMEAAAA&_nc_gid=JbDjRM9F_BxqwBXO77jvSg&_nc_oc=AdofzvdzE_xx4_4zr1DsfHlPVjWZ35WFA2Uoe6JOpm2-6c9XhVnhVDxrwjJx2ggjQZo&ccb=10-5&oh=00_Af609D7rlWOi4xElt5yO6l0y3iF4r04422GwwTfRPRBDJw&oe=6A396275&_nc_sid=201bca",
        "IMAGE_ORIGINAL_URL": "https://scontent-bos5-1.xx.fbcdn.net/m1/v/t6/An9e-_o8NML_zIJaZBjKYZVSmfWj23vQkqdsQGHWdvhUV51vhi72gDfkSF0_RRvx88HH33tgz67LpgCuOAxS3upuN76U7zy2k1yI8mQxW2bpv84RRDzpjcgXRm419vI_ErOI8ocP2D9qJBKzKIGzQg?edm=AOnQwmMEAAAA&_nc_gid=JbDjRM9F_BxqwBXO77jvSg&_nc_oc=AdofzvdzE_xx4_4zr1DsfHlPVjWZ35WFA2Uoe6JOpm2-6c9XhVnhVDxrwjJx2ggjQZo&ccb=10-5&oh=00_Af6XK4VREsqDFPb81fa4mQ5RS0ll9weh5eGRXGenDFUNkQ&oe=6A396275&_nc_sid=201bca",
        "SOURCE_URL": "https://www.mapillary.com/app/?pKey=465965271352086",
        "SAMPLE_MUNICIPALITY": "Medford",
        "SAMPLE_STREET_NAME": "SALEM STREET",
        "SAMPLE_SEGMENT_ID": 387189,
        "SAMPLE_LAT": 42.4212942683335,
        "SAMPLE_LNG": -71.0976532634743
      }
    },
    {
      "type": "Feature",
      "geometry": {
        "type": "Point",
        "coordinates": [
          -71.097750724005,
          42.421278157476
        ]
      },
      "properties": {
        "PROVIDER": "mapillary",
        "IMAGE_ID": "369522297810496",
        "SEQUENCE_ID": "29HE-Ccwwa-WXqJhPOSLlQ",
        "CAPTURED_AT": 1506972626000,
        "HEADING": 222.25701190953,
        "IMAGE_THUMB_URL": "https://scontent-bos5-1.xx.fbcdn.net/m1/v/t6/An_eI6DKmR7WRCRNRKPc-Z6tflubO-Xmpn8maTlKC9YdytadyXiG_wOydOj0GoZFHhLmhxAxDrVTIpMKIdEgwH2Gh_vYTQfJh2v3FnzkRQ6rzo49F10QkpCPiIPrP-ninHqr2n-gQFT1FwsGE2JpbLw?stp=s256x144&edm=AOnQwmMEAAAA&_nc_gid=JbDjRM9F_BxqwBXO77jvSg&_nc_oc=AdpsLX0c9xM5Jd5edYKn20lWeJXFhaiqJVdaxDvbiHKxAfBVmSncD677O5fJMQTvACo&ccb=10-5&oh=00_Af69NQTTfAee1chterpLHm8eVvqqfTo9_bQ1X5rQ0i0cbg&oe=6A39415F&_nc_sid=201bca",
        "IMAGE_PREVIEW_URL": "https://scontent-bos5-1.xx.fbcdn.net/m1/v/t6/An_eI6DKmR7WRCRNRKPc-Z6tflubO-Xmpn8maTlKC9YdytadyXiG_wOydOj0GoZFHhLmhxAxDrVTIpMKIdEgwH2Gh_vYTQfJh2v3FnzkRQ6rzo49F10QkpCPiIPrP-ninHqr2n-gQFT1FwsGE2JpbLw?stp=s1024x576&edm=AOnQwmMEAAAA&_nc_gid=JbDjRM9F_BxqwBXO77jvSg&_nc_oc=AdpsLX0c9xM5Jd5edYKn20lWeJXFhaiqJVdaxDvbiHKxAfBVmSncD677O5fJMQTvACo&ccb=10-5&oh=00_Af7kyDj6FJG8auB22KXdrtOaopXqv0IEjn3bVCL-B-cWXg&oe=6A39415F&_nc_sid=201bca",
        "IMAGE_ORIGINAL_URL": "https://scontent-bos5-1.xx.fbcdn.net/m1/v/t6/An_eI6DKmR7WRCRNRKPc-Z6tflubO-Xmpn8maTlKC9YdytadyXiG_wOydOj0GoZFHhLmhxAxDrVTIpMKIdEgwH2Gh_vYTQfJh2v3FnzkRQ6rzo49F10QkpCPiIPrP-ninHqr2n-gQFT1FwsGE2JpbLw?edm=AOnQwmMEAAAA&_nc_gid=JbDjRM9F_BxqwBXO77jvSg&_nc_oc=AdpsLX0c9xM5Jd5edYKn20lWeJXFhaiqJVdaxDvbiHKxAfBVmSncD677O5fJMQTvACo&ccb=10-5&oh=00_Af7VG1NclVS8HbpJl4k_4u7v8dnfwy3CCPPCUi73Oy542g&oe=6A39415F&_nc_sid=201bca",
        "SOURCE_URL": "https://www.mapillary.com/app/?pKey=369522297810496",
        "SAMPLE_MUNICIPALITY": "Medford",
        "SAMPLE_STREET_NAME": "SALEM STREET",
        "SAMPLE_SEGMENT_ID": 387189,
        "SAMPLE_LAT": 42.4212942683335,
        "SAMPLE_LNG": -71.0976532634743
      }
    },
    {
      "type": "Feature",
      "geometry": {
        "type": "Point",
        "coordinates": [
          -71.09791849461,
          42.421206919593
        ]
      },
      "properties": {
        "PROVIDER": "mapillary",
        "IMAGE_ID": "1201050607003738",
        "SEQUENCE_ID": "29HE-Ccwwa-WXqJhPOSLlQ",
        "CAPTURED_AT": 1506972629200,
        "HEADING": 238.63397929572,
        "IMAGE_THUMB_URL": "https://scontent-bos5-1.xx.fbcdn.net/m1/v/t6/An-A4N4vbIenvGMI34SlqFde2lBafJP6bmryGPHCKYUKbcG6N7M8PD9d9mql_75eXNEv-fooOKberGN0bUvmmzJ1tUzWVCh4Dns7-vDnZjW3P89yVGSmrlb59x9xcy7ufjYd6brGFniQC54Y2zL-_g?stp=s256x144&edm=AOnQwmMEAAAA&_nc_gid=JbDjRM9F_BxqwBXO77jvSg&_nc_oc=Adrpv13cF5vSvaceM4API-7LvxD-WFZGdVIut5-m-h7dv1iyFtwCJEVS_YjDNtwxOb8&ccb=10-5&oh=00_Af4EnrYm-SewTrb3DcMqYHtpxN_cVQ97EY6aqNmfRqDtPQ&oe=6A393EC5&_nc_sid=201bca",
        "IMAGE_PREVIEW_URL": "https://scontent-bos5-1.xx.fbcdn.net/m1/v/t6/An-A4N4vbIenvGMI34SlqFde2lBafJP6bmryGPHCKYUKbcG6N7M8PD9d9mql_75eXNEv-fooOKberGN0bUvmmzJ1tUzWVCh4Dns7-vDnZjW3P89yVGSmrlb59x9xcy7ufjYd6brGFniQC54Y2zL-_g?stp=s1024x576&edm=AOnQwmMEAAAA&_nc_gid=JbDjRM9F_BxqwBXO77jvSg&_nc_oc=Adrpv13cF5vSvaceM4API-7LvxD-WFZGdVIut5-m-h7dv1iyFtwCJEVS_YjDNtwxOb8&ccb=10-5&oh=00_Af5xilCEmD-qmtexHpNHvkbzdN27CxBRFylLsK5RRDLlSA&oe=6A393EC5&_nc_sid=201bca",
        "IMAGE_ORIGINAL_URL": "https://scontent-bos5-1.xx.fbcdn.net/m1/v/t6/An-A4N4vbIenvGMI34SlqFde2lBafJP6bmryGPHCKYUKbcG6N7M8PD9d9mql_75eXNEv-fooOKberGN0bUvmmzJ1tUzWVCh4Dns7-vDnZjW3P89yVGSmrlb59x9xcy7ufjYd6brGFniQC54Y2zL-_g?edm=AOnQwmMEAAAA&_nc_gid=JbDjRM9F_BxqwBXO77jvSg&_nc_oc=Adrpv13cF5vSvaceM4API-7LvxD-WFZGdVIut5-m-h7dv1iyFtwCJEVS_YjDNtwxOb8&ccb=10-5&oh=00_Af4V92HORu5lxOzbuWuHd1bLMINf_T4hhD2DdMYvw132Hg&oe=6A393EC5&_nc_sid=201bca",
        "SOURCE_URL": "https://www.mapillary.com/app/?pKey=1201050607003738",
        "SAMPLE_MUNICIPALITY": "Medford",
        "SAMPLE_STREET_NAME": "SALEM STREET",
        "SAMPLE_SEGMENT_ID": 387189,
        "SAMPLE_LAT": 42.4212942683335,
        "SAMPLE_LNG": -71.0976532634743
      }
    },
    {
      "type": "Feature",
      "geometry": {
        "type": "Point",
        "coordinates": [
          -71.097979454545,
          42.421182191581
        ]
      },
      "properties": {
        "PROVIDER": "mapillary",
        "IMAGE_ID": "2572515363044082",
        "SEQUENCE_ID": "29HE-Ccwwa-WXqJhPOSLlQ",
        "CAPTURED_AT": 1506972631000,
        "HEADING": 242.47987519354,
        "IMAGE_THUMB_URL": "https://scontent-bos5-1.xx.fbcdn.net/m1/v/t6/An_i8PnJPTo8JvTO7IC2e8Dz-3jGBbKpj5GKNqVVKFe91eG4l-BaKWZ1yjSEuS9OUzs-9wARQN8-Z-5XJ7as8lRsFw44kQFOzq8lOSIXRUZToxNDm38khnh-rnhoZB234lgYmnKJYj3cJoQiAw1Y-Q?stp=s256x144&edm=AOnQwmMEAAAA&_nc_gid=JbDjRM9F_BxqwBXO77jvSg&_nc_oc=Ado0gt5KCcD8KuFsIcN5744ePxvjlW0Z8MsuHXtrYw_Qnf18_xb_jCFHJ9r7j9BxZwk&ccb=10-5&oh=00_Af42Y6bMJFCjlUlVMMEAoGo_QtXaHELsieMXBgTKiRIA4Q&oe=6A394F8A&_nc_sid=201bca",
        "IMAGE_PREVIEW_URL": "https://scontent-bos5-1.xx.fbcdn.net/m1/v/t6/An_i8PnJPTo8JvTO7IC2e8Dz-3jGBbKpj5GKNqVVKFe91eG4l-BaKWZ1yjSEuS9OUzs-9wARQN8-Z-5XJ7as8lRsFw44kQFOzq8lOSIXRUZToxNDm38khnh-rnhoZB234lgYmnKJYj3cJoQiAw1Y-Q?stp=s1024x576&edm=AOnQwmMEAAAA&_nc_gid=JbDjRM9F_BxqwBXO77jvSg&_nc_oc=Ado0gt5KCcD8KuFsIcN5744ePxvjlW0Z8MsuHXtrYw_Qnf18_xb_jCFHJ9r7j9BxZwk&ccb=10-5&oh=00_Af645DF6z8tVszT4_xXuUSV7hiSZZymVmTqe8ER-EG9Zjg&oe=6A394F8A&_nc_sid=201bca",
        "IMAGE_ORIGINAL_URL": "https://scontent-bos5-1.xx.fbcdn.net/m1/v/t6/An_i8PnJPTo8JvTO7IC2e8Dz-3jGBbKpj5GKNqVVKFe91eG4l-BaKWZ1yjSEuS9OUzs-9wARQN8-Z-5XJ7as8lRsFw44kQFOzq8lOSIXRUZToxNDm38khnh-rnhoZB234lgYmnKJYj3cJoQiAw1Y-Q?edm=AOnQwmMEAAAA&_nc_gid=JbDjRM9F_BxqwBXO77jvSg&_nc_oc=Ado0gt5KCcD8KuFsIcN5744ePxvjlW0Z8MsuHXtrYw_Qnf18_xb_jCFHJ9r7j9BxZwk&ccb=10-5&oh=00_Af63dFqLbl-Um2jPPxUZUUrVBwy-JFzEnzOdtgfH5vcVIg&oe=6A394F8A&_nc_sid=201bca",
        "SOURCE_URL": "https://www.mapillary.com/app/?pKey=2572515363044082",
        "SAMPLE_MUNICIPALITY": "Medford",
        "SAMPLE_STREET_NAME": "SALEM STREET",
        "SAMPLE_SEGMENT_ID": 387189,
        "SAMPLE_LAT": 42.4212942683335,
        "SAMPLE_LNG": -71.0976532634743
      }
    },
    {
      "type": "Feature",
      "geometry": {
        "type": "Point",
        "coordinates": [
          -71.098868998242,
          42.420791861955
        ]
      },
      "properties": {
        "PROVIDER": "mapillary",
        "IMAGE_ID": "504682257353110",
        "SEQUENCE_ID": "QzvFPzShD8-Hm6PEJBP7rQ",
        "CAPTURED_AT": 1506972673700,
        "HEADING": 244.04229940443,
        "IMAGE_THUMB_URL": "https://scontent-bos5-1.xx.fbcdn.net/m1/v/t6/An-kubKXBBeDMWjjfKOYEphMws203U1nGi5lnt1LsUEgm46pk0kU8vg7Dv8dKRZm7XG2TzeqZ6cOaMER7qy0-IC4f1h5IKuSIbPFPLuVwuQe-Jj6mcGfiPCdhXyVDMH6Ef9XIMhM9esp5hE0RxiPw0U?stp=s256x144&edm=AOnQwmMEAAAA&_nc_gid=LShFPUn8OFxdZJAXlZo5sA&_nc_oc=AdptUofvQgLvq2tF7oI2mDD397cwL7bIJlyVs8abnEDDCyadibyoMl2foiKv2vQ8ibI&ccb=10-5&oh=00_Af4I2m-mzGOjmK5Cop7EpgQ4vSLMNNHg2Epxx_c6Xzt5UA&oe=6A396206&_nc_sid=201bca",
        "IMAGE_PREVIEW_URL": "https://scontent-bos5-1.xx.fbcdn.net/m1/v/t6/An-kubKXBBeDMWjjfKOYEphMws203U1nGi5lnt1LsUEgm46pk0kU8vg7Dv8dKRZm7XG2TzeqZ6cOaMER7qy0-IC4f1h5IKuSIbPFPLuVwuQe-Jj6mcGfiPCdhXyVDMH6Ef9XIMhM9esp5hE0RxiPw0U?stp=s1024x576&edm=AOnQwmMEAAAA&_nc_gid=LShFPUn8OFxdZJAXlZo5sA&_nc_oc=AdptUofvQgLvq2tF7oI2mDD397cwL7bIJlyVs8abnEDDCyadibyoMl2foiKv2vQ8ibI&ccb=10-5&oh=00_Af5OtwlVIOzRr-S9ijH9Vv1tQf7PCaLlYohvsvXsD-GDxw&oe=6A396206&_nc_sid=201bca",
        "IMAGE_ORIGINAL_URL": "https://scontent-bos5-1.xx.fbcdn.net/m1/v/t6/An-kubKXBBeDMWjjfKOYEphMws203U1nGi5lnt1LsUEgm46pk0kU8vg7Dv8dKRZm7XG2TzeqZ6cOaMER7qy0-IC4f1h5IKuSIbPFPLuVwuQe-Jj6mcGfiPCdhXyVDMH6Ef9XIMhM9esp5hE0RxiPw0U?edm=AOnQwmMEAAAA&_nc_gid=LShFPUn8OFxdZJAXlZo5sA&_nc_oc=AdptUofvQgLvq2tF7oI2mDD397cwL7bIJlyVs8abnEDDCyadibyoMl2foiKv2vQ8ibI&ccb=10-5&oh=00_Af4dQ-WPj_huZuNn6_fhJPKvgSSyJ_BplHPeUNHCh2Lwew&oe=6A396206&_nc_sid=201bca",
        "SOURCE_URL": "https://www.mapillary.com/app/?pKey=504682257353110",
        "SAMPLE_MUNICIPALITY": "Medford",
        "SAMPLE_STREET_NAME": "SALEM STREET",
        "SAMPLE_SEGMENT_ID": 387192,
        "SAMPLE_LAT": 42.4204735779522,
        "SAMPLE_LNG": -71.099662598773
      }
    },
    {
      "type": "Feature",
      "geometry": {
        "type": "Point",
        "coordinates": [
          -71.099715812585,
          42.420443780093
        ]
      },
      "properties": {
        "PROVIDER": "mapillary",
        "IMAGE_ID": "2607542662885393",
        "SEQUENCE_ID": "QzvFPzShD8-Hm6PEJBP7rQ",
        "CAPTURED_AT": 1506972680900,
        "HEADING": 241.54905256995,
        "IMAGE_THUMB_URL": "https://scontent-bos5-1.xx.fbcdn.net/m1/v/t6/An_hM0-qhrG5i11_u2hnwpqpZWf01J_26RXmVkV0pJA4nvEhNiorXbwYAWwhcmjAFz8VXwrC6vQEOFcm_ZaGX7UuHMhWX6hKD78pJrhexzcud5rb5bN6V0hKcJa0GviItGnukaukl0RP6XH73nwNoQ?stp=s256x144&edm=AOnQwmMEAAAA&_nc_gid=LShFPUn8OFxdZJAXlZo5sA&_nc_oc=AdrxovJSgC_P6tOWeawNKfFsLX07EItpNZur6AN3z8QaeDa3Yc7OiwKY7I5zUBnvM8k&ccb=10-5&oh=00_Af6icrqKtLVX26zsmqTDXEUB_ID268Ynd7IyBj9pvyxH8A&oe=6A3938D2&_nc_sid=201bca",
        "IMAGE_PREVIEW_URL": "https://scontent-bos5-1.xx.fbcdn.net/m1/v/t6/An_hM0-qhrG5i11_u2hnwpqpZWf01J_26RXmVkV0pJA4nvEhNiorXbwYAWwhcmjAFz8VXwrC6vQEOFcm_ZaGX7UuHMhWX6hKD78pJrhexzcud5rb5bN6V0hKcJa0GviItGnukaukl0RP6XH73nwNoQ?stp=s1024x576&edm=AOnQwmMEAAAA&_nc_gid=LShFPUn8OFxdZJAXlZo5sA&_nc_oc=AdrxovJSgC_P6tOWeawNKfFsLX07EItpNZur6AN3z8QaeDa3Yc7OiwKY7I5zUBnvM8k&ccb=10-5&oh=00_Af4AaIp2BVM3gyWO5Nl2jwZqGJ7wnvnutht1QSpaXEL-XA&oe=6A3938D2&_nc_sid=201bca",
        "IMAGE_ORIGINAL_URL": "https://scontent-bos5-1.xx.fbcdn.net/m1/v/t6/An_hM0-qhrG5i11_u2hnwpqpZWf01J_26RXmVkV0pJA4nvEhNiorXbwYAWwhcmjAFz8VXwrC6vQEOFcm_ZaGX7UuHMhWX6hKD78pJrhexzcud5rb5bN6V0hKcJa0GviItGnukaukl0RP6XH73nwNoQ?edm=AOnQwmMEAAAA&_nc_gid=LShFPUn8OFxdZJAXlZo5sA&_nc_oc=AdrxovJSgC_P6tOWeawNKfFsLX07EItpNZur6AN3z8QaeDa3Yc7OiwKY7I5zUBnvM8k&ccb=10-5&oh=00_Af7He1oU4BPaX2MgXZZ9IEkM5U2-XfKInSVg-OJbyLCb4w&oe=6A3938D2&_nc_sid=201bca",
        "SOURCE_URL": "https://www.mapillary.com/app/?pKey=2607542662885393",
        "SAMPLE_MUNICIPALITY": "Medford",
        "SAMPLE_STREET_NAME": "SALEM STREET",
        "SAMPLE_SEGMENT_ID": 387192,
        "SAMPLE_LAT": 42.4204735779522,
        "SAMPLE_LNG": -71.099662598773
      }
    },
    {
      "type": "Feature",
      "geometry": {
        "type": "Point",
        "coordinates": [
          -71.099001206957,
          42.420739174571
        ]
      },
      "properties": {
        "PROVIDER": "mapillary",
        "IMAGE_ID": "856914381834436",
        "SEQUENCE_ID": "QzvFPzShD8-Hm6PEJBP7rQ",
        "CAPTURED_AT": 1506972674900,
        "HEADING": 240.25277909888,
        "IMAGE_THUMB_URL": "https://scontent-bos5-1.xx.fbcdn.net/m1/v/t6/An_24HXpkypJ2WtDlHfvyTyMAZ_ygfKcYLZx1J2yEDmXfqP0uYTpLbsB9b3WNNul_AiVF6yeUZtemTBGmtqdhx80Nazlanu1ZlvDum5blIJlgWHp7pIQ3azoM6Ilf39l2Tt3cklryLvP1cQqt8RXDnA?stp=s256x144&edm=AOnQwmMEAAAA&_nc_gid=LShFPUn8OFxdZJAXlZo5sA&_nc_oc=Ado1yOeZcK66f_qHmLMAVGJuj94DrEokaG-DwKXD7DRt7o10rF50uz_-B298yXIwzkw&ccb=10-5&oh=00_Af4Bl_lLXCatmE4_XVvjJdx23qlLtcmtM6uLLIcYtEEH6w&oe=6A3934AB&_nc_sid=201bca",
        "IMAGE_PREVIEW_URL": "https://scontent-bos5-1.xx.fbcdn.net/m1/v/t6/An_24HXpkypJ2WtDlHfvyTyMAZ_ygfKcYLZx1J2yEDmXfqP0uYTpLbsB9b3WNNul_AiVF6yeUZtemTBGmtqdhx80Nazlanu1ZlvDum5blIJlgWHp7pIQ3azoM6Ilf39l2Tt3cklryLvP1cQqt8RXDnA?stp=s1024x576&edm=AOnQwmMEAAAA&_nc_gid=LShFPUn8OFxdZJAXlZo5sA&_nc_oc=Ado1yOeZcK66f_qHmLMAVGJuj94DrEokaG-DwKXD7DRt7o10rF50uz_-B298yXIwzkw&ccb=10-5&oh=00_Af7k6sU-OzVY-lBmWrwaOi0DWZewV6N7o5DCvBtdXhz5vA&oe=6A3934AB&_nc_sid=201bca",
        "IMAGE_ORIGINAL_URL": "https://scontent-bos5-1.xx.fbcdn.net/m1/v/t6/An_24HXpkypJ2WtDlHfvyTyMAZ_ygfKcYLZx1J2yEDmXfqP0uYTpLbsB9b3WNNul_AiVF6yeUZtemTBGmtqdhx80Nazlanu1ZlvDum5blIJlgWHp7pIQ3azoM6Ilf39l2Tt3cklryLvP1cQqt8RXDnA?edm=AOnQwmMEAAAA&_nc_gid=LShFPUn8OFxdZJAXlZo5sA&_nc_oc=Ado1yOeZcK66f_qHmLMAVGJuj94DrEokaG-DwKXD7DRt7o10rF50uz_-B298yXIwzkw&ccb=10-5&oh=00_Af7_8UXMeO2GMUCcNo-hmOYswjMqbZsxXcbOq8ZR6xFhiw&oe=6A3934AB&_nc_sid=201bca",
        "SOURCE_URL": "https://www.mapillary.com/app/?pKey=856914381834436",
        "SAMPLE_MUNICIPALITY": "Medford",
        "SAMPLE_STREET_NAME": "SALEM STREET",
        "SAMPLE_SEGMENT_ID": 387192,
        "SAMPLE_LAT": 42.4204735779522,
        "SAMPLE_LNG": -71.099662598773
      }
    },
    {
      "type": "Feature",
      "geometry": {
        "type": "Point",
        "coordinates": [
          -71.100127707358,
          42.420268799445
        ]
      },
      "properties": {
        "PROVIDER": "mapillary",
        "IMAGE_ID": "165417995510819",
        "SEQUENCE_ID": "QzvFPzShD8-Hm6PEJBP7rQ",
        "CAPTURED_AT": 1506972684100,
        "HEADING": 238.78368375896,
        "IMAGE_THUMB_URL": "https://scontent-bos5-1.xx.fbcdn.net/m1/v/t6/An-E3qRma9a0uuViwdlPm3EHGI3_NH85CvW2Fi5BC6dwJiyXm5VIgwlc7FtHMatRJcqLGja2IKdpNqIa0sySsWuWHZVRQkTSY75zB9hmDdAd9w4KSlDx7fqOSCgf9QUYW0ZBpiiSk08W5hZ9xfw7kA?stp=s256x144&edm=AOnQwmMEAAAA&_nc_gid=LShFPUn8OFxdZJAXlZo5sA&_nc_oc=AdphgxiMiX1aoBq2PIA4U0T5ZVxF40ih0MXN6Ai9-4m_IV8FVQpfCj-cQ1KLiTCWQ4c&ccb=10-5&oh=00_Af7ZWxAoyUXoKYHoMUD-qzlGDniXxsmLWgVhhi7nNBdfqg&oe=6A3969F0&_nc_sid=201bca",
        "IMAGE_PREVIEW_URL": "https://scontent-bos5-1.xx.fbcdn.net/m1/v/t6/An-E3qRma9a0uuViwdlPm3EHGI3_NH85CvW2Fi5BC6dwJiyXm5VIgwlc7FtHMatRJcqLGja2IKdpNqIa0sySsWuWHZVRQkTSY75zB9hmDdAd9w4KSlDx7fqOSCgf9QUYW0ZBpiiSk08W5hZ9xfw7kA?stp=s1024x576&edm=AOnQwmMEAAAA&_nc_gid=LShFPUn8OFxdZJAXlZo5sA&_nc_oc=AdphgxiMiX1aoBq2PIA4U0T5ZVxF40ih0MXN6Ai9-4m_IV8FVQpfCj-cQ1KLiTCWQ4c&ccb=10-5&oh=00_Af6963Pl7pH-rcsW8hOrKRghqMD7ByOYT_KTdOCxnkOLWQ&oe=6A3969F0&_nc_sid=201bca",
        "IMAGE_ORIGINAL_URL": "https://scontent-bos5-1.xx.fbcdn.net/m1/v/t6/An-E3qRma9a0uuViwdlPm3EHGI3_NH85CvW2Fi5BC6dwJiyXm5VIgwlc7FtHMatRJcqLGja2IKdpNqIa0sySsWuWHZVRQkTSY75zB9hmDdAd9w4KSlDx7fqOSCgf9QUYW0ZBpiiSk08W5hZ9xfw7kA?edm=AOnQwmMEAAAA&_nc_gid=LShFPUn8OFxdZJAXlZo5sA&_nc_oc=AdphgxiMiX1aoBq2PIA4U0T5ZVxF40ih0MXN6Ai9-4m_IV8FVQpfCj-cQ1KLiTCWQ4c&ccb=10-5&oh=00_Af5dSFJaiarO5sw_mBqlHYHwSclMAsc1O8yrA7PlId1DJw&oe=6A3969F0&_nc_sid=201bca",
        "SOURCE_URL": "https://www.mapillary.com/app/?pKey=165417995510819",
        "SAMPLE_MUNICIPALITY": "Medford",
        "SAMPLE_STREET_NAME": "SALEM STREET",
        "SAMPLE_SEGMENT_ID": 387192,
        "SAMPLE_LAT": 42.4204735779522,
        "SAMPLE_LNG": -71.099662598773
      }
    },
    {
      "type": "Feature",
      "geometry": {
        "type": "Point",
        "coordinates": [
          -71.099728754341,
          42.420438411442
        ]
      },
      "properties": {
        "PROVIDER": "mapillary",
        "IMAGE_ID": "225981488858969",
        "SEQUENCE_ID": "QzvFPzShD8-Hm6PEJBP7rQ",
        "CAPTURED_AT": 1506972681000,
        "HEADING": 239.20368722082,
        "IMAGE_THUMB_URL": "https://scontent-bos5-1.xx.fbcdn.net/m1/v/t6/An_KLAXNDL5-PKlElC-QGqn4K_VXb5ph3oOhQW4GB27terQokNU2Kce8vCdjBasBaVIC96ZHCYjyEjXN1cyPvz9VoCtShNnDT3hVfOWp7AtUNnW2Cv8cSn0-XTJuCUNyH-RhxowyWI_gGxaEcX-B2g?stp=s256x144&edm=AOnQwmMEAAAA&_nc_gid=LShFPUn8OFxdZJAXlZo5sA&_nc_oc=AdpgP5j13lOGTYWSuGzHihr1t-oaCU5hoP0fPH76cofB7Z-QjYmNQkiYCxD--Q4cpeQ&ccb=10-5&oh=00_Af4vPNW2_GfwFYyIztgtSi7pAcRiEg8-qSxSrS4l3_IHHA&oe=6A395877&_nc_sid=201bca",
        "IMAGE_PREVIEW_URL": "https://scontent-bos5-1.xx.fbcdn.net/m1/v/t6/An_KLAXNDL5-PKlElC-QGqn4K_VXb5ph3oOhQW4GB27terQokNU2Kce8vCdjBasBaVIC96ZHCYjyEjXN1cyPvz9VoCtShNnDT3hVfOWp7AtUNnW2Cv8cSn0-XTJuCUNyH-RhxowyWI_gGxaEcX-B2g?stp=s1024x576&edm=AOnQwmMEAAAA&_nc_gid=LShFPUn8OFxdZJAXlZo5sA&_nc_oc=AdpgP5j13lOGTYWSuGzHihr1t-oaCU5hoP0fPH76cofB7Z-QjYmNQkiYCxD--Q4cpeQ&ccb=10-5&oh=00_Af6y7jHZqewdQHacVfRlwMfxaJm0Ep4qBWhOkktJKvxcyw&oe=6A395877&_nc_sid=201bca",
        "IMAGE_ORIGINAL_URL": "https://scontent-bos5-1.xx.fbcdn.net/m1/v/t6/An_KLAXNDL5-PKlElC-QGqn4K_VXb5ph3oOhQW4GB27terQokNU2Kce8vCdjBasBaVIC96ZHCYjyEjXN1cyPvz9VoCtShNnDT3hVfOWp7AtUNnW2Cv8cSn0-XTJuCUNyH-RhxowyWI_gGxaEcX-B2g?edm=AOnQwmMEAAAA&_nc_gid=LShFPUn8OFxdZJAXlZo5sA&_nc_oc=AdpgP5j13lOGTYWSuGzHihr1t-oaCU5hoP0fPH76cofB7Z-QjYmNQkiYCxD--Q4cpeQ&ccb=10-5&oh=00_Af6BaRt7DgD4p8o0dVfC0umaYCFBts-dp27U2txyWPRkVg&oe=6A395877&_nc_sid=201bca",
        "SOURCE_URL": "https://www.mapillary.com/app/?pKey=225981488858969",
        "SAMPLE_MUNICIPALITY": "Medford",
        "SAMPLE_STREET_NAME": "SALEM STREET",
        "SAMPLE_SEGMENT_ID": 387192,
        "SAMPLE_LAT": 42.4204735779522,
        "SAMPLE_LNG": -71.099662598773
      }
    },
    {
      "type": "Feature",
      "geometry": {
        "type": "Point",
        "coordinates": [
          -71.100240389011,
          42.420220466874
        ]
      },
      "properties": {
        "PROVIDER": "mapillary",
        "IMAGE_ID": "1154912368346705",
        "SEQUENCE_ID": "QzvFPzShD8-Hm6PEJBP7rQ",
        "CAPTURED_AT": 1506972685000,
        "HEADING": 240.93735682087,
        "IMAGE_THUMB_URL": "https://scontent-bos5-1.xx.fbcdn.net/m1/v/t6/An9HynlqZePZo5xHy-z0XSuc9rcTmW5e8jXFSEbwpvCmz0XKWsccMWv-DPP-THNbxtm4kzy3uISb9vl5OQXD2g52pDjb-1m-Gzh6ww4j_AJqPnhfa_T4Mhf3xff4quzF8pWE6Rg_tdt_c7aGCvhOdQ?stp=s256x144&edm=AOnQwmMEAAAA&_nc_gid=LShFPUn8OFxdZJAXlZo5sA&_nc_oc=Ado8kuehLpkKTMZq7t_i7d6h83u9FFLPQfKhsGiC8OaJX7bJvi7H2JdvqwNy0KUvWVo&ccb=10-5&oh=00_Af7jODFYGVoZSD7yQcnINRf66ldQ9GhP7BdKANdI21TUEg&oe=6A3965AF&_nc_sid=201bca",
        "IMAGE_PREVIEW_URL": "https://scontent-bos5-1.xx.fbcdn.net/m1/v/t6/An9HynlqZePZo5xHy-z0XSuc9rcTmW5e8jXFSEbwpvCmz0XKWsccMWv-DPP-THNbxtm4kzy3uISb9vl5OQXD2g52pDjb-1m-Gzh6ww4j_AJqPnhfa_T4Mhf3xff4quzF8pWE6Rg_tdt_c7aGCvhOdQ?stp=s1024x576&edm=AOnQwmMEAAAA&_nc_gid=LShFPUn8OFxdZJAXlZo5sA&_nc_oc=Ado8kuehLpkKTMZq7t_i7d6h83u9FFLPQfKhsGiC8OaJX7bJvi7H2JdvqwNy0KUvWVo&ccb=10-5&oh=00_Af7cIssywsebR2nve77_vXOfCJ5TdBZN5KBMAy3xtJ0eeQ&oe=6A3965AF&_nc_sid=201bca",
        "IMAGE_ORIGINAL_URL": "https://scontent-bos5-1.xx.fbcdn.net/m1/v/t6/An9HynlqZePZo5xHy-z0XSuc9rcTmW5e8jXFSEbwpvCmz0XKWsccMWv-DPP-THNbxtm4kzy3uISb9vl5OQXD2g52pDjb-1m-Gzh6ww4j_AJqPnhfa_T4Mhf3xff4quzF8pWE6Rg_tdt_c7aGCvhOdQ?edm=AOnQwmMEAAAA&_nc_gid=LShFPUn8OFxdZJAXlZo5sA&_nc_oc=Ado8kuehLpkKTMZq7t_i7d6h83u9FFLPQfKhsGiC8OaJX7bJvi7H2JdvqwNy0KUvWVo&ccb=10-5&oh=00_Af6gKH8icsAVQ9cwaNIcgXsp8_v_15uqWybOZbL18mZyRA&oe=6A3965AF&_nc_sid=201bca",
        "SOURCE_URL": "https://www.mapillary.com/app/?pKey=1154912368346705",
        "SAMPLE_MUNICIPALITY": "Medford",
        "SAMPLE_STREET_NAME": "SALEM STREET",
        "SAMPLE_SEGMENT_ID": 387192,
        "SAMPLE_LAT": 42.4204735779522,
        "SAMPLE_LNG": -71.099662598773
      }
    },
    {
      "type": "Feature",
      "geometry": {
        "type": "Point",
        "coordinates": [
          -71.09970282707,
          42.420449190559
        ]
      },
      "properties": {
        "PROVIDER": "mapillary",
        "IMAGE_ID": "206804051050334",
        "SEQUENCE_ID": "QzvFPzShD8-Hm6PEJBP7rQ",
        "CAPTURED_AT": 1506972680800,
        "HEADING": 241.54899735847,
        "IMAGE_THUMB_URL": "https://scontent-bos5-1.xx.fbcdn.net/m1/v/t6/An_pu7T5_sPv67ZjKVERH1MpIdkrP4jBMi2ICXrKpILr9olGIbI0TnGxaEog3NywxAqdtfaeHpxENct4R2MxF6EyZf-7EME6um7IZ-vJQqXHDjYpT5E7y3ctYVQMBLi0ZexVR7Pr1Z1WW7JgaSHERpM?stp=s256x144&edm=AOnQwmMEAAAA&_nc_gid=LShFPUn8OFxdZJAXlZo5sA&_nc_oc=AdoizxJnWaGQDG04d73ATVci-MpQBE2OlrGirAA45lpJFXqpKN-XabFzpHgy2rzOoYw&ccb=10-5&oh=00_Af5wOqBb0FHxy99ySEshw7r0ORZdh4iBr99a2Eou_R1X4Q&oe=6A3938E7&_nc_sid=201bca",
        "IMAGE_PREVIEW_URL": "https://scontent-bos5-1.xx.fbcdn.net/m1/v/t6/An_pu7T5_sPv67ZjKVERH1MpIdkrP4jBMi2ICXrKpILr9olGIbI0TnGxaEog3NywxAqdtfaeHpxENct4R2MxF6EyZf-7EME6um7IZ-vJQqXHDjYpT5E7y3ctYVQMBLi0ZexVR7Pr1Z1WW7JgaSHERpM?stp=s1024x576&edm=AOnQwmMEAAAA&_nc_gid=LShFPUn8OFxdZJAXlZo5sA&_nc_oc=AdoizxJnWaGQDG04d73ATVci-MpQBE2OlrGirAA45lpJFXqpKN-XabFzpHgy2rzOoYw&ccb=10-5&oh=00_Af4t2d7d4OyqNFOUeBJn_jg9MPRzvnf_1iF-Rv2kx1fI0Q&oe=6A3938E7&_nc_sid=201bca",
        "IMAGE_ORIGINAL_URL": "https://scontent-bos5-1.xx.fbcdn.net/m1/v/t6/An_pu7T5_sPv67ZjKVERH1MpIdkrP4jBMi2ICXrKpILr9olGIbI0TnGxaEog3NywxAqdtfaeHpxENct4R2MxF6EyZf-7EME6um7IZ-vJQqXHDjYpT5E7y3ctYVQMBLi0ZexVR7Pr1Z1WW7JgaSHERpM?edm=AOnQwmMEAAAA&_nc_gid=LShFPUn8OFxdZJAXlZo5sA&_nc_oc=AdoizxJnWaGQDG04d73ATVci-MpQBE2OlrGirAA45lpJFXqpKN-XabFzpHgy2rzOoYw&ccb=10-5&oh=00_Af6dGloCT4sxiAxUDGY_owLp-FYT06SNyj4BAlN05JVxMg&oe=6A3938E7&_nc_sid=201bca",
        "SOURCE_URL": "https://www.mapillary.com/app/?pKey=206804051050334",
        "SAMPLE_MUNICIPALITY": "Medford",
        "SAMPLE_STREET_NAME": "SALEM STREET",
        "SAMPLE_SEGMENT_ID": 387192,
        "SAMPLE_LAT": 42.4204735779522,
        "SAMPLE_LNG": -71.099662598773
      }
    },
    {
      "type": "Feature",
      "geometry": {
        "type": "Point",
        "coordinates": [
          -71.09927001799,
          42.420630413443
        ]
      },
      "properties": {
        "PROVIDER": "mapillary",
        "IMAGE_ID": "146716600796905",
        "SEQUENCE_ID": "QzvFPzShD8-Hm6PEJBP7rQ",
        "CAPTURED_AT": 1506972677300,
        "HEADING": 241.71361790193,
        "IMAGE_THUMB_URL": "https://scontent-bos5-1.xx.fbcdn.net/m1/v/t6/An_aMzTKxG_tN8bJwqqaLokX97Wh8fjFQr9UDgss-c3k1_RNEnB1VPVK0C4buI4TEyGei0KDzf8aMxaSl5PbKdLehW8XAzNNSY0VKJLuTBhIk-egWN_6sG8-jO4n1slLJ_PAOguR5vWJycI5vTCpvg?stp=s256x144&edm=AOnQwmMEAAAA&_nc_gid=LShFPUn8OFxdZJAXlZo5sA&_nc_oc=AdoKr2MfnSruWz7oRWrPYxAHOe4_wty9WskHuhFBVt_Sr7DXD5uYTXKsDId5zWqq3GY&ccb=10-5&oh=00_Af7FIeCds_87gkPxUlzw_Hk3lbasCB92KAPYQB3EIbXFyQ&oe=6A39508B&_nc_sid=201bca",
        "IMAGE_PREVIEW_URL": "https://scontent-bos5-1.xx.fbcdn.net/m1/v/t6/An_aMzTKxG_tN8bJwqqaLokX97Wh8fjFQr9UDgss-c3k1_RNEnB1VPVK0C4buI4TEyGei0KDzf8aMxaSl5PbKdLehW8XAzNNSY0VKJLuTBhIk-egWN_6sG8-jO4n1slLJ_PAOguR5vWJycI5vTCpvg?stp=s1024x576&edm=AOnQwmMEAAAA&_nc_gid=LShFPUn8OFxdZJAXlZo5sA&_nc_oc=AdoKr2MfnSruWz7oRWrPYxAHOe4_wty9WskHuhFBVt_Sr7DXD5uYTXKsDId5zWqq3GY&ccb=10-5&oh=00_Af6sxb8Uoy6ImJj0kevrkb7J6NaYMtimfMyVnwy8bri6vA&oe=6A39508B&_nc_sid=201bca",
        "IMAGE_ORIGINAL_URL": "https://scontent-bos5-1.xx.fbcdn.net/m1/v/t6/An_aMzTKxG_tN8bJwqqaLokX97Wh8fjFQr9UDgss-c3k1_RNEnB1VPVK0C4buI4TEyGei0KDzf8aMxaSl5PbKdLehW8XAzNNSY0VKJLuTBhIk-egWN_6sG8-jO4n1slLJ_PAOguR5vWJycI5vTCpvg?edm=AOnQwmMEAAAA&_nc_gid=LShFPUn8OFxdZJAXlZo5sA&_nc_oc=AdoKr2MfnSruWz7oRWrPYxAHOe4_wty9WskHuhFBVt_Sr7DXD5uYTXKsDId5zWqq3GY&ccb=10-5&oh=00_Af4mmeG3RMMyGVU7GDHJZ32Fia988U1EMH6-5YqUuUE9Vw&oe=6A39508B&_nc_sid=201bca",
        "SOURCE_URL": "https://www.mapillary.com/app/?pKey=146716600796905",
        "SAMPLE_MUNICIPALITY": "Medford",
        "SAMPLE_STREET_NAME": "SALEM STREET",
        "SAMPLE_SEGMENT_ID": 387192,
        "SAMPLE_LAT": 42.4204735779522,
        "SAMPLE_LNG": -71.099662598773
      }
    },
    {
      "type": "Feature",
      "geometry": {
        "type": "Point",
        "coordinates": [
          -71.098934308995,
          42.420765806197
        ]
      },
      "properties": {
        "PROVIDER": "mapillary",
        "IMAGE_ID": "1164138854057465",
        "SEQUENCE_ID": "QzvFPzShD8-Hm6PEJBP7rQ",
        "CAPTURED_AT": 1506972674300,
        "HEADING": 240.2528325893,
        "IMAGE_THUMB_URL": "https://scontent-bos5-1.xx.fbcdn.net/m1/v/t6/An-uSBbDrN_JPzNGDGuSdd8xJlN14P66BFhnqHNzD4w0Stz5OizwZTll554l4VaJy0d-9bWNs7ku_eCJ2khpVcGUYZYB2cWK2u43l--T6Owtye4ay0uvRC4xXXiMaXOeeq1YTA52gKPGh_Y6fQ1gHl4?stp=s256x144&edm=AOnQwmMEAAAA&_nc_gid=LShFPUn8OFxdZJAXlZo5sA&_nc_oc=Adoe3ZszdH-Hk92APUiqYl4TTRgoJ-OlAakJ0J3kGg0numvf2JCLqWm7TUslWn-GLVE&ccb=10-5&oh=00_Af6W3GYu_zLnxWDT9iQgNYqNck75Qg7zox0-g6rnDq389w&oe=6A396981&_nc_sid=201bca",
        "IMAGE_PREVIEW_URL": "https://scontent-bos5-1.xx.fbcdn.net/m1/v/t6/An-uSBbDrN_JPzNGDGuSdd8xJlN14P66BFhnqHNzD4w0Stz5OizwZTll554l4VaJy0d-9bWNs7ku_eCJ2khpVcGUYZYB2cWK2u43l--T6Owtye4ay0uvRC4xXXiMaXOeeq1YTA52gKPGh_Y6fQ1gHl4?stp=s1024x576&edm=AOnQwmMEAAAA&_nc_gid=LShFPUn8OFxdZJAXlZo5sA&_nc_oc=Adoe3ZszdH-Hk92APUiqYl4TTRgoJ-OlAakJ0J3kGg0numvf2JCLqWm7TUslWn-GLVE&ccb=10-5&oh=00_Af73U9jvSLC2HV6VXl1WtlsqfyhfoEQulbfLJPPqsf9exA&oe=6A396981&_nc_sid=201bca",
        "IMAGE_ORIGINAL_URL": "https://scontent-bos5-1.xx.fbcdn.net/m1/v/t6/An-uSBbDrN_JPzNGDGuSdd8xJlN14P66BFhnqHNzD4w0Stz5OizwZTll554l4VaJy0d-9bWNs7ku_eCJ2khpVcGUYZYB2cWK2u43l--T6Owtye4ay0uvRC4xXXiMaXOeeq1YTA52gKPGh_Y6fQ1gHl4?edm=AOnQwmMEAAAA&_nc_gid=LShFPUn8OFxdZJAXlZo5sA&_nc_oc=Adoe3ZszdH-Hk92APUiqYl4TTRgoJ-OlAakJ0J3kGg0numvf2JCLqWm7TUslWn-GLVE&ccb=10-5&oh=00_Af4yu5jWTQuyHqIh-LG1gzlJ-Mz20oVRcchD6EALWVWdjQ&oe=6A396981&_nc_sid=201bca",
        "SOURCE_URL": "https://www.mapillary.com/app/?pKey=1164138854057465",
        "SAMPLE_MUNICIPALITY": "Medford",
        "SAMPLE_STREET_NAME": "SALEM STREET",
        "SAMPLE_SEGMENT_ID": 387192,
        "SAMPLE_LAT": 42.4204735779522,
        "SAMPLE_LNG": -71.099662598773
      }
    },
    {
      "type": "Feature",
      "geometry": {
        "type": "Point",
        "coordinates": [
          -71.099369980541,
          42.420588599229
        ]
      },
      "properties": {
        "PROVIDER": "mapillary",
        "IMAGE_ID": "492086792034191",
        "SEQUENCE_ID": "QzvFPzShD8-Hm6PEJBP7rQ",
        "CAPTURED_AT": 1506972678200,
        "HEADING": 240.75489113407,
        "IMAGE_THUMB_URL": "https://scontent-bos5-1.xx.fbcdn.net/m1/v/t6/An8otV3MNpjoDLHak9hYtdjCDtZk9ahgrwPlQ8Dw9dQBvnfC-lLoWRrwh-XJlwZwd8m6-025coOH-j9-ArQaczc2CIvKgOQajBX9nEF4jbB23H_KGd_UlbNHJ4ftgY5WKfSMt41v8zNEToj2QgkV_V8?stp=s256x144&edm=AOnQwmMEAAAA&_nc_gid=LShFPUn8OFxdZJAXlZo5sA&_nc_oc=AdozW8fUVpoqtx1ivjNibavoLfgP2m-YVqCxiHp020YGBMHRXbuDu3JN-DyXzVU1PKo&ccb=10-5&oh=00_Af5coBivoMx3BuHw4LoHp4n5oVocPUDLezRxna5QKsFqbQ&oe=6A3953D9&_nc_sid=201bca",
        "IMAGE_PREVIEW_URL": "https://scontent-bos5-1.xx.fbcdn.net/m1/v/t6/An8otV3MNpjoDLHak9hYtdjCDtZk9ahgrwPlQ8Dw9dQBvnfC-lLoWRrwh-XJlwZwd8m6-025coOH-j9-ArQaczc2CIvKgOQajBX9nEF4jbB23H_KGd_UlbNHJ4ftgY5WKfSMt41v8zNEToj2QgkV_V8?stp=s1024x576&edm=AOnQwmMEAAAA&_nc_gid=LShFPUn8OFxdZJAXlZo5sA&_nc_oc=AdozW8fUVpoqtx1ivjNibavoLfgP2m-YVqCxiHp020YGBMHRXbuDu3JN-DyXzVU1PKo&ccb=10-5&oh=00_Af6DMR5w09BfH15R4RAdTD0AGoHc1AMQoNYd0xKYYfkZuA&oe=6A3953D9&_nc_sid=201bca",
        "IMAGE_ORIGINAL_URL": "https://scontent-bos5-1.xx.fbcdn.net/m1/v/t6/An8otV3MNpjoDLHak9hYtdjCDtZk9ahgrwPlQ8Dw9dQBvnfC-lLoWRrwh-XJlwZwd8m6-025coOH-j9-ArQaczc2CIvKgOQajBX9nEF4jbB23H_KGd_UlbNHJ4ftgY5WKfSMt41v8zNEToj2QgkV_V8?edm=AOnQwmMEAAAA&_nc_gid=LShFPUn8OFxdZJAXlZo5sA&_nc_oc=AdozW8fUVpoqtx1ivjNibavoLfgP2m-YVqCxiHp020YGBMHRXbuDu3JN-DyXzVU1PKo&ccb=10-5&oh=00_Af69HHIoSqs_-JwCjFn-EjEk0ljFqJj59XlUkE4sN6s6bw&oe=6A3953D9&_nc_sid=201bca",
        "SOURCE_URL": "https://www.mapillary.com/app/?pKey=492086792034191",
        "SAMPLE_MUNICIPALITY": "Medford",
        "SAMPLE_STREET_NAME": "SALEM STREET",
        "SAMPLE_SEGMENT_ID": 387192,
        "SAMPLE_LAT": 42.4204735779522,
        "SAMPLE_LNG": -71.099662598773
      }
    },
    {
      "type": "Feature",
      "geometry": {
        "type": "Point",
        "coordinates": [
          -71.099451158666,
          42.420554869849
        ]
      },
      "properties": {
        "PROVIDER": "mapillary",
        "IMAGE_ID": "1153475681824423",
        "SEQUENCE_ID": "QzvFPzShD8-Hm6PEJBP7rQ",
        "CAPTURED_AT": 1506972678900,
        "HEADING": 240.75522205815,
        "IMAGE_THUMB_URL": "https://scontent-bos5-1.xx.fbcdn.net/m1/v/t6/An9KrhfUDT1FKlbpxigAfE2KeeKNGjUmm9aMBTnDQSFcRK0zA0IP7ltkRT5Ew9Y2jy_-DFLASzlAbLExo6FvVn-dUs3bl1_J0Pa6rNIjeHSGNXMxE-Bv-JVoSBfVG-ltwz39FsGCrr9GQmndHSq3dw?stp=s256x144&edm=AOnQwmMEAAAA&_nc_gid=LShFPUn8OFxdZJAXlZo5sA&_nc_oc=Adr8VosNnj8I9o10iNWfGvMvs3vGEbXvOA8aryUM2Ue3nbbjWv1vsRtMc_XhLbHe4dM&ccb=10-5&oh=00_Af7Ukfh5JI6HZQEKLwgHkV12xg8jvC7xUGrTxtf9MoDahg&oe=6A395FCC&_nc_sid=201bca",
        "IMAGE_PREVIEW_URL": "https://scontent-bos5-1.xx.fbcdn.net/m1/v/t6/An9KrhfUDT1FKlbpxigAfE2KeeKNGjUmm9aMBTnDQSFcRK0zA0IP7ltkRT5Ew9Y2jy_-DFLASzlAbLExo6FvVn-dUs3bl1_J0Pa6rNIjeHSGNXMxE-Bv-JVoSBfVG-ltwz39FsGCrr9GQmndHSq3dw?stp=s1024x576&edm=AOnQwmMEAAAA&_nc_gid=LShFPUn8OFxdZJAXlZo5sA&_nc_oc=Adr8VosNnj8I9o10iNWfGvMvs3vGEbXvOA8aryUM2Ue3nbbjWv1vsRtMc_XhLbHe4dM&ccb=10-5&oh=00_Af6_X6Mccb0nKwTwPlLzkAgLVE3PqfL_H69zuFPahNa0Uw&oe=6A395FCC&_nc_sid=201bca",
        "IMAGE_ORIGINAL_URL": "https://scontent-bos5-1.xx.fbcdn.net/m1/v/t6/An9KrhfUDT1FKlbpxigAfE2KeeKNGjUmm9aMBTnDQSFcRK0zA0IP7ltkRT5Ew9Y2jy_-DFLASzlAbLExo6FvVn-dUs3bl1_J0Pa6rNIjeHSGNXMxE-Bv-JVoSBfVG-ltwz39FsGCrr9GQmndHSq3dw?edm=AOnQwmMEAAAA&_nc_gid=LShFPUn8OFxdZJAXlZo5sA&_nc_oc=Adr8VosNnj8I9o10iNWfGvMvs3vGEbXvOA8aryUM2Ue3nbbjWv1vsRtMc_XhLbHe4dM&ccb=10-5&oh=00_Af5YQS76HkLJv9Fy4oGRdVFKkXhIouajGADk0z5rPMnxug&oe=6A395FCC&_nc_sid=201bca",
        "SOURCE_URL": "https://www.mapillary.com/app/?pKey=1153475681824423",
        "SAMPLE_MUNICIPALITY": "Medford",
        "SAMPLE_STREET_NAME": "SALEM STREET",
        "SAMPLE_SEGMENT_ID": 387192,
        "SAMPLE_LAT": 42.4204735779522,
        "SAMPLE_LNG": -71.099662598773
      }
    },
    {
      "type": "Feature",
      "geometry": {
        "type": "Point",
        "coordinates": [
          -71.099491688865,
          42.420537868367
        ]
      },
      "properties": {
        "PROVIDER": "mapillary",
        "IMAGE_ID": "2882280635344702",
        "SEQUENCE_ID": "QzvFPzShD8-Hm6PEJBP7rQ",
        "CAPTURED_AT": 1506972679200,
        "HEADING": 240.4259795523,
        "IMAGE_THUMB_URL": "https://scontent-bos5-1.xx.fbcdn.net/m1/v/t6/An8Xyrl-_UUtPQ0-L8oROCJ0vtmUiqqw7m9Q7AAj90yrIrPsAlgAx0FctzQs7EvYwDI5Apyoq2RzNf1p8IyItoNc7V_JDdR1eL72L3H11g59IPnjQ7aitGYAIFbQEuGqZrzrZE2JkPLsUEj45hHNKA?stp=s256x144&edm=AOnQwmMEAAAA&_nc_gid=LShFPUn8OFxdZJAXlZo5sA&_nc_oc=Adrnvm-6tM_keHyszK8_X2UCtWqlr-HUe5ARh-GGrNMjpe749NC5gSSDo1wWEnJjhoI&ccb=10-5&oh=00_Af78KmxIlcCz1xBB9hUlYpv0dSeHE2UQNxALyMGAzCN7UA&oe=6A3947B1&_nc_sid=201bca",
        "IMAGE_PREVIEW_URL": "https://scontent-bos5-1.xx.fbcdn.net/m1/v/t6/An8Xyrl-_UUtPQ0-L8oROCJ0vtmUiqqw7m9Q7AAj90yrIrPsAlgAx0FctzQs7EvYwDI5Apyoq2RzNf1p8IyItoNc7V_JDdR1eL72L3H11g59IPnjQ7aitGYAIFbQEuGqZrzrZE2JkPLsUEj45hHNKA?stp=s1024x576&edm=AOnQwmMEAAAA&_nc_gid=LShFPUn8OFxdZJAXlZo5sA&_nc_oc=Adrnvm-6tM_keHyszK8_X2UCtWqlr-HUe5ARh-GGrNMjpe749NC5gSSDo1wWEnJjhoI&ccb=10-5&oh=00_Af4Pw4OL1PgHaquOPxYjQmvDgH8PO9HoBTvptS50sUS6lQ&oe=6A3947B1&_nc_sid=201bca",
        "IMAGE_ORIGINAL_URL": "https://scontent-bos5-1.xx.fbcdn.net/m1/v/t6/An8Xyrl-_UUtPQ0-L8oROCJ0vtmUiqqw7m9Q7AAj90yrIrPsAlgAx0FctzQs7EvYwDI5Apyoq2RzNf1p8IyItoNc7V_JDdR1eL72L3H11g59IPnjQ7aitGYAIFbQEuGqZrzrZE2JkPLsUEj45hHNKA?edm=AOnQwmMEAAAA&_nc_gid=LShFPUn8OFxdZJAXlZo5sA&_nc_oc=Adrnvm-6tM_keHyszK8_X2UCtWqlr-HUe5ARh-GGrNMjpe749NC5gSSDo1wWEnJjhoI&ccb=10-5&oh=00_Af5FeO8Q9YHT9R3aGBzJCSxA7Icx9rXVbbwemeFkSAcmtg&oe=6A3947B1&_nc_sid=201bca",
        "SOURCE_URL": "https://www.mapillary.com/app/?pKey=2882280635344702",
        "SAMPLE_MUNICIPALITY": "Medford",
        "SAMPLE_STREET_NAME": "SALEM STREET",
        "SAMPLE_SEGMENT_ID": 387192,
        "SAMPLE_LAT": 42.4204735779522,
        "SAMPLE_LNG": -71.099662598773
      }
    },
    {
      "type": "Feature",
      "geometry": {
        "type": "Point",
        "coordinates": [
          -71.099439432962,
          42.420559778556
        ]
      },
      "properties": {
        "PROVIDER": "mapillary",
        "IMAGE_ID": "464481904618967",
        "SEQUENCE_ID": "QzvFPzShD8-Hm6PEJBP7rQ",
        "CAPTURED_AT": 1506972678800,
        "HEADING": 240.75490316941,
        "IMAGE_THUMB_URL": "https://scontent-bos5-1.xx.fbcdn.net/m1/v/t6/An-0Q7S7dt8Tdqevri1zzPINnxlUBfX1w3iXhvX27n1iVTlEVddNsuQFQrNVvsQXS38jFxTwHcEbkaKXzjrLGz4K5BNZsl0M97BpWzd5fAPcCANCEs6Nh3HnKON4fOX84V0D76oDiCHEBr09Fq50_Q?stp=s256x144&edm=AOnQwmMEAAAA&_nc_gid=LShFPUn8OFxdZJAXlZo5sA&_nc_oc=AdpkR1fPPe-lUMrRwhh2obSygvtNbnRC9IFXWArqc345UXi2Cbx5lD41YE9ymT-1ti8&ccb=10-5&oh=00_Af6W69zrBSm3y80BRUUY7GRi3Zma018kBAtMaT3W4d0MVg&oe=6A3939B3&_nc_sid=201bca",
        "IMAGE_PREVIEW_URL": "https://scontent-bos5-1.xx.fbcdn.net/m1/v/t6/An-0Q7S7dt8Tdqevri1zzPINnxlUBfX1w3iXhvX27n1iVTlEVddNsuQFQrNVvsQXS38jFxTwHcEbkaKXzjrLGz4K5BNZsl0M97BpWzd5fAPcCANCEs6Nh3HnKON4fOX84V0D76oDiCHEBr09Fq50_Q?stp=s1024x576&edm=AOnQwmMEAAAA&_nc_gid=LShFPUn8OFxdZJAXlZo5sA&_nc_oc=AdpkR1fPPe-lUMrRwhh2obSygvtNbnRC9IFXWArqc345UXi2Cbx5lD41YE9ymT-1ti8&ccb=10-5&oh=00_Af4C7jkIRLOKAgF5DK9uvxxICNk2PoyLuDjf0IvwzkyS5w&oe=6A3939B3&_nc_sid=201bca",
        "IMAGE_ORIGINAL_URL": "https://scontent-bos5-1.xx.fbcdn.net/m1/v/t6/An-0Q7S7dt8Tdqevri1zzPINnxlUBfX1w3iXhvX27n1iVTlEVddNsuQFQrNVvsQXS38jFxTwHcEbkaKXzjrLGz4K5BNZsl0M97BpWzd5fAPcCANCEs6Nh3HnKON4fOX84V0D76oDiCHEBr09Fq50_Q?edm=AOnQwmMEAAAA&_nc_gid=LShFPUn8OFxdZJAXlZo5sA&_nc_oc=AdpkR1fPPe-lUMrRwhh2obSygvtNbnRC9IFXWArqc345UXi2Cbx5lD41YE9ymT-1ti8&ccb=10-5&oh=00_Af4rz1jmnM8udAwD_0BzXj0uhmY8yTDWEN6yUM0oFjaAFg&oe=6A3939B3&_nc_sid=201bca",
        "SOURCE_URL": "https://www.mapillary.com/app/?pKey=464481904618967",
        "SAMPLE_MUNICIPALITY": "Medford",
        "SAMPLE_STREET_NAME": "SALEM STREET",
        "SAMPLE_SEGMENT_ID": 387192,
        "SAMPLE_LAT": 42.4204735779522,
        "SAMPLE_LNG": -71.099662598773
      }
    },
    {
      "type": "Feature",
      "geometry": {
        "type": "Point",
        "coordinates": [
          -71.099126124593,
          42.420831400163
        ]
      },
      "properties": {
        "PROVIDER": "mapillary",
        "IMAGE_ID": "169480125078642",
        "SEQUENCE_ID": "dmrjph964kvpo1jr0jun6h",
        "CAPTURED_AT": 1426334218000,
        "HEADING": 49.2251,
        "IMAGE_THUMB_URL": "https://scontent-bos5-1.xx.fbcdn.net/m1/v/t6/An88wZKG5d41-2oEoI0axzkb5TLc2Otf4ZL0sgd_06L-KmcFjRDO9TPqLV4tbC2Fcu4LGrXJayTGQsW3swjvKX5tiL0RfG745QLY-SIzVMell3Iz7umehzizOSeaE9_MsfZ5A41IdkjuKn7aZId-MQ?stp=s256x192&edm=AOnQwmMEAAAA&_nc_gid=LShFPUn8OFxdZJAXlZo5sA&_nc_oc=AdoeUKlUEOjrSxyUPdtmK0NW16oDGzaU7LwTmQ5ROtOnIJvtOM2P8CR_UQ4qeV1s0Pc&ccb=10-5&oh=00_Af7o-21WIS13aJgxTv2a5gS4hGUB0QrfMIhCb9YtGHB6LQ&oe=6A395235&_nc_sid=201bca",
        "IMAGE_PREVIEW_URL": "https://scontent-bos5-1.xx.fbcdn.net/m1/v/t6/An88wZKG5d41-2oEoI0axzkb5TLc2Otf4ZL0sgd_06L-KmcFjRDO9TPqLV4tbC2Fcu4LGrXJayTGQsW3swjvKX5tiL0RfG745QLY-SIzVMell3Iz7umehzizOSeaE9_MsfZ5A41IdkjuKn7aZId-MQ?stp=s1024x768&edm=AOnQwmMEAAAA&_nc_gid=LShFPUn8OFxdZJAXlZo5sA&_nc_oc=AdoeUKlUEOjrSxyUPdtmK0NW16oDGzaU7LwTmQ5ROtOnIJvtOM2P8CR_UQ4qeV1s0Pc&ccb=10-5&oh=00_Af6CnAt_5jTkwpYHFalMqbSK2q1ohPixgZ52e_TDH4Tdcg&oe=6A395235&_nc_sid=201bca",
        "IMAGE_ORIGINAL_URL": "https://scontent-bos5-1.xx.fbcdn.net/m1/v/t6/An88wZKG5d41-2oEoI0axzkb5TLc2Otf4ZL0sgd_06L-KmcFjRDO9TPqLV4tbC2Fcu4LGrXJayTGQsW3swjvKX5tiL0RfG745QLY-SIzVMell3Iz7umehzizOSeaE9_MsfZ5A41IdkjuKn7aZId-MQ?edm=AOnQwmMEAAAA&_nc_gid=LShFPUn8OFxdZJAXlZo5sA&_nc_oc=AdoeUKlUEOjrSxyUPdtmK0NW16oDGzaU7LwTmQ5ROtOnIJvtOM2P8CR_UQ4qeV1s0Pc&ccb=10-5&oh=00_Af78F-Iap9UH7cCuHfJlrCl4w0XT1daQsdlAkPxgx2ntaw&oe=6A395235&_nc_sid=201bca",
        "SOURCE_URL": "https://www.mapillary.com/app/?pKey=169480125078642",
        "SAMPLE_MUNICIPALITY": "Medford",
        "SAMPLE_STREET_NAME": "SALEM STREET",
        "SAMPLE_SEGMENT_ID": 387192,
        "SAMPLE_LAT": 42.4204735779522,
        "SAMPLE_LNG": -71.099662598773
      }
    },
    {
      "type": "Feature",
      "geometry": {
        "type": "Point",
        "coordinates": [
          -71.099393031301,
          42.420579028131
        ]
      },
      "properties": {
        "PROVIDER": "mapillary",
        "IMAGE_ID": "5795258010546825",
        "SEQUENCE_ID": "QzvFPzShD8-Hm6PEJBP7rQ",
        "CAPTURED_AT": 1506972678400,
        "HEADING": 240.75489509901,
        "IMAGE_THUMB_URL": "https://scontent-bos5-1.xx.fbcdn.net/m1/v/t6/An_gYERlXobaB3jZ4bCeE8G7sLzA6U7C2sKAS-Qhxq2Ikb-XR4lFiSjJYEGRUhtM4G_pn3lUQhPlXb1pYnx0XP6vP0AUgHqa20lH9ebgB_Ny5rcWdfZzGEYS8QWOHsXpegQXAKl4eYAxDrN_plIiLVU?stp=s256x144&edm=AOnQwmMEAAAA&_nc_gid=LShFPUn8OFxdZJAXlZo5sA&_nc_oc=AdqTNAgx65AAlUeFaX2z1IdWXMwx3lA07vIjKmh1aOxKCfecFy646ZwA3GoJsfroxBo&ccb=10-5&oh=00_Af5y3iDhW_8oY_j-PRswtDTwy4tmOqugMqey9y-IxbnrEQ&oe=6A395EC7&_nc_sid=201bca",
        "IMAGE_PREVIEW_URL": "https://scontent-bos5-1.xx.fbcdn.net/m1/v/t6/An_gYERlXobaB3jZ4bCeE8G7sLzA6U7C2sKAS-Qhxq2Ikb-XR4lFiSjJYEGRUhtM4G_pn3lUQhPlXb1pYnx0XP6vP0AUgHqa20lH9ebgB_Ny5rcWdfZzGEYS8QWOHsXpegQXAKl4eYAxDrN_plIiLVU?stp=s1024x576&edm=AOnQwmMEAAAA&_nc_gid=LShFPUn8OFxdZJAXlZo5sA&_nc_oc=AdqTNAgx65AAlUeFaX2z1IdWXMwx3lA07vIjKmh1aOxKCfecFy646ZwA3GoJsfroxBo&ccb=10-5&oh=00_Af5sY3mgrzFRHKCMABSpVcGkHmCtJCAc3b3-9tgnPNLzZw&oe=6A395EC7&_nc_sid=201bca",
        "IMAGE_ORIGINAL_URL": "https://scontent-bos5-1.xx.fbcdn.net/m1/v/t6/An_gYERlXobaB3jZ4bCeE8G7sLzA6U7C2sKAS-Qhxq2Ikb-XR4lFiSjJYEGRUhtM4G_pn3lUQhPlXb1pYnx0XP6vP0AUgHqa20lH9ebgB_Ny5rcWdfZzGEYS8QWOHsXpegQXAKl4eYAxDrN_plIiLVU?edm=AOnQwmMEAAAA&_nc_gid=LShFPUn8OFxdZJAXlZo5sA&_nc_oc=AdqTNAgx65AAlUeFaX2z1IdWXMwx3lA07vIjKmh1aOxKCfecFy646ZwA3GoJsfroxBo&ccb=10-5&oh=00_Af4Ee2EJ6QAZ0BsPm1KHRAbHJeso6wyqxLwgJcoKhCrj4Q&oe=6A395EC7&_nc_sid=201bca",
        "SOURCE_URL": "https://www.mapillary.com/app/?pKey=5795258010546825",
        "SAMPLE_MUNICIPALITY": "Medford",
        "SAMPLE_STREET_NAME": "SALEM STREET",
        "SAMPLE_SEGMENT_ID": 387192,
        "SAMPLE_LAT": 42.4204735779522,
        "SAMPLE_LNG": -71.099662598773
      }
    },
    {
      "type": "Feature",
      "geometry": {
        "type": "Point",
        "coordinates": [
          -71.099559193883,
          42.420509730465
        ]
      },
      "properties": {
        "PROVIDER": "mapillary",
        "IMAGE_ID": "1123442691487799",
        "SEQUENCE_ID": "QzvFPzShD8-Hm6PEJBP7rQ",
        "CAPTURED_AT": 1506972679700,
        "HEADING": 240.42604500622,
        "IMAGE_THUMB_URL": "https://scontent-bos5-1.xx.fbcdn.net/m1/v/t6/An9y9HVrkG08yujby9J0JPntfyTAwvXI4r2dgVYo-gf3U_hwklhuNrHsf9h2u-EeHuGbdKNftkBUScuS_O-tA5zAmgsMaeyA0wIWPEK2DFatItuzhyqSL9QswXVHrTTgcTCX5nZ0GHqcQuco2O35VpI?stp=s256x144&edm=AOnQwmMEAAAA&_nc_gid=LShFPUn8OFxdZJAXlZo5sA&_nc_oc=Adp_OPLqHxQJD8eQdKqbzaWIETmBHmiRfn_fs6SHCGPfOGC5Af79Sh5In3-bqELZk2A&ccb=10-5&oh=00_Af5mGGMcqfn4IqPVEJN0OTUp6JRFfAUmrPl6VhgSkm-KQg&oe=6A39647E&_nc_sid=201bca",
        "IMAGE_PREVIEW_URL": "https://scontent-bos5-1.xx.fbcdn.net/m1/v/t6/An9y9HVrkG08yujby9J0JPntfyTAwvXI4r2dgVYo-gf3U_hwklhuNrHsf9h2u-EeHuGbdKNftkBUScuS_O-tA5zAmgsMaeyA0wIWPEK2DFatItuzhyqSL9QswXVHrTTgcTCX5nZ0GHqcQuco2O35VpI?stp=s1024x576&edm=AOnQwmMEAAAA&_nc_gid=LShFPUn8OFxdZJAXlZo5sA&_nc_oc=Adp_OPLqHxQJD8eQdKqbzaWIETmBHmiRfn_fs6SHCGPfOGC5Af79Sh5In3-bqELZk2A&ccb=10-5&oh=00_Af6MrWKQLg5RKZBDpjgJb9fs9XwkcupzjXNIEOZ-63Xprg&oe=6A39647E&_nc_sid=201bca",
        "IMAGE_ORIGINAL_URL": "https://scontent-bos5-1.xx.fbcdn.net/m1/v/t6/An9y9HVrkG08yujby9J0JPntfyTAwvXI4r2dgVYo-gf3U_hwklhuNrHsf9h2u-EeHuGbdKNftkBUScuS_O-tA5zAmgsMaeyA0wIWPEK2DFatItuzhyqSL9QswXVHrTTgcTCX5nZ0GHqcQuco2O35VpI?edm=AOnQwmMEAAAA&_nc_gid=LShFPUn8OFxdZJAXlZo5sA&_nc_oc=Adp_OPLqHxQJD8eQdKqbzaWIETmBHmiRfn_fs6SHCGPfOGC5Af79Sh5In3-bqELZk2A&ccb=10-5&oh=00_Af4DN1ft4VMJlrw7zWSGn3b1VOrLwo1X0GgcCt61r4tzuQ&oe=6A39647E&_nc_sid=201bca",
        "SOURCE_URL": "https://www.mapillary.com/app/?pKey=1123442691487799",
        "SAMPLE_MUNICIPALITY": "Medford",
        "SAMPLE_STREET_NAME": "SALEM STREET",
        "SAMPLE_SEGMENT_ID": 387192,
        "SAMPLE_LAT": 42.4204735779522,
        "SAMPLE_LNG": -71.099662598773
      }
    },
    {
      "type": "Feature",
      "geometry": {
        "type": "Point",
        "coordinates": [
          -71.100115106927,
          42.420274184411
        ]
      },
      "properties": {
        "PROVIDER": "mapillary",
        "IMAGE_ID": "1382371902146724",
        "SEQUENCE_ID": "QzvFPzShD8-Hm6PEJBP7rQ",
        "CAPTURED_AT": 1506972684000,
        "HEADING": 238.78362578557,
        "IMAGE_THUMB_URL": "https://scontent-bos5-1.xx.fbcdn.net/m1/v/t6/An-wl7-ShzYI3l8zhsX6qH9BwP3KxwbsjKjD6bEuFC-xipwXOQtk3ItYqrIToNCJ4ogFUjOl1FA6HKQ_YKOnfc6773Fvl8NKsULbs7aswdxtaItrjGI0G3w1rIXxea7Vluqh_qSsibyBeVFJGTsQEA?stp=s256x144&edm=AOnQwmMEAAAA&_nc_gid=LShFPUn8OFxdZJAXlZo5sA&_nc_oc=AdrgG-9lcUqLKoQ-4VRQQHOkyapNMeul6t-bwzFYS1EIU4baNeuIo6kel2jc_BtbnU0&ccb=10-5&oh=00_Af4b-xxwcnxz9Ox_87UrH1gts_zyywrarAPUlo2AE9D-UQ&oe=6A39439E&_nc_sid=201bca",
        "IMAGE_PREVIEW_URL": "https://scontent-bos5-1.xx.fbcdn.net/m1/v/t6/An-wl7-ShzYI3l8zhsX6qH9BwP3KxwbsjKjD6bEuFC-xipwXOQtk3ItYqrIToNCJ4ogFUjOl1FA6HKQ_YKOnfc6773Fvl8NKsULbs7aswdxtaItrjGI0G3w1rIXxea7Vluqh_qSsibyBeVFJGTsQEA?stp=s1024x576&edm=AOnQwmMEAAAA&_nc_gid=LShFPUn8OFxdZJAXlZo5sA&_nc_oc=AdrgG-9lcUqLKoQ-4VRQQHOkyapNMeul6t-bwzFYS1EIU4baNeuIo6kel2jc_BtbnU0&ccb=10-5&oh=00_Af5kOemb98dAhHGHtV0Gvh8K5DMQMNuyP28mJx-bQ-1pYw&oe=6A39439E&_nc_sid=201bca",
        "IMAGE_ORIGINAL_URL": "https://scontent-bos5-1.xx.fbcdn.net/m1/v/t6/An-wl7-ShzYI3l8zhsX6qH9BwP3KxwbsjKjD6bEuFC-xipwXOQtk3ItYqrIToNCJ4ogFUjOl1FA6HKQ_YKOnfc6773Fvl8NKsULbs7aswdxtaItrjGI0G3w1rIXxea7Vluqh_qSsibyBeVFJGTsQEA?edm=AOnQwmMEAAAA&_nc_gid=LShFPUn8OFxdZJAXlZo5sA&_nc_oc=AdrgG-9lcUqLKoQ-4VRQQHOkyapNMeul6t-bwzFYS1EIU4baNeuIo6kel2jc_BtbnU0&ccb=10-5&oh=00_Af7wzwy_g15v8c9X2nQ03Ifc0NPWHdM8so2N9WfLetRGyA&oe=6A39439E&_nc_sid=201bca",
        "SOURCE_URL": "https://www.mapillary.com/app/?pKey=1382371902146724",
        "SAMPLE_MUNICIPALITY": "Medford",
        "SAMPLE_STREET_NAME": "SALEM STREET",
        "SAMPLE_SEGMENT_ID": 387192,
        "SAMPLE_LAT": 42.4204735779522,
        "SAMPLE_LNG": -71.099662598773
      }
    },
    {
      "type": "Feature",
      "geometry": {
        "type": "Point",
        "coordinates": [
          -71.099819363357,
          42.420399988492
        ]
      },
      "properties": {
        "PROVIDER": "mapillary",
        "IMAGE_ID": "1395677674114618",
        "SEQUENCE_ID": "QzvFPzShD8-Hm6PEJBP7rQ",
        "CAPTURED_AT": 1506972681700,
        "HEADING": 239.20364668143,
        "IMAGE_THUMB_URL": "https://scontent-bos5-1.xx.fbcdn.net/m1/v/t6/An-7X0xiuHKjdLYbXU5r7Rzol5cy9bp-A5S-hHBTppKLrAwCUrrNvqoL4Fb5wOkjTqIM9v2iho32_LrNKcrXblc7sCBeMtv7glXMdi5JS6gy_mQRPWxF-wcnP4JL1sHKzirq1mtRbtzx3328wd1WHA?stp=s256x144&edm=AOnQwmMEAAAA&_nc_gid=LShFPUn8OFxdZJAXlZo5sA&_nc_oc=AdqTgvyjwqmTJCDk-9aVlnBecv1BwVl6erZAZjsCDu50yhLetp-40VdDTIZ7vqzg6XE&ccb=10-5&oh=00_Af6ihSLs-gAe-CjzGVXeVoiqdCk2aHhiuXNMdi1O3eQQ6Q&oe=6A3968F7&_nc_sid=201bca",
        "IMAGE_PREVIEW_URL": "https://scontent-bos5-1.xx.fbcdn.net/m1/v/t6/An-7X0xiuHKjdLYbXU5r7Rzol5cy9bp-A5S-hHBTppKLrAwCUrrNvqoL4Fb5wOkjTqIM9v2iho32_LrNKcrXblc7sCBeMtv7glXMdi5JS6gy_mQRPWxF-wcnP4JL1sHKzirq1mtRbtzx3328wd1WHA?stp=s1024x576&edm=AOnQwmMEAAAA&_nc_gid=LShFPUn8OFxdZJAXlZo5sA&_nc_oc=AdqTgvyjwqmTJCDk-9aVlnBecv1BwVl6erZAZjsCDu50yhLetp-40VdDTIZ7vqzg6XE&ccb=10-5&oh=00_Af6TbnAkTWZCRbMfTjWeJ0eZGQqY8AkI-MDXddMJU9yPyA&oe=6A3968F7&_nc_sid=201bca",
        "IMAGE_ORIGINAL_URL": "https://scontent-bos5-1.xx.fbcdn.net/m1/v/t6/An-7X0xiuHKjdLYbXU5r7Rzol5cy9bp-A5S-hHBTppKLrAwCUrrNvqoL4Fb5wOkjTqIM9v2iho32_LrNKcrXblc7sCBeMtv7glXMdi5JS6gy_mQRPWxF-wcnP4JL1sHKzirq1mtRbtzx3328wd1WHA?edm=AOnQwmMEAAAA&_nc_gid=LShFPUn8OFxdZJAXlZo5sA&_nc_oc=AdqTgvyjwqmTJCDk-9aVlnBecv1BwVl6erZAZjsCDu50yhLetp-40VdDTIZ7vqzg6XE&ccb=10-5&oh=00_Af5N42E71wFa44GWieh-MrRQjFG3BCxwpwQyBAzRGcgpIg&oe=6A3968F7&_nc_sid=201bca",
        "SOURCE_URL": "https://www.mapillary.com/app/?pKey=1395677674114618",
        "SAMPLE_MUNICIPALITY": "Medford",
        "SAMPLE_STREET_NAME": "SALEM STREET",
        "SAMPLE_SEGMENT_ID": 387192,
        "SAMPLE_LAT": 42.4204735779522,
        "SAMPLE_LNG": -71.099662598773
      }
    },
    {
      "type": "Feature",
      "geometry": {
        "type": "Point",
        "coordinates": [
          -71.098967371196,
          42.420752616196
        ]
      },
      "properties": {
        "PROVIDER": "mapillary",
        "IMAGE_ID": "522082068966442",
        "SEQUENCE_ID": "QzvFPzShD8-Hm6PEJBP7rQ",
        "CAPTURED_AT": 1506972674600,
        "HEADING": 240.25262133572,
        "IMAGE_THUMB_URL": "https://scontent-bos5-1.xx.fbcdn.net/m1/v/t6/An9HVBhXlbTSx2cAW_aSSaWIfakEWBOKJ8eDWIDTztvpGgcCLVpQSPmRxbxi66t9Ab3uFL97pHK3Xgw-zumJ1OMqOlgLDBPvmBTTxy6Lv2x5D4NerqUJhwaqUx0o9tMd8nJ8EFrcMcXguW3nHxlYRw?stp=s256x144&edm=AOnQwmMEAAAA&_nc_gid=LShFPUn8OFxdZJAXlZo5sA&_nc_oc=AdrwuFnAqD_HwDbqW8QZ-mIZctoBHQ_PSPfxfPSZ7GVgGqkGwMxaR69Er-wM2pnqRoc&ccb=10-5&oh=00_Af7wqpIgLgYql-GN4pjDninfX7bhnXoYNUGTRxe97qQ2nw&oe=6A395D51&_nc_sid=201bca",
        "IMAGE_PREVIEW_URL": "https://scontent-bos5-1.xx.fbcdn.net/m1/v/t6/An9HVBhXlbTSx2cAW_aSSaWIfakEWBOKJ8eDWIDTztvpGgcCLVpQSPmRxbxi66t9Ab3uFL97pHK3Xgw-zumJ1OMqOlgLDBPvmBTTxy6Lv2x5D4NerqUJhwaqUx0o9tMd8nJ8EFrcMcXguW3nHxlYRw?stp=s1024x576&edm=AOnQwmMEAAAA&_nc_gid=LShFPUn8OFxdZJAXlZo5sA&_nc_oc=AdrwuFnAqD_HwDbqW8QZ-mIZctoBHQ_PSPfxfPSZ7GVgGqkGwMxaR69Er-wM2pnqRoc&ccb=10-5&oh=00_Af7dUP0PZk0Jzr8YTWzrnaWDMa17bVF8CNSsIaaQrFSRQw&oe=6A395D51&_nc_sid=201bca",
        "IMAGE_ORIGINAL_URL": "https://scontent-bos5-1.xx.fbcdn.net/m1/v/t6/An9HVBhXlbTSx2cAW_aSSaWIfakEWBOKJ8eDWIDTztvpGgcCLVpQSPmRxbxi66t9Ab3uFL97pHK3Xgw-zumJ1OMqOlgLDBPvmBTTxy6Lv2x5D4NerqUJhwaqUx0o9tMd8nJ8EFrcMcXguW3nHxlYRw?edm=AOnQwmMEAAAA&_nc_gid=LShFPUn8OFxdZJAXlZo5sA&_nc_oc=AdrwuFnAqD_HwDbqW8QZ-mIZctoBHQ_PSPfxfPSZ7GVgGqkGwMxaR69Er-wM2pnqRoc&ccb=10-5&oh=00_Af4onf02IdKgMmtQEYESDLpPuBAW7lqXAnWkm3YVrEq9AQ&oe=6A395D51&_nc_sid=201bca",
        "SOURCE_URL": "https://www.mapillary.com/app/?pKey=522082068966442",
        "SAMPLE_MUNICIPALITY": "Medford",
        "SAMPLE_STREET_NAME": "SALEM STREET",
        "SAMPLE_SEGMENT_ID": 387192,
        "SAMPLE_LAT": 42.4204735779522,
        "SAMPLE_LNG": -71.099662598773
      }
    },
    {
      "type": "Feature",
      "geometry": {
        "type": "Point",
        "coordinates": [
          -71.099767491462,
          42.420421908189
        ]
      },
      "properties": {
        "PROVIDER": "mapillary",
        "IMAGE_ID": "170505301544710",
        "SEQUENCE_ID": "QzvFPzShD8-Hm6PEJBP7rQ",
        "CAPTURED_AT": 1506972681300,
        "HEADING": 239.20369381153,
        "IMAGE_THUMB_URL": "https://scontent-bos5-1.xx.fbcdn.net/m1/v/t6/An8z7gR5J3Dw-AOx4vUcgUM2q9WZrJ3T9qcTOmSs3oJ0CvGP1ZMkKaaxkAV8gESviGcxsZFY_jrkJ0nf7Ht6CE7o9peHSUa1FQL2j1bD6E9AAJfzPf8eOfnzBDbvp0RjNyO6Iqy6U8UEl9-z1Smz0g?stp=s256x144&edm=AOnQwmMEAAAA&_nc_gid=LShFPUn8OFxdZJAXlZo5sA&_nc_oc=AdpvyHgIWZpm5j1Ab2Ckb5ebuybd4P3LI37jh9RPImYLwtMv5UKCa-a0mwnfiPQrwjI&ccb=10-5&oh=00_Af50qgJ8047fjNpqsAJtTcz8Z79Da7is3GvEY64wnX7e1A&oe=6A3963F3&_nc_sid=201bca",
        "IMAGE_PREVIEW_URL": "https://scontent-bos5-1.xx.fbcdn.net/m1/v/t6/An8z7gR5J3Dw-AOx4vUcgUM2q9WZrJ3T9qcTOmSs3oJ0CvGP1ZMkKaaxkAV8gESviGcxsZFY_jrkJ0nf7Ht6CE7o9peHSUa1FQL2j1bD6E9AAJfzPf8eOfnzBDbvp0RjNyO6Iqy6U8UEl9-z1Smz0g?stp=s1024x576&edm=AOnQwmMEAAAA&_nc_gid=LShFPUn8OFxdZJAXlZo5sA&_nc_oc=AdpvyHgIWZpm5j1Ab2Ckb5ebuybd4P3LI37jh9RPImYLwtMv5UKCa-a0mwnfiPQrwjI&ccb=10-5&oh=00_Af65MeXuEbV0_5y5RdaqsyYxTxbGaGvncF6qzosryZmnZA&oe=6A3963F3&_nc_sid=201bca",
        "IMAGE_ORIGINAL_URL": "https://scontent-bos5-1.xx.fbcdn.net/m1/v/t6/An8z7gR5J3Dw-AOx4vUcgUM2q9WZrJ3T9qcTOmSs3oJ0CvGP1ZMkKaaxkAV8gESviGcxsZFY_jrkJ0nf7Ht6CE7o9peHSUa1FQL2j1bD6E9AAJfzPf8eOfnzBDbvp0RjNyO6Iqy6U8UEl9-z1Smz0g?edm=AOnQwmMEAAAA&_nc_gid=LShFPUn8OFxdZJAXlZo5sA&_nc_oc=AdpvyHgIWZpm5j1Ab2Ckb5ebuybd4P3LI37jh9RPImYLwtMv5UKCa-a0mwnfiPQrwjI&ccb=10-5&oh=00_Af79jC9Fwuo5GA_r0MVkDk_5ACa3TcZh1E0gWR5iMjphNw&oe=6A3963F3&_nc_sid=201bca",
        "SOURCE_URL": "https://www.mapillary.com/app/?pKey=170505301544710",
        "SAMPLE_MUNICIPALITY": "Medford",
        "SAMPLE_STREET_NAME": "SALEM STREET",
        "SAMPLE_SEGMENT_ID": 387192,
        "SAMPLE_LAT": 42.4204735779522,
        "SAMPLE_LNG": -71.099662598773
      }
    },
    {
      "type": "Feature",
      "geometry": {
        "type": "Point",
        "coordinates": [
          -71.099987339942,
          42.420328873835
        ]
      },
      "properties": {
        "PROVIDER": "mapillary",
        "IMAGE_ID": "301870951526969",
        "SEQUENCE_ID": "QzvFPzShD8-Hm6PEJBP7rQ",
        "CAPTURED_AT": 1506972683000,
        "HEADING": 239.43930940303,
        "IMAGE_THUMB_URL": "https://scontent-bos5-1.xx.fbcdn.net/m1/v/t6/An9GIEfOeH_qXNXKUMadRFP9NhbwRNHdIM-EN6KGVuO4tYrmmUPCi1Vg8tvxZ4t4h2712x57bwfvQ6eeoeStz4YWeaRLYg3StqMhebTd8U7l9p2tXpEAHnYArpeTF4ePFOkQ1d1-u0-1rVdOJ8vsEH0?stp=s256x144&edm=AOnQwmMEAAAA&_nc_gid=yjxU2sOzwE9vA7IxmIYD1w&_nc_oc=Adpl1wPwXJJcMLbqUz5ed3hfCP1LNAQTjqlIfm53qmt3ReYSNmG3ljRO1TA6aMY-gLs&ccb=10-5&oh=00_Af52pZk-buHSdG-A7yS6jfuxpgkIQsa1fzuMU9P1dKAcsA&oe=6A3950D9&_nc_sid=201bca",
        "IMAGE_PREVIEW_URL": "https://scontent-bos5-1.xx.fbcdn.net/m1/v/t6/An9GIEfOeH_qXNXKUMadRFP9NhbwRNHdIM-EN6KGVuO4tYrmmUPCi1Vg8tvxZ4t4h2712x57bwfvQ6eeoeStz4YWeaRLYg3StqMhebTd8U7l9p2tXpEAHnYArpeTF4ePFOkQ1d1-u0-1rVdOJ8vsEH0?stp=s1024x576&edm=AOnQwmMEAAAA&_nc_gid=yjxU2sOzwE9vA7IxmIYD1w&_nc_oc=Adpl1wPwXJJcMLbqUz5ed3hfCP1LNAQTjqlIfm53qmt3ReYSNmG3ljRO1TA6aMY-gLs&ccb=10-5&oh=00_Af4SG7mloCdpCRPkKbdreZxIH7fZwTO2bN8e1ZtPsCrxcA&oe=6A3950D9&_nc_sid=201bca",
        "IMAGE_ORIGINAL_URL": "https://scontent-bos5-1.xx.fbcdn.net/m1/v/t6/An9GIEfOeH_qXNXKUMadRFP9NhbwRNHdIM-EN6KGVuO4tYrmmUPCi1Vg8tvxZ4t4h2712x57bwfvQ6eeoeStz4YWeaRLYg3StqMhebTd8U7l9p2tXpEAHnYArpeTF4ePFOkQ1d1-u0-1rVdOJ8vsEH0?edm=AOnQwmMEAAAA&_nc_gid=yjxU2sOzwE9vA7IxmIYD1w&_nc_oc=Adpl1wPwXJJcMLbqUz5ed3hfCP1LNAQTjqlIfm53qmt3ReYSNmG3ljRO1TA6aMY-gLs&ccb=10-5&oh=00_Af4ObWZAthP5TBsoAbuRqlscXAHBLJ7OxsQyNB4Jd-GbWA&oe=6A3950D9&_nc_sid=201bca",
        "SOURCE_URL": "https://www.mapillary.com/app/?pKey=301870951526969",
        "SAMPLE_MUNICIPALITY": "Medford",
        "SAMPLE_STREET_NAME": "SALEM STREET",
        "SAMPLE_SEGMENT_ID": 387193,
        "SAMPLE_LAT": 42.4203960274597,
        "SAMPLE_LNG": -71.099851413321
      }
    },
    {
      "type": "Feature",
      "geometry": {
        "type": "Point",
        "coordinates": [
          -71.099689971525,
          42.42045464804
        ]
      },
      "properties": {
        "PROVIDER": "mapillary",
        "IMAGE_ID": "937340033692464",
        "SEQUENCE_ID": "QzvFPzShD8-Hm6PEJBP7rQ",
        "CAPTURED_AT": 1506972680700,
        "HEADING": 241.54923547028,
        "IMAGE_THUMB_URL": "https://scontent-bos5-1.xx.fbcdn.net/m1/v/t6/An_Mh20CAZwMVV8DYAlfJlpmEPF-5eabZMFvgAWJO8Kgc8vs-Av-A1GKCVFv_489cvyBoo-fSgSuRlRN6G_XapM5wXpFMMN8MHfBXfxkkKS1IPU0l_8hyxpEoXfAdXKmdP8CjNkRR6oOC6zRiNGRW0Y?stp=s256x144&edm=AOnQwmMEAAAA&_nc_gid=yjxU2sOzwE9vA7IxmIYD1w&_nc_oc=AdqyrUBsRwyJwMl8oTPkKYWasOcH4GbvLpAW9Ciugvo9RleSuWuui-j2vnv2i4dl5iA&ccb=10-5&oh=00_Af5DUXnp66NT2lJMibVd_hDfFrWNS9CFDzUUru6bOtfSNQ&oe=6A394F2A&_nc_sid=201bca",
        "IMAGE_PREVIEW_URL": "https://scontent-bos5-1.xx.fbcdn.net/m1/v/t6/An_Mh20CAZwMVV8DYAlfJlpmEPF-5eabZMFvgAWJO8Kgc8vs-Av-A1GKCVFv_489cvyBoo-fSgSuRlRN6G_XapM5wXpFMMN8MHfBXfxkkKS1IPU0l_8hyxpEoXfAdXKmdP8CjNkRR6oOC6zRiNGRW0Y?stp=s1024x576&edm=AOnQwmMEAAAA&_nc_gid=yjxU2sOzwE9vA7IxmIYD1w&_nc_oc=AdqyrUBsRwyJwMl8oTPkKYWasOcH4GbvLpAW9Ciugvo9RleSuWuui-j2vnv2i4dl5iA&ccb=10-5&oh=00_Af7CGerZQ3vSvOsBjrhU4F7-uwaKAHhG6LHKMU-jlN4jBQ&oe=6A394F2A&_nc_sid=201bca",
        "IMAGE_ORIGINAL_URL": "https://scontent-bos5-1.xx.fbcdn.net/m1/v/t6/An_Mh20CAZwMVV8DYAlfJlpmEPF-5eabZMFvgAWJO8Kgc8vs-Av-A1GKCVFv_489cvyBoo-fSgSuRlRN6G_XapM5wXpFMMN8MHfBXfxkkKS1IPU0l_8hyxpEoXfAdXKmdP8CjNkRR6oOC6zRiNGRW0Y?edm=AOnQwmMEAAAA&_nc_gid=yjxU2sOzwE9vA7IxmIYD1w&_nc_oc=AdqyrUBsRwyJwMl8oTPkKYWasOcH4GbvLpAW9Ciugvo9RleSuWuui-j2vnv2i4dl5iA&ccb=10-5&oh=00_Af7A3Vgs8xAYz_eHHyQAEZoTJBmdBNKs_qxQ_UA8z-qgAw&oe=6A394F2A&_nc_sid=201bca",
        "SOURCE_URL": "https://www.mapillary.com/app/?pKey=937340033692464",
        "SAMPLE_MUNICIPALITY": "Medford",
        "SAMPLE_STREET_NAME": "SALEM STREET",
        "SAMPLE_SEGMENT_ID": 387193,
        "SAMPLE_LAT": 42.4203960274597,
        "SAMPLE_LNG": -71.099851413321
      }
    },
    {
      "type": "Feature",
      "geometry": {
        "type": "Point",
        "coordinates": [
          -71.10065500249,
          42.420040613303
        ]
      },
      "properties": {
        "PROVIDER": "mapillary",
        "IMAGE_ID": "1185872038539662",
        "SEQUENCE_ID": "QzvFPzShD8-Hm6PEJBP7rQ",
        "CAPTURED_AT": 1506972688400,
        "HEADING": 240.55856849165,
        "IMAGE_THUMB_URL": "https://scontent-bos5-1.xx.fbcdn.net/m1/v/t6/An9A6rf8zo32o4snb8Eno-2P8aKmCfmGI1wbk0NLnA1Y9EKu03tgFnECO_50Vx3NLrZvpUbnxuc4Np2dWAiNOcRdtdI5KlkEifBfL7vu_kiCNN4y2deU1L3iXPxCorRf_He-EcUCJ5uVoOSfhPLVTg?stp=s256x144&edm=AOnQwmMEAAAA&_nc_gid=yjxU2sOzwE9vA7IxmIYD1w&_nc_oc=AdqCUuAKSF3Jzqf4r5w1vwWmnbVdTkd2VdBfdl9A9ZELWYEzdUvLFbkr1zAkAlTvpG4&ccb=10-5&oh=00_Af7T7FeSnY-md7U3J0V1RqcGtoRQUbu4dMdeDZAkqqBqog&oe=6A395524&_nc_sid=201bca",
        "IMAGE_PREVIEW_URL": "https://scontent-bos5-1.xx.fbcdn.net/m1/v/t6/An9A6rf8zo32o4snb8Eno-2P8aKmCfmGI1wbk0NLnA1Y9EKu03tgFnECO_50Vx3NLrZvpUbnxuc4Np2dWAiNOcRdtdI5KlkEifBfL7vu_kiCNN4y2deU1L3iXPxCorRf_He-EcUCJ5uVoOSfhPLVTg?stp=s1024x576&edm=AOnQwmMEAAAA&_nc_gid=yjxU2sOzwE9vA7IxmIYD1w&_nc_oc=AdqCUuAKSF3Jzqf4r5w1vwWmnbVdTkd2VdBfdl9A9ZELWYEzdUvLFbkr1zAkAlTvpG4&ccb=10-5&oh=00_Af4vRigaRf_y8AZf506FZeSGWgD9nAHMxlaSR4iVmqdb8A&oe=6A395524&_nc_sid=201bca",
        "IMAGE_ORIGINAL_URL": "https://scontent-bos5-1.xx.fbcdn.net/m1/v/t6/An9A6rf8zo32o4snb8Eno-2P8aKmCfmGI1wbk0NLnA1Y9EKu03tgFnECO_50Vx3NLrZvpUbnxuc4Np2dWAiNOcRdtdI5KlkEifBfL7vu_kiCNN4y2deU1L3iXPxCorRf_He-EcUCJ5uVoOSfhPLVTg?edm=AOnQwmMEAAAA&_nc_gid=yjxU2sOzwE9vA7IxmIYD1w&_nc_oc=AdqCUuAKSF3Jzqf4r5w1vwWmnbVdTkd2VdBfdl9A9ZELWYEzdUvLFbkr1zAkAlTvpG4&ccb=10-6&oh=00_Af7kK_pWaXFRMSHm8YeGbjOSJj1Vbx1iaHIiUxs5wk_Nog&oe=6A395524&_nc_sid=201bca",
        "SOURCE_URL": "https://www.mapillary.com/app/?pKey=1185872038539662",
        "SAMPLE_MUNICIPALITY": "Medford",
        "SAMPLE_STREET_NAME": "SALEM STREET",
        "SAMPLE_SEGMENT_ID": 387193,
        "SAMPLE_LAT": 42.4203960274597,
        "SAMPLE_LNG": -71.099851413321
      }
    },
    {
      "type": "Feature",
      "geometry": {
        "type": "Point",
        "coordinates": [
          -71.100595688013,
          42.420066619645
        ]
      },
      "properties": {
        "PROVIDER": "mapillary",
        "IMAGE_ID": "336548677889449",
        "SEQUENCE_ID": "QzvFPzShD8-Hm6PEJBP7rQ",
        "CAPTURED_AT": 1506972687900,
        "HEADING": 239.63917914964,
        "IMAGE_THUMB_URL": "https://scontent-bos5-1.xx.fbcdn.net/m1/v/t6/An_okcJ2ap1L2OaCp1AITgI73SC7qBW2MGEiL5WqhQqFGwOQF1dYEkF2dXpH8IYoRjxTkntgTHyxxsb4XyoWp7ITOmHBSbdFFBmT_mmauc--tBedxt6AuyZTOBO-w1lIRF6gb9GRwcqCaqt-VaY5bQ?stp=s256x144&edm=AOnQwmMEAAAA&_nc_gid=yjxU2sOzwE9vA7IxmIYD1w&_nc_oc=Adr7NvWWAiplt9MF6Om2n52hXQ_BpBDLVwQVSN8bIy72_wjEkejwDMB7LmLFBkmI17M&ccb=10-5&oh=00_Af6LHMBO0HPPp-BI_64MQQQ9qqHmTXvJOO4BhU90GgVlcw&oe=6A3969C1&_nc_sid=201bca",
        "IMAGE_PREVIEW_URL": "https://scontent-bos5-1.xx.fbcdn.net/m1/v/t6/An_okcJ2ap1L2OaCp1AITgI73SC7qBW2MGEiL5WqhQqFGwOQF1dYEkF2dXpH8IYoRjxTkntgTHyxxsb4XyoWp7ITOmHBSbdFFBmT_mmauc--tBedxt6AuyZTOBO-w1lIRF6gb9GRwcqCaqt-VaY5bQ?stp=s1024x576&edm=AOnQwmMEAAAA&_nc_gid=yjxU2sOzwE9vA7IxmIYD1w&_nc_oc=Adr7NvWWAiplt9MF6Om2n52hXQ_BpBDLVwQVSN8bIy72_wjEkejwDMB7LmLFBkmI17M&ccb=10-5&oh=00_Af7c3o-6_4-Op3vhIztjd7kSG5SzJ-4ZROX5bs2Do6kvAA&oe=6A3969C1&_nc_sid=201bca",
        "IMAGE_ORIGINAL_URL": "https://scontent-bos5-1.xx.fbcdn.net/m1/v/t6/An_okcJ2ap1L2OaCp1AITgI73SC7qBW2MGEiL5WqhQqFGwOQF1dYEkF2dXpH8IYoRjxTkntgTHyxxsb4XyoWp7ITOmHBSbdFFBmT_mmauc--tBedxt6AuyZTOBO-w1lIRF6gb9GRwcqCaqt-VaY5bQ?edm=AOnQwmMEAAAA&_nc_gid=yjxU2sOzwE9vA7IxmIYD1w&_nc_oc=Adr7NvWWAiplt9MF6Om2n52hXQ_BpBDLVwQVSN8bIy72_wjEkejwDMB7LmLFBkmI17M&ccb=10-5&oh=00_Af48varA8a6Lk6WkHmbPvOjARCjUwi_qvkoElGMmkifP0w&oe=6A3969C1&_nc_sid=201bca",
        "SOURCE_URL": "https://www.mapillary.com/app/?pKey=336548677889449",
        "SAMPLE_MUNICIPALITY": "Medford",
        "SAMPLE_STREET_NAME": "SALEM STREET",
        "SAMPLE_SEGMENT_ID": 387193,
        "SAMPLE_LAT": 42.4203960274597,
        "SAMPLE_LNG": -71.099851413321
      }
    },
    {
      "type": "Feature",
      "geometry": {
        "type": "Point",
        "coordinates": [
          -71.099664303285,
          42.420465486261
        ]
      },
      "properties": {
        "PROVIDER": "mapillary",
        "IMAGE_ID": "143534064356727",
        "SEQUENCE_ID": "QzvFPzShD8-Hm6PEJBP7rQ",
        "CAPTURED_AT": 1506972680500,
        "HEADING": 241.54904500953,
        "IMAGE_THUMB_URL": "https://scontent-bos5-1.xx.fbcdn.net/m1/v/t6/An-ncrfZ9Vo4N1NhB3rr2aKblHnq-M4uQ9H4nq4Qdul-FqxYazAslKDqdQd_kqihuHH6Nd-6VIUfOwVeUEY9toNm2XKVJTRTSg1yebaKG7rxWpCnwaF0pIt80UUM-c97oY-AJKQyqa_KNb--Np07Ew?stp=s256x144&edm=AOnQwmMEAAAA&_nc_gid=yjxU2sOzwE9vA7IxmIYD1w&_nc_oc=AdotPDkTZVBhy49rV9eE5u62mfM47nFm5hYFhWiccpZsuIICe-d9vdNlJ9d49aTJr7I&ccb=10-5&oh=00_Af5N5FQ8xNW-mNrbseFZ-NOSa9VOhRLd-9Y4A5OAzXYbcw&oe=6A393418&_nc_sid=201bca",
        "IMAGE_PREVIEW_URL": "https://scontent-bos5-1.xx.fbcdn.net/m1/v/t6/An-ncrfZ9Vo4N1NhB3rr2aKblHnq-M4uQ9H4nq4Qdul-FqxYazAslKDqdQd_kqihuHH6Nd-6VIUfOwVeUEY9toNm2XKVJTRTSg1yebaKG7rxWpCnwaF0pIt80UUM-c97oY-AJKQyqa_KNb--Np07Ew?stp=s1024x576&edm=AOnQwmMEAAAA&_nc_gid=yjxU2sOzwE9vA7IxmIYD1w&_nc_oc=AdotPDkTZVBhy49rV9eE5u62mfM47nFm5hYFhWiccpZsuIICe-d9vdNlJ9d49aTJr7I&ccb=10-5&oh=00_Af5u21Fk7yW7LaO9120-PNJBrCeZsARfdskgVvwB7PiwEw&oe=6A393418&_nc_sid=201bca",
        "IMAGE_ORIGINAL_URL": "https://scontent-bos5-1.xx.fbcdn.net/m1/v/t6/An-ncrfZ9Vo4N1NhB3rr2aKblHnq-M4uQ9H4nq4Qdul-FqxYazAslKDqdQd_kqihuHH6Nd-6VIUfOwVeUEY9toNm2XKVJTRTSg1yebaKG7rxWpCnwaF0pIt80UUM-c97oY-AJKQyqa_KNb--Np07Ew?edm=AOnQwmMEAAAA&_nc_gid=yjxU2sOzwE9vA7IxmIYD1w&_nc_oc=AdotPDkTZVBhy49rV9eE5u62mfM47nFm5hYFhWiccpZsuIICe-d9vdNlJ9d49aTJr7I&ccb=10-5&oh=00_Af6uytkOohCs3yL0JaZIfgxCHbqUoAIFJ4cb0t4x6pTPHA&oe=6A393418&_nc_sid=201bca",
        "SOURCE_URL": "https://www.mapillary.com/app/?pKey=143534064356727",
        "SAMPLE_MUNICIPALITY": "Medford",
        "SAMPLE_STREET_NAME": "SALEM STREET",
        "SAMPLE_SEGMENT_ID": 387193,
        "SAMPLE_LAT": 42.4203960274597,
        "SAMPLE_LNG": -71.099851413321
      }
    },
    {
      "type": "Feature",
      "geometry": {
        "type": "Point",
        "coordinates": [
          -71.100127707358,
          42.420268799445
        ]
      },
      "properties": {
        "PROVIDER": "mapillary",
        "IMAGE_ID": "165417995510819",
        "SEQUENCE_ID": "QzvFPzShD8-Hm6PEJBP7rQ",
        "CAPTURED_AT": 1506972684100,
        "HEADING": 238.78368375896,
        "IMAGE_THUMB_URL": "https://scontent-bos5-1.xx.fbcdn.net/m1/v/t6/An-E3qRma9a0uuViwdlPm3EHGI3_NH85CvW2Fi5BC6dwJiyXm5VIgwlc7FtHMatRJcqLGja2IKdpNqIa0sySsWuWHZVRQkTSY75zB9hmDdAd9w4KSlDx7fqOSCgf9QUYW0ZBpiiSk08W5hZ9xfw7kA?stp=s256x144&edm=AOnQwmMEAAAA&_nc_gid=yjxU2sOzwE9vA7IxmIYD1w&_nc_oc=AdphgxiMiX1aoBq2PIA4U0T5ZVxF40ih0MXN6Ai9-4m_IV8FVQpfCj-cQ1KLiTCWQ4c&ccb=10-5&oh=00_Af7ARznTNHGSPL-97K8I6wfVG4UdC0-saUwqGcjQJUrNbQ&oe=6A3969F0&_nc_sid=201bca",
        "IMAGE_PREVIEW_URL": "https://scontent-bos5-1.xx.fbcdn.net/m1/v/t6/An-E3qRma9a0uuViwdlPm3EHGI3_NH85CvW2Fi5BC6dwJiyXm5VIgwlc7FtHMatRJcqLGja2IKdpNqIa0sySsWuWHZVRQkTSY75zB9hmDdAd9w4KSlDx7fqOSCgf9QUYW0ZBpiiSk08W5hZ9xfw7kA?stp=s1024x576&edm=AOnQwmMEAAAA&_nc_gid=yjxU2sOzwE9vA7IxmIYD1w&_nc_oc=AdphgxiMiX1aoBq2PIA4U0T5ZVxF40ih0MXN6Ai9-4m_IV8FVQpfCj-cQ1KLiTCWQ4c&ccb=10-5&oh=00_Af4QtUk7GNSUJXzA7huAkWndQouyU-E9n-doERkgW6CKAg&oe=6A3969F0&_nc_sid=201bca",
        "IMAGE_ORIGINAL_URL": "https://scontent-bos5-1.xx.fbcdn.net/m1/v/t6/An-E3qRma9a0uuViwdlPm3EHGI3_NH85CvW2Fi5BC6dwJiyXm5VIgwlc7FtHMatRJcqLGja2IKdpNqIa0sySsWuWHZVRQkTSY75zB9hmDdAd9w4KSlDx7fqOSCgf9QUYW0ZBpiiSk08W5hZ9xfw7kA?edm=AOnQwmMEAAAA&_nc_gid=yjxU2sOzwE9vA7IxmIYD1w&_nc_oc=AdphgxiMiX1aoBq2PIA4U0T5ZVxF40ih0MXN6Ai9-4m_IV8FVQpfCj-cQ1KLiTCWQ4c&ccb=10-5&oh=00_Af7KfJmPHU6yLyd58d3K8X3zL8YU-FUF6hOu2LJjvv0pAw&oe=6A3969F0&_nc_sid=201bca",
        "SOURCE_URL": "https://www.mapillary.com/app/?pKey=165417995510819",
        "SAMPLE_MUNICIPALITY": "Medford",
        "SAMPLE_STREET_NAME": "SALEM STREET",
        "SAMPLE_SEGMENT_ID": 387193,
        "SAMPLE_LAT": 42.4203960274597,
        "SAMPLE_LNG": -71.099851413321
      }
    },
    {
      "type": "Feature",
      "geometry": {
        "type": "Point",
        "coordinates": [
          -71.099728754341,
          42.420438411442
        ]
      },
      "properties": {
        "PROVIDER": "mapillary",
        "IMAGE_ID": "225981488858969",
        "SEQUENCE_ID": "QzvFPzShD8-Hm6PEJBP7rQ",
        "CAPTURED_AT": 1506972681000,
        "HEADING": 239.20368722082,
        "IMAGE_THUMB_URL": "https://scontent-bos5-1.xx.fbcdn.net/m1/v/t6/An_KLAXNDL5-PKlElC-QGqn4K_VXb5ph3oOhQW4GB27terQokNU2Kce8vCdjBasBaVIC96ZHCYjyEjXN1cyPvz9VoCtShNnDT3hVfOWp7AtUNnW2Cv8cSn0-XTJuCUNyH-RhxowyWI_gGxaEcX-B2g?stp=s256x144&edm=AOnQwmMEAAAA&_nc_gid=yjxU2sOzwE9vA7IxmIYD1w&_nc_oc=AdpgP5j13lOGTYWSuGzHihr1t-oaCU5hoP0fPH76cofB7Z-QjYmNQkiYCxD--Q4cpeQ&ccb=10-5&oh=00_Af4FswrODekhkDrNHe3v1RM0tPuwh_BEP1tGj_ubhNV9qg&oe=6A395877&_nc_sid=201bca",
        "IMAGE_PREVIEW_URL": "https://scontent-bos5-1.xx.fbcdn.net/m1/v/t6/An_KLAXNDL5-PKlElC-QGqn4K_VXb5ph3oOhQW4GB27terQokNU2Kce8vCdjBasBaVIC96ZHCYjyEjXN1cyPvz9VoCtShNnDT3hVfOWp7AtUNnW2Cv8cSn0-XTJuCUNyH-RhxowyWI_gGxaEcX-B2g?stp=s1024x576&edm=AOnQwmMEAAAA&_nc_gid=yjxU2sOzwE9vA7IxmIYD1w&_nc_oc=AdpgP5j13lOGTYWSuGzHihr1t-oaCU5hoP0fPH76cofB7Z-QjYmNQkiYCxD--Q4cpeQ&ccb=10-5&oh=00_Af6E-mxRcfMcWj6DDFAam2JPSlPiEJqpZRxl90XQhW1pMg&oe=6A395877&_nc_sid=201bca",
        "IMAGE_ORIGINAL_URL": "https://scontent-bos5-1.xx.fbcdn.net/m1/v/t6/An_KLAXNDL5-PKlElC-QGqn4K_VXb5ph3oOhQW4GB27terQokNU2Kce8vCdjBasBaVIC96ZHCYjyEjXN1cyPvz9VoCtShNnDT3hVfOWp7AtUNnW2Cv8cSn0-XTJuCUNyH-RhxowyWI_gGxaEcX-B2g?edm=AOnQwmMEAAAA&_nc_gid=yjxU2sOzwE9vA7IxmIYD1w&_nc_oc=AdpgP5j13lOGTYWSuGzHihr1t-oaCU5hoP0fPH76cofB7Z-QjYmNQkiYCxD--Q4cpeQ&ccb=10-5&oh=00_Af7yGguJ-q7XCzrgJrEoZJQeQNwWxU_k024N51qziWmmNQ&oe=6A395877&_nc_sid=201bca",
        "SOURCE_URL": "https://www.mapillary.com/app/?pKey=225981488858969",
        "SAMPLE_MUNICIPALITY": "Medford",
        "SAMPLE_STREET_NAME": "SALEM STREET",
        "SAMPLE_SEGMENT_ID": 387193,
        "SAMPLE_LAT": 42.4203960274597,
        "SAMPLE_LNG": -71.099851413321
      }
    },
    {
      "type": "Feature",
      "geometry": {
        "type": "Point",
        "coordinates": [
          -71.100240389011,
          42.420220466874
        ]
      },
      "properties": {
        "PROVIDER": "mapillary",
        "IMAGE_ID": "1154912368346705",
        "SEQUENCE_ID": "QzvFPzShD8-Hm6PEJBP7rQ",
        "CAPTURED_AT": 1506972685000,
        "HEADING": 240.93735682087,
        "IMAGE_THUMB_URL": "https://scontent-bos5-1.xx.fbcdn.net/m1/v/t6/An9HynlqZePZo5xHy-z0XSuc9rcTmW5e8jXFSEbwpvCmz0XKWsccMWv-DPP-THNbxtm4kzy3uISb9vl5OQXD2g52pDjb-1m-Gzh6ww4j_AJqPnhfa_T4Mhf3xff4quzF8pWE6Rg_tdt_c7aGCvhOdQ?stp=s256x144&edm=AOnQwmMEAAAA&_nc_gid=yjxU2sOzwE9vA7IxmIYD1w&_nc_oc=Ado8kuehLpkKTMZq7t_i7d6h83u9FFLPQfKhsGiC8OaJX7bJvi7H2JdvqwNy0KUvWVo&ccb=10-5&oh=00_Af77Y6FmJqSBIeXiXXLvTDPnz7wpiEL1wivLgUscT6pl7Q&oe=6A3965AF&_nc_sid=201bca",
        "IMAGE_PREVIEW_URL": "https://scontent-bos5-1.xx.fbcdn.net/m1/v/t6/An9HynlqZePZo5xHy-z0XSuc9rcTmW5e8jXFSEbwpvCmz0XKWsccMWv-DPP-THNbxtm4kzy3uISb9vl5OQXD2g52pDjb-1m-Gzh6ww4j_AJqPnhfa_T4Mhf3xff4quzF8pWE6Rg_tdt_c7aGCvhOdQ?stp=s1024x576&edm=AOnQwmMEAAAA&_nc_gid=yjxU2sOzwE9vA7IxmIYD1w&_nc_oc=Ado8kuehLpkKTMZq7t_i7d6h83u9FFLPQfKhsGiC8OaJX7bJvi7H2JdvqwNy0KUvWVo&ccb=10-5&oh=00_Af5UJqhcQwnx7KcYyYbyDhbIEGNA3IV2eOkFhv4IY0JLPg&oe=6A3965AF&_nc_sid=201bca",
        "IMAGE_ORIGINAL_URL": "https://scontent-bos5-1.xx.fbcdn.net/m1/v/t6/An9HynlqZePZo5xHy-z0XSuc9rcTmW5e8jXFSEbwpvCmz0XKWsccMWv-DPP-THNbxtm4kzy3uISb9vl5OQXD2g52pDjb-1m-Gzh6ww4j_AJqPnhfa_T4Mhf3xff4quzF8pWE6Rg_tdt_c7aGCvhOdQ?edm=AOnQwmMEAAAA&_nc_gid=yjxU2sOzwE9vA7IxmIYD1w&_nc_oc=Ado8kuehLpkKTMZq7t_i7d6h83u9FFLPQfKhsGiC8OaJX7bJvi7H2JdvqwNy0KUvWVo&ccb=10-5&oh=00_Af7VaI68WRBC7rlXNOFsu0yksBXWskjJiEkVDcv1a7g8WA&oe=6A3965AF&_nc_sid=201bca",
        "SOURCE_URL": "https://www.mapillary.com/app/?pKey=1154912368346705",
        "SAMPLE_MUNICIPALITY": "Medford",
        "SAMPLE_STREET_NAME": "SALEM STREET",
        "SAMPLE_SEGMENT_ID": 387193,
        "SAMPLE_LAT": 42.4203960274597,
        "SAMPLE_LNG": -71.099851413321
      }
    },
    {
      "type": "Feature",
      "geometry": {
        "type": "Point",
        "coordinates": [
          -71.09959914812,
          42.420493041759
        ]
      },
      "properties": {
        "PROVIDER": "mapillary",
        "IMAGE_ID": "2533410803620999",
        "SEQUENCE_ID": "QzvFPzShD8-Hm6PEJBP7rQ",
        "CAPTURED_AT": 1506972680000,
        "HEADING": 241.549035401,
        "IMAGE_THUMB_URL": "https://scontent-bos5-1.xx.fbcdn.net/m1/v/t6/An-XqyzxGaOvNU2Mtd5TGpPfOxT-80mJF3mk9cJTLskDG7cmhsnTF9Mdp0NX85z07TJGkX5SAaVkj74aPTXf8JI8sDWJVp-y3vS6kopKhdaiUEM1JsNvNyZvWTN2P-9-RHHw_yg_J4kDZDFxe4xg1A?stp=s256x144&edm=AOnQwmMEAAAA&_nc_gid=yjxU2sOzwE9vA7IxmIYD1w&_nc_oc=AdrQOX9DsoszSJlk4ZoHX9YCX7HSEf1Dwb_oAApEkadHL0YJNVQjRIIcjhdjSPuzb8E&ccb=10-6&oh=00_Af4tYHZdRatdFTe4hQLJBZdXwAAblzTMY4NE8GM4Ts_2fg&oe=6A395FF7&_nc_sid=201bca",
        "IMAGE_PREVIEW_URL": "https://scontent-bos5-1.xx.fbcdn.net/m1/v/t6/An-XqyzxGaOvNU2Mtd5TGpPfOxT-80mJF3mk9cJTLskDG7cmhsnTF9Mdp0NX85z07TJGkX5SAaVkj74aPTXf8JI8sDWJVp-y3vS6kopKhdaiUEM1JsNvNyZvWTN2P-9-RHHw_yg_J4kDZDFxe4xg1A?stp=s1024x576&edm=AOnQwmMEAAAA&_nc_gid=yjxU2sOzwE9vA7IxmIYD1w&_nc_oc=AdrQOX9DsoszSJlk4ZoHX9YCX7HSEf1Dwb_oAApEkadHL0YJNVQjRIIcjhdjSPuzb8E&ccb=10-6&oh=00_Af6P-MMZWRWyUWknaPE3VIPBDUa8AepTfx4AWSUa02rVuw&oe=6A395FF7&_nc_sid=201bca",
        "IMAGE_ORIGINAL_URL": "https://scontent-bos5-1.xx.fbcdn.net/m1/v/t6/An-XqyzxGaOvNU2Mtd5TGpPfOxT-80mJF3mk9cJTLskDG7cmhsnTF9Mdp0NX85z07TJGkX5SAaVkj74aPTXf8JI8sDWJVp-y3vS6kopKhdaiUEM1JsNvNyZvWTN2P-9-RHHw_yg_J4kDZDFxe4xg1A?edm=AOnQwmMEAAAA&_nc_gid=yjxU2sOzwE9vA7IxmIYD1w&_nc_oc=AdrQOX9DsoszSJlk4ZoHX9YCX7HSEf1Dwb_oAApEkadHL0YJNVQjRIIcjhdjSPuzb8E&ccb=10-5&oh=00_Af5K8qKH76ZQ79Sj7fgdSuYUvL0kwkhLcMPgUFSlKWoD8w&oe=6A395FF7&_nc_sid=201bca",
        "SOURCE_URL": "https://www.mapillary.com/app/?pKey=2533410803620999",
        "SAMPLE_MUNICIPALITY": "Medford",
        "SAMPLE_STREET_NAME": "SALEM STREET",
        "SAMPLE_SEGMENT_ID": 387193,
        "SAMPLE_LAT": 42.4203960274597,
        "SAMPLE_LNG": -71.099851413321
      }
    },
    {
      "type": "Feature",
      "geometry": {
        "type": "Point",
        "coordinates": [
          -71.099845234296,
          42.420388997515
        ]
      },
      "properties": {
        "PROVIDER": "mapillary",
        "IMAGE_ID": "219020883003455",
        "SEQUENCE_ID": "QzvFPzShD8-Hm6PEJBP7rQ",
        "CAPTURED_AT": 1506972681900,
        "HEADING": 239.20370708795,
        "IMAGE_THUMB_URL": "https://scontent-bos5-1.xx.fbcdn.net/m1/v/t6/An9P3d1U67FU7gM0FVeyJwxGi4d66npjuaJNWCzd48EBE-yWKdeWXA-kv_rxrmjJknT4iv-qFi5hH6qU70zUPOkGy_nm_JPO_9PNrnUVCmgzCwr6Vd-kmJv-HH_w23gUbdLb7Zu-TMIDvMGoZw2YUQ?stp=s256x144&edm=AOnQwmMEAAAA&_nc_gid=yjxU2sOzwE9vA7IxmIYD1w&_nc_oc=Adr_ql3xZq4pWVoxqmb5atlnUy-_El_GoyAeoRDhe0m5eY3Zd1Tn0SbGBCmA-jQV_a4&ccb=10-5&oh=00_Af4q26bXljDxGU3mOlOkK19M-aM7sYVV27D_LReM2wRWxg&oe=6A394154&_nc_sid=201bca",
        "IMAGE_PREVIEW_URL": "https://scontent-bos5-1.xx.fbcdn.net/m1/v/t6/An9P3d1U67FU7gM0FVeyJwxGi4d66npjuaJNWCzd48EBE-yWKdeWXA-kv_rxrmjJknT4iv-qFi5hH6qU70zUPOkGy_nm_JPO_9PNrnUVCmgzCwr6Vd-kmJv-HH_w23gUbdLb7Zu-TMIDvMGoZw2YUQ?stp=s1024x576&edm=AOnQwmMEAAAA&_nc_gid=yjxU2sOzwE9vA7IxmIYD1w&_nc_oc=Adr_ql3xZq4pWVoxqmb5atlnUy-_El_GoyAeoRDhe0m5eY3Zd1Tn0SbGBCmA-jQV_a4&ccb=10-6&oh=00_Af6MIv9gPVxxyFmHNcq7QSlJdAKxKTC9lROkJHCMI7QvLw&oe=6A394154&_nc_sid=201bca",
        "IMAGE_ORIGINAL_URL": "https://scontent-bos5-1.xx.fbcdn.net/m1/v/t6/An9P3d1U67FU7gM0FVeyJwxGi4d66npjuaJNWCzd48EBE-yWKdeWXA-kv_rxrmjJknT4iv-qFi5hH6qU70zUPOkGy_nm_JPO_9PNrnUVCmgzCwr6Vd-kmJv-HH_w23gUbdLb7Zu-TMIDvMGoZw2YUQ?edm=AOnQwmMEAAAA&_nc_gid=yjxU2sOzwE9vA7IxmIYD1w&_nc_oc=Adr_ql3xZq4pWVoxqmb5atlnUy-_El_GoyAeoRDhe0m5eY3Zd1Tn0SbGBCmA-jQV_a4&ccb=10-5&oh=00_Af7TPw8Mr2ZEmzU4of-2oaT6zIZUof1uqeFcFZnrnjj49w&oe=6A394154&_nc_sid=201bca",
        "SOURCE_URL": "https://www.mapillary.com/app/?pKey=219020883003455",
        "SAMPLE_MUNICIPALITY": "Medford",
        "SAMPLE_STREET_NAME": "SALEM STREET",
        "SAMPLE_SEGMENT_ID": 387193,
        "SAMPLE_LAT": 42.4203960274597,
        "SAMPLE_LNG": -71.099851413321
      }
    },
    {
      "type": "Feature",
      "geometry": {
        "type": "Point",
        "coordinates": [
          -71.100190450671,
          42.420241897888
        ]
      },
      "properties": {
        "PROVIDER": "mapillary",
        "IMAGE_ID": "149799363820594",
        "SEQUENCE_ID": "QzvFPzShD8-Hm6PEJBP7rQ",
        "CAPTURED_AT": 1506972684600,
        "HEADING": 238.7836395531,
        "IMAGE_THUMB_URL": "https://scontent-bos5-1.xx.fbcdn.net/m1/v/t6/An8CByqfuhO9kQYyKWEuX3TSmhBoFLdX9LYNfa14DF4S60W_XAXy2Hk4lFxmRUacmqNTlXt3LhhpVv7mggCRec618ox1BsFRVUEUQ2wvfdWxBuScHdyxfqgs7YVu7gjqLUXsrL3wxPx35JGD6bkjjw?stp=s256x144&edm=AOnQwmMEAAAA&_nc_gid=yjxU2sOzwE9vA7IxmIYD1w&_nc_oc=AdrjdId5jiHZpANA25xcNwsnlu-w7LSN791nfKn55lCETUldRYigCG5WqyhLlvT0u9Y&ccb=10-5&oh=00_Af5YIwpnTzoLvXklZGdeHO9BdY-4WcU5L_FHihCG6jBzoA&oe=6A3944EC&_nc_sid=201bca",
        "IMAGE_PREVIEW_URL": "https://scontent-bos5-1.xx.fbcdn.net/m1/v/t6/An8CByqfuhO9kQYyKWEuX3TSmhBoFLdX9LYNfa14DF4S60W_XAXy2Hk4lFxmRUacmqNTlXt3LhhpVv7mggCRec618ox1BsFRVUEUQ2wvfdWxBuScHdyxfqgs7YVu7gjqLUXsrL3wxPx35JGD6bkjjw?stp=s1024x576&edm=AOnQwmMEAAAA&_nc_gid=yjxU2sOzwE9vA7IxmIYD1w&_nc_oc=AdrjdId5jiHZpANA25xcNwsnlu-w7LSN791nfKn55lCETUldRYigCG5WqyhLlvT0u9Y&ccb=10-5&oh=00_Af6LhtWjxg4tUqC5mlGpQ7wb8TL9nW-BZfBQXrcNvDcfCg&oe=6A3944EC&_nc_sid=201bca",
        "IMAGE_ORIGINAL_URL": "https://scontent-bos5-1.xx.fbcdn.net/m1/v/t6/An8CByqfuhO9kQYyKWEuX3TSmhBoFLdX9LYNfa14DF4S60W_XAXy2Hk4lFxmRUacmqNTlXt3LhhpVv7mggCRec618ox1BsFRVUEUQ2wvfdWxBuScHdyxfqgs7YVu7gjqLUXsrL3wxPx35JGD6bkjjw?edm=AOnQwmMEAAAA&_nc_gid=yjxU2sOzwE9vA7IxmIYD1w&_nc_oc=AdrjdId5jiHZpANA25xcNwsnlu-w7LSN791nfKn55lCETUldRYigCG5WqyhLlvT0u9Y&ccb=10-5&oh=00_Af6dJyPeWycBXG7PU6Z8VaVMOF9nvErvNelRYb-tv_othg&oe=6A3944EC&_nc_sid=201bca",
        "SOURCE_URL": "https://www.mapillary.com/app/?pKey=149799363820594",
        "SAMPLE_MUNICIPALITY": "Medford",
        "SAMPLE_STREET_NAME": "SALEM STREET",
        "SAMPLE_SEGMENT_ID": 387193,
        "SAMPLE_LAT": 42.4203960274597,
        "SAMPLE_LNG": -71.099851413321
      }
    },
    {
      "type": "Feature",
      "geometry": {
        "type": "Point",
        "coordinates": [
          -71.09970282707,
          42.420449190559
        ]
      },
      "properties": {
        "PROVIDER": "mapillary",
        "IMAGE_ID": "206804051050334",
        "SEQUENCE_ID": "QzvFPzShD8-Hm6PEJBP7rQ",
        "CAPTURED_AT": 1506972680800,
        "HEADING": 241.54899735847,
        "IMAGE_THUMB_URL": "https://scontent-bos5-1.xx.fbcdn.net/m1/v/t6/An_pu7T5_sPv67ZjKVERH1MpIdkrP4jBMi2ICXrKpILr9olGIbI0TnGxaEog3NywxAqdtfaeHpxENct4R2MxF6EyZf-7EME6um7IZ-vJQqXHDjYpT5E7y3ctYVQMBLi0ZexVR7Pr1Z1WW7JgaSHERpM?stp=s256x144&edm=AOnQwmMEAAAA&_nc_gid=yjxU2sOzwE9vA7IxmIYD1w&_nc_oc=AdoizxJnWaGQDG04d73ATVci-MpQBE2OlrGirAA45lpJFXqpKN-XabFzpHgy2rzOoYw&ccb=10-5&oh=00_Af6MGz9gK05eqPIro_zs407ogkfahjSPgjRsp8kW-HJLdQ&oe=6A3938E7&_nc_sid=201bca",
        "IMAGE_PREVIEW_URL": "https://scontent-bos5-1.xx.fbcdn.net/m1/v/t6/An_pu7T5_sPv67ZjKVERH1MpIdkrP4jBMi2ICXrKpILr9olGIbI0TnGxaEog3NywxAqdtfaeHpxENct4R2MxF6EyZf-7EME6um7IZ-vJQqXHDjYpT5E7y3ctYVQMBLi0ZexVR7Pr1Z1WW7JgaSHERpM?stp=s1024x576&edm=AOnQwmMEAAAA&_nc_gid=yjxU2sOzwE9vA7IxmIYD1w&_nc_oc=AdoizxJnWaGQDG04d73ATVci-MpQBE2OlrGirAA45lpJFXqpKN-XabFzpHgy2rzOoYw&ccb=10-5&oh=00_Af7l_ovQGYpipdsWmz9zkzTLznhjgDyK6ZsC8sTX4QUYPA&oe=6A3938E7&_nc_sid=201bca",
        "IMAGE_ORIGINAL_URL": "https://scontent-bos5-1.xx.fbcdn.net/m1/v/t6/An_pu7T5_sPv67ZjKVERH1MpIdkrP4jBMi2ICXrKpILr9olGIbI0TnGxaEog3NywxAqdtfaeHpxENct4R2MxF6EyZf-7EME6um7IZ-vJQqXHDjYpT5E7y3ctYVQMBLi0ZexVR7Pr1Z1WW7JgaSHERpM?edm=AOnQwmMEAAAA&_nc_gid=yjxU2sOzwE9vA7IxmIYD1w&_nc_oc=AdoizxJnWaGQDG04d73ATVci-MpQBE2OlrGirAA45lpJFXqpKN-XabFzpHgy2rzOoYw&ccb=10-5&oh=00_Af67OJoy9TIiA0tK-suscAdJjVaxr4YVImINQ7XaAoZd1Q&oe=6A3938E7&_nc_sid=201bca",
        "SOURCE_URL": "https://www.mapillary.com/app/?pKey=206804051050334",
        "SAMPLE_MUNICIPALITY": "Medford",
        "SAMPLE_STREET_NAME": "SALEM STREET",
        "SAMPLE_SEGMENT_ID": 387193,
        "SAMPLE_LAT": 42.4203960274597,
        "SAMPLE_LNG": -71.099851413321
      }
    },
    {
      "type": "Feature",
      "geometry": {
        "type": "Point",
        "coordinates": [
          -71.100607591196,
          42.420061413961
        ]
      },
      "properties": {
        "PROVIDER": "mapillary",
        "IMAGE_ID": "301490948289810",
        "SEQUENCE_ID": "QzvFPzShD8-Hm6PEJBP7rQ",
        "CAPTURED_AT": 1506972688000,
        "HEADING": 240.55869697019,
        "IMAGE_THUMB_URL": "https://scontent-bos5-1.xx.fbcdn.net/m1/v/t6/An9tkwU9_u_6wFzzuveZNGZs8yXnD_AkuaIYYXbgx77emCi_fa5Ee3g9Y0aT-zYHKLswP43O9Ent5vofPqmEoB3c2p7orXlnzfxxQBUMTi9m9rgyuFG1BByHJPFhKrmDU7TifkKcgEkmpuEZfrk12Q?stp=s256x144&edm=AOnQwmMEAAAA&_nc_gid=yjxU2sOzwE9vA7IxmIYD1w&_nc_oc=Adoo--AooV-VMdysRwhDE7Rccp1WLd2JZ5_z7D6EsWjQqHUTusHYHvCiKr2FCzgm8Gg&ccb=10-5&oh=00_Af50t29GssGKIySP_SXuXTW_VJ1n2P_RyU5GmuZ9hI3c0g&oe=6A39505E&_nc_sid=201bca",
        "IMAGE_PREVIEW_URL": "https://scontent-bos5-1.xx.fbcdn.net/m1/v/t6/An9tkwU9_u_6wFzzuveZNGZs8yXnD_AkuaIYYXbgx77emCi_fa5Ee3g9Y0aT-zYHKLswP43O9Ent5vofPqmEoB3c2p7orXlnzfxxQBUMTi9m9rgyuFG1BByHJPFhKrmDU7TifkKcgEkmpuEZfrk12Q?stp=s1024x576&edm=AOnQwmMEAAAA&_nc_gid=yjxU2sOzwE9vA7IxmIYD1w&_nc_oc=Adoo--AooV-VMdysRwhDE7Rccp1WLd2JZ5_z7D6EsWjQqHUTusHYHvCiKr2FCzgm8Gg&ccb=10-5&oh=00_Af42drMLX94aavMqvGD8n2lYSa8HgldJyCswSAmu62f3DA&oe=6A39505E&_nc_sid=201bca",
        "IMAGE_ORIGINAL_URL": "https://scontent-bos5-1.xx.fbcdn.net/m1/v/t6/An9tkwU9_u_6wFzzuveZNGZs8yXnD_AkuaIYYXbgx77emCi_fa5Ee3g9Y0aT-zYHKLswP43O9Ent5vofPqmEoB3c2p7orXlnzfxxQBUMTi9m9rgyuFG1BByHJPFhKrmDU7TifkKcgEkmpuEZfrk12Q?edm=AOnQwmMEAAAA&_nc_gid=yjxU2sOzwE9vA7IxmIYD1w&_nc_oc=Adoo--AooV-VMdysRwhDE7Rccp1WLd2JZ5_z7D6EsWjQqHUTusHYHvCiKr2FCzgm8Gg&ccb=10-5&oh=00_Af4tS9_nZMcCJU9G-eycCyfzxMHDInFBIsg0HdqGFdj0qQ&oe=6A39505E&_nc_sid=201bca",
        "SOURCE_URL": "https://www.mapillary.com/app/?pKey=301490948289810",
        "SAMPLE_MUNICIPALITY": "Medford",
        "SAMPLE_STREET_NAME": "SALEM STREET",
        "SAMPLE_SEGMENT_ID": 387193,
        "SAMPLE_LAT": 42.4203960274597,
        "SAMPLE_LNG": -71.099851413321
      }
    },
    {
      "type": "Feature",
      "geometry": {
        "type": "Point",
        "coordinates": [
          -71.099585920684,
          42.420498590285
        ]
      },
      "properties": {
        "PROVIDER": "mapillary",
        "IMAGE_ID": "176453394264297",
        "SEQUENCE_ID": "QzvFPzShD8-Hm6PEJBP7rQ",
        "CAPTURED_AT": 1506972679900,
        "HEADING": 240.42612588364,
        "IMAGE_THUMB_URL": "https://scontent-bos5-1.xx.fbcdn.net/m1/v/t6/An8LkyXej19AlRmf8gc2L7oZGKvFjInN4huBZeIsmEO2mXbkt-ccpOLimoVdx9IySVbXAWD_m3SgP03OtMEKvzfCqkV9VNw9fouUab5h6r-y7gPevcN25JgRCK45Q8fMdktCHH2JTEJSWmVCUzi8-A?stp=s256x144&edm=AOnQwmMEAAAA&_nc_gid=yjxU2sOzwE9vA7IxmIYD1w&_nc_oc=AdpdIx8HZ_S-loK9506BHToAp1pTh87Qwk_2komXKDrypgy428w1dtcuWES6v88Dsok&ccb=10-5&oh=00_Af5mrFz0EzHyHpRA0Gx-8IcuUgqLuBLv8p_9jJmI0L2DBw&oe=6A3953EB&_nc_sid=201bca",
        "IMAGE_PREVIEW_URL": "https://scontent-bos5-1.xx.fbcdn.net/m1/v/t6/An8LkyXej19AlRmf8gc2L7oZGKvFjInN4huBZeIsmEO2mXbkt-ccpOLimoVdx9IySVbXAWD_m3SgP03OtMEKvzfCqkV9VNw9fouUab5h6r-y7gPevcN25JgRCK45Q8fMdktCHH2JTEJSWmVCUzi8-A?stp=s1024x576&edm=AOnQwmMEAAAA&_nc_gid=yjxU2sOzwE9vA7IxmIYD1w&_nc_oc=AdpdIx8HZ_S-loK9506BHToAp1pTh87Qwk_2komXKDrypgy428w1dtcuWES6v88Dsok&ccb=10-5&oh=00_Af4FsTMpW85S3AY6yE-DM0TNq3m5RWKjRpbeZzdFBZRNLg&oe=6A3953EB&_nc_sid=201bca",
        "IMAGE_ORIGINAL_URL": "https://scontent-bos5-1.xx.fbcdn.net/m1/v/t6/An8LkyXej19AlRmf8gc2L7oZGKvFjInN4huBZeIsmEO2mXbkt-ccpOLimoVdx9IySVbXAWD_m3SgP03OtMEKvzfCqkV9VNw9fouUab5h6r-y7gPevcN25JgRCK45Q8fMdktCHH2JTEJSWmVCUzi8-A?edm=AOnQwmMEAAAA&_nc_gid=yjxU2sOzwE9vA7IxmIYD1w&_nc_oc=AdpdIx8HZ_S-loK9506BHToAp1pTh87Qwk_2komXKDrypgy428w1dtcuWES6v88Dsok&ccb=10-5&oh=00_Af7tSYWwlTpnexMPwoMQWjVmqI97no8shpM_woDGxONBzA&oe=6A3953EB&_nc_sid=201bca",
        "SOURCE_URL": "https://www.mapillary.com/app/?pKey=176453394264297",
        "SAMPLE_MUNICIPALITY": "Medford",
        "SAMPLE_STREET_NAME": "SALEM STREET",
        "SAMPLE_SEGMENT_ID": 387193,
        "SAMPLE_LAT": 42.4203960274597,
        "SAMPLE_LNG": -71.099851413321
      }
    },
    {
      "type": "Feature",
      "geometry": {
        "type": "Point",
        "coordinates": [
          -71.099935359835,
          42.420350927283
        ]
      },
      "properties": {
        "PROVIDER": "mapillary",
        "IMAGE_ID": "259906112526024",
        "SEQUENCE_ID": "QzvFPzShD8-Hm6PEJBP7rQ",
        "CAPTURED_AT": 1506972682600,
        "HEADING": 238.78359365426,
        "IMAGE_THUMB_URL": "https://scontent-bos5-1.xx.fbcdn.net/m1/v/t6/An-mFhMVa4RT-TT3SS89iWvuf3_xS1c5zKJ_3J5znIyg1UADN-X5FhpN7GWSXMmrni77FufHisOgE15VOEtSfjYTcpNeWS-F3_bVKythjPS2J-mjLlBCWD5cRlbIkfLWcwQTANyGHM-wHfZqi9_f_rY?stp=s256x144&edm=AOnQwmMEAAAA&_nc_gid=yjxU2sOzwE9vA7IxmIYD1w&_nc_oc=AdoAhxNGW6R3jw3zLs5mDkzNiF44noWc84CxRuuYZslV70h2wEK6VOpgHcJsVjca0pU&ccb=10-5&oh=00_Af50Xh7qxQseLSXWX4ZerISnfVFHA3pPmg5O2Ic1hyWIQg&oe=6A39521A&_nc_sid=201bca",
        "IMAGE_PREVIEW_URL": "https://scontent-bos5-1.xx.fbcdn.net/m1/v/t6/An-mFhMVa4RT-TT3SS89iWvuf3_xS1c5zKJ_3J5znIyg1UADN-X5FhpN7GWSXMmrni77FufHisOgE15VOEtSfjYTcpNeWS-F3_bVKythjPS2J-mjLlBCWD5cRlbIkfLWcwQTANyGHM-wHfZqi9_f_rY?stp=s1024x576&edm=AOnQwmMEAAAA&_nc_gid=yjxU2sOzwE9vA7IxmIYD1w&_nc_oc=AdoAhxNGW6R3jw3zLs5mDkzNiF44noWc84CxRuuYZslV70h2wEK6VOpgHcJsVjca0pU&ccb=10-5&oh=00_Af4au1CicfEWmbKVEG32xMZR2wtMfPpRN7tZXIwqhtoWQw&oe=6A39521A&_nc_sid=201bca",
        "IMAGE_ORIGINAL_URL": "https://scontent-bos5-1.xx.fbcdn.net/m1/v/t6/An-mFhMVa4RT-TT3SS89iWvuf3_xS1c5zKJ_3J5znIyg1UADN-X5FhpN7GWSXMmrni77FufHisOgE15VOEtSfjYTcpNeWS-F3_bVKythjPS2J-mjLlBCWD5cRlbIkfLWcwQTANyGHM-wHfZqi9_f_rY?edm=AOnQwmMEAAAA&_nc_gid=yjxU2sOzwE9vA7IxmIYD1w&_nc_oc=AdoAhxNGW6R3jw3zLs5mDkzNiF44noWc84CxRuuYZslV70h2wEK6VOpgHcJsVjca0pU&ccb=10-6&oh=00_Af5V7NEPdhLLuQuiI-A7Zuv3c2Po1MF7Gxm8HJSEsny0cw&oe=6A39521A&_nc_sid=201bca",
        "SOURCE_URL": "https://www.mapillary.com/app/?pKey=259906112526024",
        "SAMPLE_MUNICIPALITY": "Medford",
        "SAMPLE_STREET_NAME": "SALEM STREET",
        "SAMPLE_SEGMENT_ID": 387193,
        "SAMPLE_LAT": 42.4203960274597,
        "SAMPLE_LNG": -71.099851413321
      }
    },
    {
      "type": "Feature",
      "geometry": {
        "type": "Point",
        "coordinates": [
          -71.099767491462,
          42.420421908189
        ]
      },
      "properties": {
        "PROVIDER": "mapillary",
        "IMAGE_ID": "170505301544710",
        "SEQUENCE_ID": "QzvFPzShD8-Hm6PEJBP7rQ",
        "CAPTURED_AT": 1506972681300,
        "HEADING": 239.20369381153,
        "IMAGE_THUMB_URL": "https://scontent-bos5-1.xx.fbcdn.net/m1/v/t6/An8z7gR5J3Dw-AOx4vUcgUM2q9WZrJ3T9qcTOmSs3oJ0CvGP1ZMkKaaxkAV8gESviGcxsZFY_jrkJ0nf7Ht6CE7o9peHSUa1FQL2j1bD6E9AAJfzPf8eOfnzBDbvp0RjNyO6Iqy6U8UEl9-z1Smz0g?stp=s256x144&edm=AOnQwmMEAAAA&_nc_gid=yjxU2sOzwE9vA7IxmIYD1w&_nc_oc=AdpvyHgIWZpm5j1Ab2Ckb5ebuybd4P3LI37jh9RPImYLwtMv5UKCa-a0mwnfiPQrwjI&ccb=10-5&oh=00_Af6nxzU6aPFwm1y6pUnFOAnE6c1AlgMLbfilsBX_JT9vtQ&oe=6A3963F3&_nc_sid=201bca",
        "IMAGE_PREVIEW_URL": "https://scontent-bos5-1.xx.fbcdn.net/m1/v/t6/An8z7gR5J3Dw-AOx4vUcgUM2q9WZrJ3T9qcTOmSs3oJ0CvGP1ZMkKaaxkAV8gESviGcxsZFY_jrkJ0nf7Ht6CE7o9peHSUa1FQL2j1bD6E9AAJfzPf8eOfnzBDbvp0RjNyO6Iqy6U8UEl9-z1Smz0g?stp=s1024x576&edm=AOnQwmMEAAAA&_nc_gid=yjxU2sOzwE9vA7IxmIYD1w&_nc_oc=AdpvyHgIWZpm5j1Ab2Ckb5ebuybd4P3LI37jh9RPImYLwtMv5UKCa-a0mwnfiPQrwjI&ccb=10-5&oh=00_Af74J3BjOR0xX9kheOWjWDsLf0L4HswvGkdxwbjqgg7ayA&oe=6A3963F3&_nc_sid=201bca",
        "IMAGE_ORIGINAL_URL": "https://scontent-bos5-1.xx.fbcdn.net/m1/v/t6/An8z7gR5J3Dw-AOx4vUcgUM2q9WZrJ3T9qcTOmSs3oJ0CvGP1ZMkKaaxkAV8gESviGcxsZFY_jrkJ0nf7Ht6CE7o9peHSUa1FQL2j1bD6E9AAJfzPf8eOfnzBDbvp0RjNyO6Iqy6U8UEl9-z1Smz0g?edm=AOnQwmMEAAAA&_nc_gid=yjxU2sOzwE9vA7IxmIYD1w&_nc_oc=AdpvyHgIWZpm5j1Ab2Ckb5ebuybd4P3LI37jh9RPImYLwtMv5UKCa-a0mwnfiPQrwjI&ccb=10-5&oh=00_Af7HDLYfdY_gdZ1pbMccBVu7zBaO0P9K8UaVksRXpbWUGA&oe=6A3963F3&_nc_sid=201bca",
        "SOURCE_URL": "https://www.mapillary.com/app/?pKey=170505301544710",
        "SAMPLE_MUNICIPALITY": "Medford",
        "SAMPLE_STREET_NAME": "SALEM STREET",
        "SAMPLE_SEGMENT_ID": 387193,
        "SAMPLE_LAT": 42.4203960274597,
        "SAMPLE_LNG": -71.099851413321
      }
    },
    {
      "type": "Feature",
      "geometry": {
        "type": "Point",
        "coordinates": [
          -71.099909698482,
          42.420362031821
        ]
      },
      "properties": {
        "PROVIDER": "mapillary",
        "IMAGE_ID": "2957111781277587",
        "SEQUENCE_ID": "QzvFPzShD8-Hm6PEJBP7rQ",
        "CAPTURED_AT": 1506972682400,
        "HEADING": 238.78358908957,
        "IMAGE_THUMB_URL": "https://scontent-bos5-1.xx.fbcdn.net/m1/v/t6/An_wtGXePe63gNsq0QRZRrkhdrLfKwd3YidEVhHxBFWhcRTnGEWEkZDKPpJZBGBEES9i0Y8o68yeZxQDD0gzP0Ewiu_CXRnNV9RfbehRDaAgmtWXD2xTcgEJhILgQhHOcvggGKulBoCQxcxvkCGw3Q?stp=s256x144&edm=AOnQwmMEAAAA&_nc_gid=yjxU2sOzwE9vA7IxmIYD1w&_nc_oc=AdoWM1gEZV574h2b_v93-O_AuX9jGacBpfecQsy3I19__pHuZ8EK3L9gmvHESBySxy0&ccb=10-6&oh=00_Af71f0FuQ_01n0SOnPp_VYL_Dx6iqpUYr4ZzM7lOCxuhBg&oe=6A394764&_nc_sid=201bca",
        "IMAGE_PREVIEW_URL": "https://scontent-bos5-1.xx.fbcdn.net/m1/v/t6/An_wtGXePe63gNsq0QRZRrkhdrLfKwd3YidEVhHxBFWhcRTnGEWEkZDKPpJZBGBEES9i0Y8o68yeZxQDD0gzP0Ewiu_CXRnNV9RfbehRDaAgmtWXD2xTcgEJhILgQhHOcvggGKulBoCQxcxvkCGw3Q?stp=s1024x576&edm=AOnQwmMEAAAA&_nc_gid=yjxU2sOzwE9vA7IxmIYD1w&_nc_oc=AdoWM1gEZV574h2b_v93-O_AuX9jGacBpfecQsy3I19__pHuZ8EK3L9gmvHESBySxy0&ccb=10-5&oh=00_Af6IybXJj_s11VnQpL8amXTi1Q_uvjCrIsqCVAanT7-zGg&oe=6A394764&_nc_sid=201bca",
        "IMAGE_ORIGINAL_URL": "https://scontent-bos5-1.xx.fbcdn.net/m1/v/t6/An_wtGXePe63gNsq0QRZRrkhdrLfKwd3YidEVhHxBFWhcRTnGEWEkZDKPpJZBGBEES9i0Y8o68yeZxQDD0gzP0Ewiu_CXRnNV9RfbehRDaAgmtWXD2xTcgEJhILgQhHOcvggGKulBoCQxcxvkCGw3Q?edm=AOnQwmMEAAAA&_nc_gid=yjxU2sOzwE9vA7IxmIYD1w&_nc_oc=AdoWM1gEZV574h2b_v93-O_AuX9jGacBpfecQsy3I19__pHuZ8EK3L9gmvHESBySxy0&ccb=10-5&oh=00_Af7LP6q4y0lDs8h_3Tct-Hpu3lq8c8Od8sfwDe_dQWM-7A&oe=6A394764&_nc_sid=201bca",
        "SOURCE_URL": "https://www.mapillary.com/app/?pKey=2957111781277587",
        "SAMPLE_MUNICIPALITY": "Medford",
        "SAMPLE_STREET_NAME": "SALEM STREET",
        "SAMPLE_SEGMENT_ID": 387193,
        "SAMPLE_LAT": 42.4203960274597,
        "SAMPLE_LNG": -71.099851413321
      }
    },
    {
      "type": "Feature",
      "geometry": {
        "type": "Point",
        "coordinates": [
          -71.099896671341,
          42.420367254692
        ]
      },
      "properties": {
        "PROVIDER": "mapillary",
        "IMAGE_ID": "2900833176837184",
        "SEQUENCE_ID": "QzvFPzShD8-Hm6PEJBP7rQ",
        "CAPTURED_AT": 1506972682300,
        "HEADING": 238.78358676896,
        "IMAGE_THUMB_URL": "https://scontent-bos5-1.xx.fbcdn.net/m1/v/t6/An-WeBpUQF-laCkJZGcSeEQRnS59BK9zNKKjl1pt1ejbeE2hYQbiniC7t3BpUItyz_WHzhXCUfRoSTeuVbk_qYnWxsyt6DvULaRGwav8hexFX3bQZHK7pBYsx_a97M_oiGl5y5Jiz4SWUDltAD5_GA?stp=s256x144&edm=AOnQwmMEAAAA&_nc_gid=yjxU2sOzwE9vA7IxmIYD1w&_nc_oc=AdqfgML7FSs7aqiyst3BHUKHT5XhRchiCOIRhGGNAXDKrKcTuShh2_E67herbisQCvg&ccb=10-5&oh=00_Af6fC9ITveQtiryu-xArUj5gDfpsAfGZ4-8tqB69XDKXrg&oe=6A3934C3&_nc_sid=201bca",
        "IMAGE_PREVIEW_URL": "https://scontent-bos5-1.xx.fbcdn.net/m1/v/t6/An-WeBpUQF-laCkJZGcSeEQRnS59BK9zNKKjl1pt1ejbeE2hYQbiniC7t3BpUItyz_WHzhXCUfRoSTeuVbk_qYnWxsyt6DvULaRGwav8hexFX3bQZHK7pBYsx_a97M_oiGl5y5Jiz4SWUDltAD5_GA?stp=s1024x576&edm=AOnQwmMEAAAA&_nc_gid=yjxU2sOzwE9vA7IxmIYD1w&_nc_oc=AdqfgML7FSs7aqiyst3BHUKHT5XhRchiCOIRhGGNAXDKrKcTuShh2_E67herbisQCvg&ccb=10-5&oh=00_Af65Q4lMlVvNg3zyaYSP16SPjAReRlpYsFGsxvtlUmglnA&oe=6A3934C3&_nc_sid=201bca",
        "IMAGE_ORIGINAL_URL": "https://scontent-bos5-1.xx.fbcdn.net/m1/v/t6/An-WeBpUQF-laCkJZGcSeEQRnS59BK9zNKKjl1pt1ejbeE2hYQbiniC7t3BpUItyz_WHzhXCUfRoSTeuVbk_qYnWxsyt6DvULaRGwav8hexFX3bQZHK7pBYsx_a97M_oiGl5y5Jiz4SWUDltAD5_GA?edm=AOnQwmMEAAAA&_nc_gid=yjxU2sOzwE9vA7IxmIYD1w&_nc_oc=AdqfgML7FSs7aqiyst3BHUKHT5XhRchiCOIRhGGNAXDKrKcTuShh2_E67herbisQCvg&ccb=10-5&oh=00_Af7f1KabidTDrgbpntx4tLd50a6jfeg6AKoxymYmP2WYjQ&oe=6A3934C3&_nc_sid=201bca",
        "SOURCE_URL": "https://www.mapillary.com/app/?pKey=2900833176837184",
        "SAMPLE_MUNICIPALITY": "Medford",
        "SAMPLE_STREET_NAME": "SALEM STREET",
        "SAMPLE_SEGMENT_ID": 387193,
        "SAMPLE_LAT": 42.4203960274597,
        "SAMPLE_LNG": -71.099851413321
      }
    },
    {
      "type": "Feature",
      "geometry": {
        "type": "Point",
        "coordinates": [
          -71.099715812585,
          42.420443780093
        ]
      },
      "properties": {
        "PROVIDER": "mapillary",
        "IMAGE_ID": "2607542662885393",
        "SEQUENCE_ID": "QzvFPzShD8-Hm6PEJBP7rQ",
        "CAPTURED_AT": 1506972680900,
        "HEADING": 241.54905256995,
        "IMAGE_THUMB_URL": "https://scontent-bos5-1.xx.fbcdn.net/m1/v/t6/An_hM0-qhrG5i11_u2hnwpqpZWf01J_26RXmVkV0pJA4nvEhNiorXbwYAWwhcmjAFz8VXwrC6vQEOFcm_ZaGX7UuHMhWX6hKD78pJrhexzcud5rb5bN6V0hKcJa0GviItGnukaukl0RP6XH73nwNoQ?stp=s256x144&edm=AOnQwmMEAAAA&_nc_gid=yjxU2sOzwE9vA7IxmIYD1w&_nc_oc=AdrxovJSgC_P6tOWeawNKfFsLX07EItpNZur6AN3z8QaeDa3Yc7OiwKY7I5zUBnvM8k&ccb=10-5&oh=00_Af6UeURBZkwnioxK0R4nThbklorWYdMrZOxYG4l4R-ZEnw&oe=6A3938D2&_nc_sid=201bca",
        "IMAGE_PREVIEW_URL": "https://scontent-bos5-1.xx.fbcdn.net/m1/v/t6/An_hM0-qhrG5i11_u2hnwpqpZWf01J_26RXmVkV0pJA4nvEhNiorXbwYAWwhcmjAFz8VXwrC6vQEOFcm_ZaGX7UuHMhWX6hKD78pJrhexzcud5rb5bN6V0hKcJa0GviItGnukaukl0RP6XH73nwNoQ?stp=s1024x576&edm=AOnQwmMEAAAA&_nc_gid=yjxU2sOzwE9vA7IxmIYD1w&_nc_oc=AdrxovJSgC_P6tOWeawNKfFsLX07EItpNZur6AN3z8QaeDa3Yc7OiwKY7I5zUBnvM8k&ccb=10-5&oh=00_Af7fqSxC_rv3ZvEfmUQ5ga5FoyOSYh3dV85pz3e-q7Pe6A&oe=6A3938D2&_nc_sid=201bca",
        "IMAGE_ORIGINAL_URL": "https://scontent-bos5-1.xx.fbcdn.net/m1/v/t6/An_hM0-qhrG5i11_u2hnwpqpZWf01J_26RXmVkV0pJA4nvEhNiorXbwYAWwhcmjAFz8VXwrC6vQEOFcm_ZaGX7UuHMhWX6hKD78pJrhexzcud5rb5bN6V0hKcJa0GviItGnukaukl0RP6XH73nwNoQ?edm=AOnQwmMEAAAA&_nc_gid=yjxU2sOzwE9vA7IxmIYD1w&_nc_oc=AdrxovJSgC_P6tOWeawNKfFsLX07EItpNZur6AN3z8QaeDa3Yc7OiwKY7I5zUBnvM8k&ccb=10-5&oh=00_Af6aTCm6OGSYELGCw9SX9TVHkkdUiuwX7D_t3DunnZ7WXw&oe=6A3938D2&_nc_sid=201bca",
        "SOURCE_URL": "https://www.mapillary.com/app/?pKey=2607542662885393",
        "SAMPLE_MUNICIPALITY": "Medford",
        "SAMPLE_STREET_NAME": "SALEM STREET",
        "SAMPLE_SEGMENT_ID": 387193,
        "SAMPLE_LAT": 42.4203960274597,
        "SAMPLE_LNG": -71.099851413321
      }
    },
    {
      "type": "Feature",
      "geometry": {
        "type": "Point",
        "coordinates": [
          -71.10065500249,
          42.420040613303
        ]
      },
      "properties": {
        "PROVIDER": "mapillary",
        "IMAGE_ID": "1185872038539662",
        "SEQUENCE_ID": "QzvFPzShD8-Hm6PEJBP7rQ",
        "CAPTURED_AT": 1506972688400,
        "HEADING": 240.55856849165,
        "IMAGE_THUMB_URL": "https://scontent-bos5-1.xx.fbcdn.net/m1/v/t6/An9A6rf8zo32o4snb8Eno-2P8aKmCfmGI1wbk0NLnA1Y9EKu03tgFnECO_50Vx3NLrZvpUbnxuc4Np2dWAiNOcRdtdI5KlkEifBfL7vu_kiCNN4y2deU1L3iXPxCorRf_He-EcUCJ5uVoOSfhPLVTg?stp=s256x144&edm=AOnQwmMEAAAA&_nc_gid=L1yxt9sLQNYycwi0tCTjQQ&_nc_oc=AdqCUuAKSF3Jzqf4r5w1vwWmnbVdTkd2VdBfdl9A9ZELWYEzdUvLFbkr1zAkAlTvpG4&ccb=10-5&oh=00_Af73on--wx34nxVoOrypnBP0ZIWZ-DSt7RL_2gX3qwsJ7w&oe=6A395524&_nc_sid=201bca",
        "IMAGE_PREVIEW_URL": "https://scontent-bos5-1.xx.fbcdn.net/m1/v/t6/An9A6rf8zo32o4snb8Eno-2P8aKmCfmGI1wbk0NLnA1Y9EKu03tgFnECO_50Vx3NLrZvpUbnxuc4Np2dWAiNOcRdtdI5KlkEifBfL7vu_kiCNN4y2deU1L3iXPxCorRf_He-EcUCJ5uVoOSfhPLVTg?stp=s1024x576&edm=AOnQwmMEAAAA&_nc_gid=L1yxt9sLQNYycwi0tCTjQQ&_nc_oc=AdqCUuAKSF3Jzqf4r5w1vwWmnbVdTkd2VdBfdl9A9ZELWYEzdUvLFbkr1zAkAlTvpG4&ccb=10-5&oh=00_Af6uZ9Br0uD63imsVbODee8fYdTMCB4uzHTvgzwPAw_6dQ&oe=6A395524&_nc_sid=201bca",
        "IMAGE_ORIGINAL_URL": "https://scontent-bos5-1.xx.fbcdn.net/m1/v/t6/An9A6rf8zo32o4snb8Eno-2P8aKmCfmGI1wbk0NLnA1Y9EKu03tgFnECO_50Vx3NLrZvpUbnxuc4Np2dWAiNOcRdtdI5KlkEifBfL7vu_kiCNN4y2deU1L3iXPxCorRf_He-EcUCJ5uVoOSfhPLVTg?edm=AOnQwmMEAAAA&_nc_gid=L1yxt9sLQNYycwi0tCTjQQ&_nc_oc=AdqCUuAKSF3Jzqf4r5w1vwWmnbVdTkd2VdBfdl9A9ZELWYEzdUvLFbkr1zAkAlTvpG4&ccb=10-5&oh=00_Af7XAbyfSv3Ln6TZUaUWRFpAwBYCbQ2vaJJ-zgf3oVZ0KA&oe=6A395524&_nc_sid=201bca",
        "SOURCE_URL": "https://www.mapillary.com/app/?pKey=1185872038539662",
        "SAMPLE_MUNICIPALITY": "Medford",
        "SAMPLE_STREET_NAME": "SALEM STREET",
        "SAMPLE_SEGMENT_ID": 387194,
        "SAMPLE_LAT": 42.4202220907478,
        "SAMPLE_LNG": -71.1003168999411
      }
    },
    {
      "type": "Feature",
      "geometry": {
        "type": "Point",
        "coordinates": [
          -71.100595688013,
          42.420066619645
        ]
      },
      "properties": {
        "PROVIDER": "mapillary",
        "IMAGE_ID": "336548677889449",
        "SEQUENCE_ID": "QzvFPzShD8-Hm6PEJBP7rQ",
        "CAPTURED_AT": 1506972687900,
        "HEADING": 239.63917914964,
        "IMAGE_THUMB_URL": "https://scontent-bos5-1.xx.fbcdn.net/m1/v/t6/An_okcJ2ap1L2OaCp1AITgI73SC7qBW2MGEiL5WqhQqFGwOQF1dYEkF2dXpH8IYoRjxTkntgTHyxxsb4XyoWp7ITOmHBSbdFFBmT_mmauc--tBedxt6AuyZTOBO-w1lIRF6gb9GRwcqCaqt-VaY5bQ?stp=s256x144&edm=AOnQwmMEAAAA&_nc_gid=L1yxt9sLQNYycwi0tCTjQQ&_nc_oc=Adr7NvWWAiplt9MF6Om2n52hXQ_BpBDLVwQVSN8bIy72_wjEkejwDMB7LmLFBkmI17M&ccb=10-5&oh=00_Af7jDSBGnC-oZ8yHKXT8XWwuOZYNDICeJ1GqW1iSNIWmyA&oe=6A3969C1&_nc_sid=201bca",
        "IMAGE_PREVIEW_URL": "https://scontent-bos5-1.xx.fbcdn.net/m1/v/t6/An_okcJ2ap1L2OaCp1AITgI73SC7qBW2MGEiL5WqhQqFGwOQF1dYEkF2dXpH8IYoRjxTkntgTHyxxsb4XyoWp7ITOmHBSbdFFBmT_mmauc--tBedxt6AuyZTOBO-w1lIRF6gb9GRwcqCaqt-VaY5bQ?stp=s1024x576&edm=AOnQwmMEAAAA&_nc_gid=L1yxt9sLQNYycwi0tCTjQQ&_nc_oc=Adr7NvWWAiplt9MF6Om2n52hXQ_BpBDLVwQVSN8bIy72_wjEkejwDMB7LmLFBkmI17M&ccb=10-5&oh=00_Af6e_ic8-miADQs3YiLh9FkoXLJbY-cCz7R-5e2GWVog-g&oe=6A3969C1&_nc_sid=201bca",
        "IMAGE_ORIGINAL_URL": "https://scontent-bos5-1.xx.fbcdn.net/m1/v/t6/An_okcJ2ap1L2OaCp1AITgI73SC7qBW2MGEiL5WqhQqFGwOQF1dYEkF2dXpH8IYoRjxTkntgTHyxxsb4XyoWp7ITOmHBSbdFFBmT_mmauc--tBedxt6AuyZTOBO-w1lIRF6gb9GRwcqCaqt-VaY5bQ?edm=AOnQwmMEAAAA&_nc_gid=L1yxt9sLQNYycwi0tCTjQQ&_nc_oc=Adr7NvWWAiplt9MF6Om2n52hXQ_BpBDLVwQVSN8bIy72_wjEkejwDMB7LmLFBkmI17M&ccb=10-5&oh=00_Af65YawmkR5zwkIMh0jUDis9SJwFJ_2u-cnD7MKLDyhbRQ&oe=6A3969C1&_nc_sid=201bca",
        "SOURCE_URL": "https://www.mapillary.com/app/?pKey=336548677889449",
        "SAMPLE_MUNICIPALITY": "Medford",
        "SAMPLE_STREET_NAME": "SALEM STREET",
        "SAMPLE_SEGMENT_ID": 387194,
        "SAMPLE_LAT": 42.4202220907478,
        "SAMPLE_LNG": -71.1003168999411
      }
    },
    {
      "type": "Feature",
      "geometry": {
        "type": "Point",
        "coordinates": [
          -71.100523635663,
          42.420097825329
        ]
      },
      "properties": {
        "PROVIDER": "mapillary",
        "IMAGE_ID": "4729534733741164",
        "SEQUENCE_ID": "QzvFPzShD8-Hm6PEJBP7rQ",
        "CAPTURED_AT": 1506972687300,
        "HEADING": 239.63922276255,
        "IMAGE_THUMB_URL": "https://scontent-bos5-1.xx.fbcdn.net/m1/v/t6/An-Q3_6GnTbyZjtBr87BZzIPVsh0QYprMspc09OYP6FzUNZl6ufZwCOwapMaGxrAjyj9PMdT7nRV8Kcfc_7hoHUPeGYQtSFNOQC3qm-xnA8q3i1-x8_d3f6MC3zyZq1pYBaklx56WoA7a7LaDZJ2uA?stp=s256x144&edm=AOnQwmMEAAAA&_nc_gid=L1yxt9sLQNYycwi0tCTjQQ&_nc_oc=AdoPM644tiIJRX2v6DsG6BqKTtg9eiV34yPixoAAIJXkxYx2JajnWMEdCEI9rxwqrL8&ccb=10-5&oh=00_Af6WwZN3G43Tey3Cy_gqUsqHcfxeQEX2zwNtW8UvZOqV0g&oe=6A3948A8&_nc_sid=201bca",
        "IMAGE_PREVIEW_URL": "https://scontent-bos5-1.xx.fbcdn.net/m1/v/t6/An-Q3_6GnTbyZjtBr87BZzIPVsh0QYprMspc09OYP6FzUNZl6ufZwCOwapMaGxrAjyj9PMdT7nRV8Kcfc_7hoHUPeGYQtSFNOQC3qm-xnA8q3i1-x8_d3f6MC3zyZq1pYBaklx56WoA7a7LaDZJ2uA?stp=s1024x576&edm=AOnQwmMEAAAA&_nc_gid=L1yxt9sLQNYycwi0tCTjQQ&_nc_oc=AdoPM644tiIJRX2v6DsG6BqKTtg9eiV34yPixoAAIJXkxYx2JajnWMEdCEI9rxwqrL8&ccb=10-5&oh=00_Af5c7Pb2br3VPGG0pLuPOqNWKbPp2HtsarcdzF4y9xqD_A&oe=6A3948A8&_nc_sid=201bca",
        "IMAGE_ORIGINAL_URL": "https://scontent-bos5-1.xx.fbcdn.net/m1/v/t6/An-Q3_6GnTbyZjtBr87BZzIPVsh0QYprMspc09OYP6FzUNZl6ufZwCOwapMaGxrAjyj9PMdT7nRV8Kcfc_7hoHUPeGYQtSFNOQC3qm-xnA8q3i1-x8_d3f6MC3zyZq1pYBaklx56WoA7a7LaDZJ2uA?edm=AOnQwmMEAAAA&_nc_gid=L1yxt9sLQNYycwi0tCTjQQ&_nc_oc=AdoPM644tiIJRX2v6DsG6BqKTtg9eiV34yPixoAAIJXkxYx2JajnWMEdCEI9rxwqrL8&ccb=10-5&oh=00_Af5vPYSRn2QyQytBr0IWaDxq8oeGpL1hMxoEjdcqMhA4_Q&oe=6A3948A8&_nc_sid=201bca",
        "SOURCE_URL": "https://www.mapillary.com/app/?pKey=4729534733741164",
        "SAMPLE_MUNICIPALITY": "Medford",
        "SAMPLE_STREET_NAME": "SALEM STREET",
        "SAMPLE_SEGMENT_ID": 387194,
        "SAMPLE_LAT": 42.4202220907478,
        "SAMPLE_LNG": -71.1003168999411
      }
    },
    {
      "type": "Feature",
      "geometry": {
        "type": "Point",
        "coordinates": [
          -71.099987339942,
          42.420328873835
        ]
      },
      "properties": {
        "PROVIDER": "mapillary",
        "IMAGE_ID": "301870951526969",
        "SEQUENCE_ID": "QzvFPzShD8-Hm6PEJBP7rQ",
        "CAPTURED_AT": 1506972683000,
        "HEADING": 239.43930940303,
        "IMAGE_THUMB_URL": "https://scontent-bos5-1.xx.fbcdn.net/m1/v/t6/An9GIEfOeH_qXNXKUMadRFP9NhbwRNHdIM-EN6KGVuO4tYrmmUPCi1Vg8tvxZ4t4h2712x57bwfvQ6eeoeStz4YWeaRLYg3StqMhebTd8U7l9p2tXpEAHnYArpeTF4ePFOkQ1d1-u0-1rVdOJ8vsEH0?stp=s256x144&edm=AOnQwmMEAAAA&_nc_gid=L1yxt9sLQNYycwi0tCTjQQ&_nc_oc=Adpl1wPwXJJcMLbqUz5ed3hfCP1LNAQTjqlIfm53qmt3ReYSNmG3ljRO1TA6aMY-gLs&ccb=10-5&oh=00_Af78SgVXxmqZC8vvy5cCFDZOw9stwIJ3allKIVW7b2Wt-Q&oe=6A3950D9&_nc_sid=201bca",
        "IMAGE_PREVIEW_URL": "https://scontent-bos5-1.xx.fbcdn.net/m1/v/t6/An9GIEfOeH_qXNXKUMadRFP9NhbwRNHdIM-EN6KGVuO4tYrmmUPCi1Vg8tvxZ4t4h2712x57bwfvQ6eeoeStz4YWeaRLYg3StqMhebTd8U7l9p2tXpEAHnYArpeTF4ePFOkQ1d1-u0-1rVdOJ8vsEH0?stp=s1024x576&edm=AOnQwmMEAAAA&_nc_gid=L1yxt9sLQNYycwi0tCTjQQ&_nc_oc=Adpl1wPwXJJcMLbqUz5ed3hfCP1LNAQTjqlIfm53qmt3ReYSNmG3ljRO1TA6aMY-gLs&ccb=10-5&oh=00_Af7bmBDFIvN4IDo6p7n8_ocMlbQUXqrmOdnU-sN_CvEvIw&oe=6A3950D9&_nc_sid=201bca",
        "IMAGE_ORIGINAL_URL": "https://scontent-bos5-1.xx.fbcdn.net/m1/v/t6/An9GIEfOeH_qXNXKUMadRFP9NhbwRNHdIM-EN6KGVuO4tYrmmUPCi1Vg8tvxZ4t4h2712x57bwfvQ6eeoeStz4YWeaRLYg3StqMhebTd8U7l9p2tXpEAHnYArpeTF4ePFOkQ1d1-u0-1rVdOJ8vsEH0?edm=AOnQwmMEAAAA&_nc_gid=L1yxt9sLQNYycwi0tCTjQQ&_nc_oc=Adpl1wPwXJJcMLbqUz5ed3hfCP1LNAQTjqlIfm53qmt3ReYSNmG3ljRO1TA6aMY-gLs&ccb=10-5&oh=00_Af7rRinxNYW-A2EzI84QhMqcCLavNt1cdVWOvcKK-BdNdw&oe=6A3950D9&_nc_sid=201bca",
        "SOURCE_URL": "https://www.mapillary.com/app/?pKey=301870951526969",
        "SAMPLE_MUNICIPALITY": "Medford",
        "SAMPLE_STREET_NAME": "SALEM STREET",
        "SAMPLE_SEGMENT_ID": 387194,
        "SAMPLE_LAT": 42.4202220907478,
        "SAMPLE_LNG": -71.1003168999411
      }
    },
    {
      "type": "Feature",
      "geometry": {
        "type": "Point",
        "coordinates": [
          -71.100678969237,
          42.420030161963
        ]
      },
      "properties": {
        "PROVIDER": "mapillary",
        "IMAGE_ID": "296301678616895",
        "SEQUENCE_ID": "QzvFPzShD8-Hm6PEJBP7rQ",
        "CAPTURED_AT": 1506972688600,
        "HEADING": 240.55865188519,
        "IMAGE_THUMB_URL": "https://scontent-bos5-1.xx.fbcdn.net/m1/v/t6/An8R2-Pjb1AH0BJ1SoH4dvIyDXxkyji0XlgTAxAkbjguKj4z8YQF_ho6jYqtBkiUgtJ8IojOBtKk6A1jwZD2a6QHqiI6v4BVHvYihRX65sc0KHuh7krepfDmzIkJN0wZ6_UKchMkVWrJX8AsLAyAyw?stp=s256x144&edm=AOnQwmMEAAAA&_nc_gid=L1yxt9sLQNYycwi0tCTjQQ&_nc_oc=AdreE6r8-oqckT88XwJaLYhUXujTsI-7Dozx013Bkm8Te65ZxXP8fQ-D__0dCw5UmPY&ccb=10-5&oh=00_Af6dLLmbLMMrCg_4uIK3lWtOdWtQUcHzW0taMFvRCQm04Q&oe=6A3946C6&_nc_sid=201bca",
        "IMAGE_PREVIEW_URL": "https://scontent-bos5-1.xx.fbcdn.net/m1/v/t6/An8R2-Pjb1AH0BJ1SoH4dvIyDXxkyji0XlgTAxAkbjguKj4z8YQF_ho6jYqtBkiUgtJ8IojOBtKk6A1jwZD2a6QHqiI6v4BVHvYihRX65sc0KHuh7krepfDmzIkJN0wZ6_UKchMkVWrJX8AsLAyAyw?stp=s1024x576&edm=AOnQwmMEAAAA&_nc_gid=L1yxt9sLQNYycwi0tCTjQQ&_nc_oc=AdreE6r8-oqckT88XwJaLYhUXujTsI-7Dozx013Bkm8Te65ZxXP8fQ-D__0dCw5UmPY&ccb=10-5&oh=00_Af61ymNIkWmGDruyt8VGD4OuxqK8khrZ_0IBKm3ye4mjhw&oe=6A3946C6&_nc_sid=201bca",
        "IMAGE_ORIGINAL_URL": "https://scontent-bos5-1.xx.fbcdn.net/m1/v/t6/An8R2-Pjb1AH0BJ1SoH4dvIyDXxkyji0XlgTAxAkbjguKj4z8YQF_ho6jYqtBkiUgtJ8IojOBtKk6A1jwZD2a6QHqiI6v4BVHvYihRX65sc0KHuh7krepfDmzIkJN0wZ6_UKchMkVWrJX8AsLAyAyw?edm=AOnQwmMEAAAA&_nc_gid=L1yxt9sLQNYycwi0tCTjQQ&_nc_oc=AdreE6r8-oqckT88XwJaLYhUXujTsI-7Dozx013Bkm8Te65ZxXP8fQ-D__0dCw5UmPY&ccb=10-5&oh=00_Af437mBba17x3pq2sVx7jrDHa2oY9WL9XHhu8lw-uZWdQg&oe=6A3946C6&_nc_sid=201bca",
        "SOURCE_URL": "https://www.mapillary.com/app/?pKey=296301678616895",
        "SAMPLE_MUNICIPALITY": "Medford",
        "SAMPLE_STREET_NAME": "SALEM STREET",
        "SAMPLE_SEGMENT_ID": 387194,
        "SAMPLE_LAT": 42.4202220907478,
        "SAMPLE_LNG": -71.1003168999411
      }
    },
    {
      "type": "Feature",
      "geometry": {
        "type": "Point",
        "coordinates": [
          -71.10054795959,
          42.420087475256
        ]
      },
      "properties": {
        "PROVIDER": "mapillary",
        "IMAGE_ID": "225939768865294",
        "SEQUENCE_ID": "QzvFPzShD8-Hm6PEJBP7rQ",
        "CAPTURED_AT": 1506972687500,
        "HEADING": 239.63917065878,
        "IMAGE_THUMB_URL": "https://scontent-bos5-1.xx.fbcdn.net/m1/v/t6/An8nPTFILAGpzVrvIcHYEIA869krdb-v36W_qFypGBcWAVYAHiXm2Zliv1ougGaMoscaQ3nSlZYOMdWtAPGq_lAXIitOQNoLtPl0v9mI7pCo5rpqk345z9FnYehWOBNBrbeFhw_cMcv90eI_RS093KA?stp=s256x144&edm=AOnQwmMEAAAA&_nc_gid=L1yxt9sLQNYycwi0tCTjQQ&_nc_oc=AdooFGaTCcqMFB-4ReZLFOF0EC5ELRtCLHOteMI9rhrQjYRy2Z2xh4CfHc3zqfhF-yE&ccb=10-5&oh=00_Af5BDgN3Y_EIUD8OhPKdD4iUDfOwU6eHg5ThR8OEM6birA&oe=6A39604C&_nc_sid=201bca",
        "IMAGE_PREVIEW_URL": "https://scontent-bos5-1.xx.fbcdn.net/m1/v/t6/An8nPTFILAGpzVrvIcHYEIA869krdb-v36W_qFypGBcWAVYAHiXm2Zliv1ougGaMoscaQ3nSlZYOMdWtAPGq_lAXIitOQNoLtPl0v9mI7pCo5rpqk345z9FnYehWOBNBrbeFhw_cMcv90eI_RS093KA?stp=s1024x576&edm=AOnQwmMEAAAA&_nc_gid=L1yxt9sLQNYycwi0tCTjQQ&_nc_oc=AdooFGaTCcqMFB-4ReZLFOF0EC5ELRtCLHOteMI9rhrQjYRy2Z2xh4CfHc3zqfhF-yE&ccb=10-5&oh=00_Af57FLvjjwkx4vN9jLHYN8ENeVk4j1AUr_gY-c-ZvoTu5w&oe=6A39604C&_nc_sid=201bca",
        "IMAGE_ORIGINAL_URL": "https://scontent-bos5-1.xx.fbcdn.net/m1/v/t6/An8nPTFILAGpzVrvIcHYEIA869krdb-v36W_qFypGBcWAVYAHiXm2Zliv1ougGaMoscaQ3nSlZYOMdWtAPGq_lAXIitOQNoLtPl0v9mI7pCo5rpqk345z9FnYehWOBNBrbeFhw_cMcv90eI_RS093KA?edm=AOnQwmMEAAAA&_nc_gid=L1yxt9sLQNYycwi0tCTjQQ&_nc_oc=AdooFGaTCcqMFB-4ReZLFOF0EC5ELRtCLHOteMI9rhrQjYRy2Z2xh4CfHc3zqfhF-yE&ccb=10-5&oh=00_Af5k-zNRfVQpxImI8aYvlX8lSwrK-k2ow6M8dZDHJAF9cQ&oe=6A39604C&_nc_sid=201bca",
        "SOURCE_URL": "https://www.mapillary.com/app/?pKey=225939768865294",
        "SAMPLE_MUNICIPALITY": "Medford",
        "SAMPLE_STREET_NAME": "SALEM STREET",
        "SAMPLE_SEGMENT_ID": 387194,
        "SAMPLE_LAT": 42.4202220907478,
        "SAMPLE_LNG": -71.1003168999411
      }
    },
    {
      "type": "Feature",
      "geometry": {
        "type": "Point",
        "coordinates": [
          -71.100839234091,
          42.419960010621
        ]
      },
      "properties": {
        "PROVIDER": "mapillary",
        "IMAGE_ID": "1447135338958716",
        "SEQUENCE_ID": "QzvFPzShD8-Hm6PEJBP7rQ",
        "CAPTURED_AT": 1506972689900,
        "HEADING": 239.3978546081,
        "IMAGE_THUMB_URL": "https://scontent-bos5-1.xx.fbcdn.net/m1/v/t6/An_xoQtftDAQ7H2K6DBmqcCHjicpPUYEGTdElcQ_OGP40EkjkDwHaHts87pjA7CamtrUtK2ePW6nZC6pzqU8Fppvpto8TwNHYi6yTBC0ftQGDr4_m0gToUiGs1q_VxPAU6LvfZWBnteNzSDAHZSlzg?stp=s256x144&edm=AOnQwmMEAAAA&_nc_gid=L1yxt9sLQNYycwi0tCTjQQ&_nc_oc=AdpL8tCECQhao5j_NDJhpH59IgwQNtHt46fMObttyJgHEbfWzVDNeVjJa6eLa5RU698&ccb=10-5&oh=00_Af7CDMvZQryui0l4uWJCcMGaSlU1iWBwRstKknmramJ3Ew&oe=6A39378D&_nc_sid=201bca",
        "IMAGE_PREVIEW_URL": "https://scontent-bos5-1.xx.fbcdn.net/m1/v/t6/An_xoQtftDAQ7H2K6DBmqcCHjicpPUYEGTdElcQ_OGP40EkjkDwHaHts87pjA7CamtrUtK2ePW6nZC6pzqU8Fppvpto8TwNHYi6yTBC0ftQGDr4_m0gToUiGs1q_VxPAU6LvfZWBnteNzSDAHZSlzg?stp=s1024x576&edm=AOnQwmMEAAAA&_nc_gid=L1yxt9sLQNYycwi0tCTjQQ&_nc_oc=AdpL8tCECQhao5j_NDJhpH59IgwQNtHt46fMObttyJgHEbfWzVDNeVjJa6eLa5RU698&ccb=10-5&oh=00_Af5RW9bW0fBF9IV3EQfkNzLCSF1IsujdlUEnhPvOr2CCJQ&oe=6A39378D&_nc_sid=201bca",
        "IMAGE_ORIGINAL_URL": "https://scontent-bos5-1.xx.fbcdn.net/m1/v/t6/An_xoQtftDAQ7H2K6DBmqcCHjicpPUYEGTdElcQ_OGP40EkjkDwHaHts87pjA7CamtrUtK2ePW6nZC6pzqU8Fppvpto8TwNHYi6yTBC0ftQGDr4_m0gToUiGs1q_VxPAU6LvfZWBnteNzSDAHZSlzg?edm=AOnQwmMEAAAA&_nc_gid=L1yxt9sLQNYycwi0tCTjQQ&_nc_oc=AdpL8tCECQhao5j_NDJhpH59IgwQNtHt46fMObttyJgHEbfWzVDNeVjJa6eLa5RU698&ccb=10-5&oh=00_Af7K29ktDhneVHkcvIw5_rArjzuaByxLhYRwTR0ox1ORFw&oe=6A39378D&_nc_sid=201bca",
        "SOURCE_URL": "https://www.mapillary.com/app/?pKey=1447135338958716",
        "SAMPLE_MUNICIPALITY": "Medford",
        "SAMPLE_STREET_NAME": "SALEM STREET",
        "SAMPLE_SEGMENT_ID": 387194,
        "SAMPLE_LAT": 42.4202220907478,
        "SAMPLE_LNG": -71.1003168999411
      }
    },
    {
      "type": "Feature",
      "geometry": {
        "type": "Point",
        "coordinates": [
          -71.10073989989,
          42.420003559401
        ]
      },
      "properties": {
        "PROVIDER": "mapillary",
        "IMAGE_ID": "1769351233264170",
        "SEQUENCE_ID": "QzvFPzShD8-Hm6PEJBP7rQ",
        "CAPTURED_AT": 1506972689100,
        "HEADING": 239.39783807428,
        "IMAGE_THUMB_URL": "https://scontent-bos5-1.xx.fbcdn.net/m1/v/t6/An_DbA7jyaTmitcrHewLN2aB1zgTMD-I16-KO8UzofpvtML4VVwkoYFvez75Pk9mdik6f_jpuDRNeJk9vd3bLZ-lx3YtUXecAlOL-H464ayMo64ue6aLjq3CW95XEA0Dclz_NBP7_5DsjZ5N__0hjg?stp=s256x144&edm=AOnQwmMEAAAA&_nc_gid=L1yxt9sLQNYycwi0tCTjQQ&_nc_oc=AdrnWcyB_vTZ2xyqafNPV1WHvq3PNZeCZnbFhZDLTzGa7Ruk8BMcXhuz7YTuX8li27M&ccb=10-5&oh=00_Af76ARrBXTr30ROtIh_E15Y4JIjl_fmsV45i-0Oz0AYWWg&oe=6A3968EF&_nc_sid=201bca",
        "IMAGE_PREVIEW_URL": "https://scontent-bos5-1.xx.fbcdn.net/m1/v/t6/An_DbA7jyaTmitcrHewLN2aB1zgTMD-I16-KO8UzofpvtML4VVwkoYFvez75Pk9mdik6f_jpuDRNeJk9vd3bLZ-lx3YtUXecAlOL-H464ayMo64ue6aLjq3CW95XEA0Dclz_NBP7_5DsjZ5N__0hjg?stp=s1024x576&edm=AOnQwmMEAAAA&_nc_gid=L1yxt9sLQNYycwi0tCTjQQ&_nc_oc=AdrnWcyB_vTZ2xyqafNPV1WHvq3PNZeCZnbFhZDLTzGa7Ruk8BMcXhuz7YTuX8li27M&ccb=10-5&oh=00_Af5KCQjOagtOcgLZBpyd7qax2P5hi7jDHAJS2zURROM7qQ&oe=6A3968EF&_nc_sid=201bca",
        "IMAGE_ORIGINAL_URL": "https://scontent-bos5-1.xx.fbcdn.net/m1/v/t6/An_DbA7jyaTmitcrHewLN2aB1zgTMD-I16-KO8UzofpvtML4VVwkoYFvez75Pk9mdik6f_jpuDRNeJk9vd3bLZ-lx3YtUXecAlOL-H464ayMo64ue6aLjq3CW95XEA0Dclz_NBP7_5DsjZ5N__0hjg?edm=AOnQwmMEAAAA&_nc_gid=L1yxt9sLQNYycwi0tCTjQQ&_nc_oc=AdrnWcyB_vTZ2xyqafNPV1WHvq3PNZeCZnbFhZDLTzGa7Ruk8BMcXhuz7YTuX8li27M&ccb=10-5&oh=00_Af4AMShrE7wG04HjUWNOilmta-vLLgGsSNpuvOfUYvP9jQ&oe=6A3968EF&_nc_sid=201bca",
        "SOURCE_URL": "https://www.mapillary.com/app/?pKey=1769351233264170",
        "SAMPLE_MUNICIPALITY": "Medford",
        "SAMPLE_STREET_NAME": "SALEM STREET",
        "SAMPLE_SEGMENT_ID": 387194,
        "SAMPLE_LAT": 42.4202220907478,
        "SAMPLE_LNG": -71.1003168999411
      }
    },
    {
      "type": "Feature",
      "geometry": {
        "type": "Point",
        "coordinates": [
          -71.100925223654,
          42.419921248627
        ]
      },
      "properties": {
        "PROVIDER": "mapillary",
        "IMAGE_ID": "261834222346978",
        "SEQUENCE_ID": "QzvFPzShD8-Hm6PEJBP7rQ",
        "CAPTURED_AT": 1506972690600,
        "HEADING": 238.67550421649,
        "IMAGE_THUMB_URL": "https://scontent-bos5-1.xx.fbcdn.net/m1/v/t6/An_DgDucThfm8gtqO661DznjeLHOtq5c4givUIQY4Pxl7OQi_yfEXjr1N8HFJkfhop17C6oR0Ury0okHxKjhrXTMuI4x_fCwt_BS6wzWpz3oTiwF16H9LO71Nt1dAz5c47rCrDKw2j-3_RwB_NdPoA?stp=s256x144&edm=AOnQwmMEAAAA&_nc_gid=L1yxt9sLQNYycwi0tCTjQQ&_nc_oc=Adp0a_zu6Q6F-YsuNaMk6gmZ2hWz6PFNwkZD3AeQkBlMWJMP8KPVXAX81w_ALmziRrs&ccb=10-5&oh=00_Af6P_kU683Nuu7MIFqIxBaIF8DeY7dXnOzwvDg0_PWwUAQ&oe=6A395534&_nc_sid=201bca",
        "IMAGE_PREVIEW_URL": "https://scontent-bos5-1.xx.fbcdn.net/m1/v/t6/An_DgDucThfm8gtqO661DznjeLHOtq5c4givUIQY4Pxl7OQi_yfEXjr1N8HFJkfhop17C6oR0Ury0okHxKjhrXTMuI4x_fCwt_BS6wzWpz3oTiwF16H9LO71Nt1dAz5c47rCrDKw2j-3_RwB_NdPoA?stp=s1024x576&edm=AOnQwmMEAAAA&_nc_gid=L1yxt9sLQNYycwi0tCTjQQ&_nc_oc=Adp0a_zu6Q6F-YsuNaMk6gmZ2hWz6PFNwkZD3AeQkBlMWJMP8KPVXAX81w_ALmziRrs&ccb=10-5&oh=00_Af4GGtL9R6Om0FRq0t9XB8W1ISDLJvJ_8m9YYZEEEpA2BQ&oe=6A395534&_nc_sid=201bca",
        "IMAGE_ORIGINAL_URL": "https://scontent-bos5-1.xx.fbcdn.net/m1/v/t6/An_DgDucThfm8gtqO661DznjeLHOtq5c4givUIQY4Pxl7OQi_yfEXjr1N8HFJkfhop17C6oR0Ury0okHxKjhrXTMuI4x_fCwt_BS6wzWpz3oTiwF16H9LO71Nt1dAz5c47rCrDKw2j-3_RwB_NdPoA?edm=AOnQwmMEAAAA&_nc_gid=L1yxt9sLQNYycwi0tCTjQQ&_nc_oc=Adp0a_zu6Q6F-YsuNaMk6gmZ2hWz6PFNwkZD3AeQkBlMWJMP8KPVXAX81w_ALmziRrs&ccb=10-5&oh=00_Af5MgCJw9eHdTLbsuHMF-W205IaJhF1z52l2rQAGsppf7w&oe=6A395534&_nc_sid=201bca",
        "SOURCE_URL": "https://www.mapillary.com/app/?pKey=261834222346978",
        "SAMPLE_MUNICIPALITY": "Medford",
        "SAMPLE_STREET_NAME": "SALEM STREET",
        "SAMPLE_SEGMENT_ID": 387194,
        "SAMPLE_LAT": 42.4202220907478,
        "SAMPLE_LNG": -71.1003168999411
      }
    },
    {
      "type": "Feature",
      "geometry": {
        "type": "Point",
        "coordinates": [
          -71.100436110025,
          42.420136061605
        ]
      },
      "properties": {
        "PROVIDER": "mapillary",
        "IMAGE_ID": "980874685985091",
        "SEQUENCE_ID": "QzvFPzShD8-Hm6PEJBP7rQ",
        "CAPTURED_AT": 1506972686600,
        "HEADING": 240.6224113695,
        "IMAGE_THUMB_URL": "https://scontent-bos5-1.xx.fbcdn.net/m1/v/t6/An-qf3tFTxfCktgGhCMeA71c2dvx2J_avH8pD5Zfg_3YK0sj7JverINebU2iDx-4tJAecZ4-wTeOci4zFkmDAfCkgy1JZEeKDP0xXFEZUo7Vu5_vR_OLbdLMkxmr8viyWBxQWTtq6iD_stm6GLQFYg?stp=s256x144&edm=AOnQwmMEAAAA&_nc_gid=L1yxt9sLQNYycwi0tCTjQQ&_nc_oc=Adrr2ZaxczrliScq74_bfx3sFE-2-OblcCIh_p1QYyDE_wxpLDsFQXRezDzV_a1PGw4&ccb=10-5&oh=00_Af6zRP_etRCiDulfNlSNxWEnqfUyz5Mu-FjGABkALOA7KQ&oe=6A39611B&_nc_sid=201bca",
        "IMAGE_PREVIEW_URL": "https://scontent-bos5-1.xx.fbcdn.net/m1/v/t6/An-qf3tFTxfCktgGhCMeA71c2dvx2J_avH8pD5Zfg_3YK0sj7JverINebU2iDx-4tJAecZ4-wTeOci4zFkmDAfCkgy1JZEeKDP0xXFEZUo7Vu5_vR_OLbdLMkxmr8viyWBxQWTtq6iD_stm6GLQFYg?stp=s1024x576&edm=AOnQwmMEAAAA&_nc_gid=L1yxt9sLQNYycwi0tCTjQQ&_nc_oc=Adrr2ZaxczrliScq74_bfx3sFE-2-OblcCIh_p1QYyDE_wxpLDsFQXRezDzV_a1PGw4&ccb=10-5&oh=00_Af7zqS6MxF_DwzN4Z4sMLGuPpR2AJOy0u1NzWCoEpAzSPw&oe=6A39611B&_nc_sid=201bca",
        "IMAGE_ORIGINAL_URL": "https://scontent-bos5-1.xx.fbcdn.net/m1/v/t6/An-qf3tFTxfCktgGhCMeA71c2dvx2J_avH8pD5Zfg_3YK0sj7JverINebU2iDx-4tJAecZ4-wTeOci4zFkmDAfCkgy1JZEeKDP0xXFEZUo7Vu5_vR_OLbdLMkxmr8viyWBxQWTtq6iD_stm6GLQFYg?edm=AOnQwmMEAAAA&_nc_gid=L1yxt9sLQNYycwi0tCTjQQ&_nc_oc=Adrr2ZaxczrliScq74_bfx3sFE-2-OblcCIh_p1QYyDE_wxpLDsFQXRezDzV_a1PGw4&ccb=10-5&oh=00_Af5aTMC4Tk-_t9QUeh1KlFlLsoaaKCwVdsSroMpFGilrkg&oe=6A39611B&_nc_sid=201bca",
        "SOURCE_URL": "https://www.mapillary.com/app/?pKey=980874685985091",
        "SAMPLE_MUNICIPALITY": "Medford",
        "SAMPLE_STREET_NAME": "SALEM STREET",
        "SAMPLE_SEGMENT_ID": 387194,
        "SAMPLE_LAT": 42.4202220907478,
        "SAMPLE_LNG": -71.1003168999411
      }
    },
    {
      "type": "Feature",
      "geometry": {
        "type": "Point",
        "coordinates": [
          -71.10090079107,
          42.419932326658
        ]
      },
      "properties": {
        "PROVIDER": "mapillary",
        "IMAGE_ID": "290856542576670",
        "SEQUENCE_ID": "QzvFPzShD8-Hm6PEJBP7rQ",
        "CAPTURED_AT": 1506972690400,
        "HEADING": 238.67563683119,
        "IMAGE_THUMB_URL": "https://scontent-bos5-1.xx.fbcdn.net/m1/v/t6/An8C_SowzvIl3jGvOgho4fFYXW0-ZkBAAZIyxIDwWfaCyjpTnYKQrph14C-F2rQFHflpNX7I3n4Fz9JX0jfBtRaEKmY3dNz_EuWbd13y48zJ4Cj9XaWNpyRFby6yuDHUz5oVOeL0NVZC9owwq-qYnQ?stp=s256x144&edm=AOnQwmMEAAAA&_nc_gid=L1yxt9sLQNYycwi0tCTjQQ&_nc_oc=Adpbh5lSZWZL-RW3fZ82GsCVPu_ciA3aFakexDtxM4Y7QNCPnrk8BpQ_ShHw6iz9Akw&ccb=10-5&oh=00_Af5DAzSRDNBT4P9HybQQUjsnq_-iDWh0dHArfzEpg2vduQ&oe=6A394BD5&_nc_sid=201bca",
        "IMAGE_PREVIEW_URL": "https://scontent-bos5-1.xx.fbcdn.net/m1/v/t6/An8C_SowzvIl3jGvOgho4fFYXW0-ZkBAAZIyxIDwWfaCyjpTnYKQrph14C-F2rQFHflpNX7I3n4Fz9JX0jfBtRaEKmY3dNz_EuWbd13y48zJ4Cj9XaWNpyRFby6yuDHUz5oVOeL0NVZC9owwq-qYnQ?stp=s1024x576&edm=AOnQwmMEAAAA&_nc_gid=L1yxt9sLQNYycwi0tCTjQQ&_nc_oc=Adpbh5lSZWZL-RW3fZ82GsCVPu_ciA3aFakexDtxM4Y7QNCPnrk8BpQ_ShHw6iz9Akw&ccb=10-5&oh=00_Af7vGCCjigCK5z-o7P2O-yx5v7_wuEC9EmoXjHa1v79ESQ&oe=6A394BD5&_nc_sid=201bca",
        "IMAGE_ORIGINAL_URL": "https://scontent-bos5-1.xx.fbcdn.net/m1/v/t6/An8C_SowzvIl3jGvOgho4fFYXW0-ZkBAAZIyxIDwWfaCyjpTnYKQrph14C-F2rQFHflpNX7I3n4Fz9JX0jfBtRaEKmY3dNz_EuWbd13y48zJ4Cj9XaWNpyRFby6yuDHUz5oVOeL0NVZC9owwq-qYnQ?edm=AOnQwmMEAAAA&_nc_gid=L1yxt9sLQNYycwi0tCTjQQ&_nc_oc=Adpbh5lSZWZL-RW3fZ82GsCVPu_ciA3aFakexDtxM4Y7QNCPnrk8BpQ_ShHw6iz9Akw&ccb=10-5&oh=00_Af6Ga8SoZo_-ZOlH1O9ZYAkvfZYeYIAuhxyxU06pYsRxRw&oe=6A394BD5&_nc_sid=201bca",
        "SOURCE_URL": "https://www.mapillary.com/app/?pKey=290856542576670",
        "SAMPLE_MUNICIPALITY": "Medford",
        "SAMPLE_STREET_NAME": "SALEM STREET",
        "SAMPLE_SEGMENT_ID": 387194,
        "SAMPLE_LAT": 42.4202220907478,
        "SAMPLE_LNG": -71.1003168999411
      }
    },
    {
      "type": "Feature",
      "geometry": {
        "type": "Point",
        "coordinates": [
          -71.100764588922,
          42.419992663653
        ]
      },
      "properties": {
        "PROVIDER": "mapillary",
        "IMAGE_ID": "251062926810407",
        "SEQUENCE_ID": "QzvFPzShD8-Hm6PEJBP7rQ",
        "CAPTURED_AT": 1506972689300,
        "HEADING": 239.39797720817,
        "IMAGE_THUMB_URL": "https://scontent-bos5-1.xx.fbcdn.net/m1/v/t6/An_ZXeY-9X_3ywINJbkUPCGl0TgIhSJCBkedDCHqYDxZkwRBdeFYjcb50tJMAjZAosLFAfKcy-GA-JbODhpZ5LnVOWwetODcw5RQagWEPLI9Tu3pjzH2vtbGfOv9QVLlvJXhDg7O8QDaz4xvHjs8r3c?stp=s256x144&edm=AOnQwmMEAAAA&_nc_gid=L1yxt9sLQNYycwi0tCTjQQ&_nc_oc=AdrVMbNZ4xExhGfYTjy4C4KjTxT46dl8ZT1NCFUmSRGWDcsw-vEJUtW9wyZLNVj3cqg&ccb=10-5&oh=00_Af7BFLqOS74kUdpJi-iajcxtLX2Il6--rqXMfezLzACznQ&oe=6A3932FE&_nc_sid=201bca",
        "IMAGE_PREVIEW_URL": "https://scontent-bos5-1.xx.fbcdn.net/m1/v/t6/An_ZXeY-9X_3ywINJbkUPCGl0TgIhSJCBkedDCHqYDxZkwRBdeFYjcb50tJMAjZAosLFAfKcy-GA-JbODhpZ5LnVOWwetODcw5RQagWEPLI9Tu3pjzH2vtbGfOv9QVLlvJXhDg7O8QDaz4xvHjs8r3c?stp=s1024x576&edm=AOnQwmMEAAAA&_nc_gid=L1yxt9sLQNYycwi0tCTjQQ&_nc_oc=AdrVMbNZ4xExhGfYTjy4C4KjTxT46dl8ZT1NCFUmSRGWDcsw-vEJUtW9wyZLNVj3cqg&ccb=10-5&oh=00_Af5_w78riUNdEuLvE-uAVdpXPipcjLw5HUs8wK3RLbJvKQ&oe=6A3932FE&_nc_sid=201bca",
        "IMAGE_ORIGINAL_URL": "https://scontent-bos5-1.xx.fbcdn.net/m1/v/t6/An_ZXeY-9X_3ywINJbkUPCGl0TgIhSJCBkedDCHqYDxZkwRBdeFYjcb50tJMAjZAosLFAfKcy-GA-JbODhpZ5LnVOWwetODcw5RQagWEPLI9Tu3pjzH2vtbGfOv9QVLlvJXhDg7O8QDaz4xvHjs8r3c?edm=AOnQwmMEAAAA&_nc_gid=L1yxt9sLQNYycwi0tCTjQQ&_nc_oc=AdrVMbNZ4xExhGfYTjy4C4KjTxT46dl8ZT1NCFUmSRGWDcsw-vEJUtW9wyZLNVj3cqg&ccb=10-5&oh=00_Af7sy4xYqPV7BdZ1WTw0_nBs_WLqaPxi9iHrswADCnuJBg&oe=6A3932FE&_nc_sid=201bca",
        "SOURCE_URL": "https://www.mapillary.com/app/?pKey=251062926810407",
        "SAMPLE_MUNICIPALITY": "Medford",
        "SAMPLE_STREET_NAME": "SALEM STREET",
        "SAMPLE_SEGMENT_ID": 387194,
        "SAMPLE_LAT": 42.4202220907478,
        "SAMPLE_LNG": -71.1003168999411
      }
    },
    {
      "type": "Feature",
      "geometry": {
        "type": "Point",
        "coordinates": [
          -71.101010977017,
          42.41988262644
        ]
      },
      "properties": {
        "PROVIDER": "mapillary",
        "IMAGE_ID": "1358041404568391",
        "SEQUENCE_ID": "QzvFPzShD8-Hm6PEJBP7rQ",
        "CAPTURED_AT": 1506972691300,
        "HEADING": 238.30294766003,
        "IMAGE_THUMB_URL": "https://scontent-bos5-1.xx.fbcdn.net/m1/v/t6/An8EvYUgedBF2dbwU4i1BrDb1BYEmopeoTKSJ1OOh6V0HHoBqgqNJEi3UZ6xcLWdSLU21sII8WTnBy4E4iNkZ7kRmA-hgN55vXktJEgeYjMFOeSFQIw8W5I9aI7zCX1Ha4fQq1XLaR8KiVAlUTfhew?stp=s256x144&edm=AOnQwmMEAAAA&_nc_gid=L1yxt9sLQNYycwi0tCTjQQ&_nc_oc=AdrN4_4pmLrA12m01vEOWo1PTbUUkQ97DS-YlKoLaD729DWQnMZNK70zbKdgpKYNUtE&ccb=10-5&oh=00_Af5MAHLM_aXk67D2hnDkNta1jlQM9L6By3xZGReoiTtIVQ&oe=6A3965DA&_nc_sid=201bca",
        "IMAGE_PREVIEW_URL": "https://scontent-bos5-1.xx.fbcdn.net/m1/v/t6/An8EvYUgedBF2dbwU4i1BrDb1BYEmopeoTKSJ1OOh6V0HHoBqgqNJEi3UZ6xcLWdSLU21sII8WTnBy4E4iNkZ7kRmA-hgN55vXktJEgeYjMFOeSFQIw8W5I9aI7zCX1Ha4fQq1XLaR8KiVAlUTfhew?stp=s1024x576&edm=AOnQwmMEAAAA&_nc_gid=L1yxt9sLQNYycwi0tCTjQQ&_nc_oc=AdrN4_4pmLrA12m01vEOWo1PTbUUkQ97DS-YlKoLaD729DWQnMZNK70zbKdgpKYNUtE&ccb=10-5&oh=00_Af5HnkqhDa1PZRib8jI-3uE_MZJcHrZLMNAuxxZhQZtXoQ&oe=6A3965DA&_nc_sid=201bca",
        "IMAGE_ORIGINAL_URL": "https://scontent-bos5-1.xx.fbcdn.net/m1/v/t6/An8EvYUgedBF2dbwU4i1BrDb1BYEmopeoTKSJ1OOh6V0HHoBqgqNJEi3UZ6xcLWdSLU21sII8WTnBy4E4iNkZ7kRmA-hgN55vXktJEgeYjMFOeSFQIw8W5I9aI7zCX1Ha4fQq1XLaR8KiVAlUTfhew?edm=AOnQwmMEAAAA&_nc_gid=L1yxt9sLQNYycwi0tCTjQQ&_nc_oc=AdrN4_4pmLrA12m01vEOWo1PTbUUkQ97DS-YlKoLaD729DWQnMZNK70zbKdgpKYNUtE&ccb=10-5&oh=00_Af4suhYDWDVi6kYs_Hffg0NL_9TdRAKUYQ8tZ1fQsb4LVg&oe=6A3965DA&_nc_sid=201bca",
        "SOURCE_URL": "https://www.mapillary.com/app/?pKey=1358041404568391",
        "SAMPLE_MUNICIPALITY": "Medford",
        "SAMPLE_STREET_NAME": "SALEM STREET",
        "SAMPLE_SEGMENT_ID": 387194,
        "SAMPLE_LAT": 42.4202220907478,
        "SAMPLE_LNG": -71.1003168999411
      }
    },
    {
      "type": "Feature",
      "geometry": {
        "type": "Point",
        "coordinates": [
          -71.100998452521,
          42.419888139849
        ]
      },
      "properties": {
        "PROVIDER": "mapillary",
        "IMAGE_ID": "1421701054859812",
        "SEQUENCE_ID": "QzvFPzShD8-Hm6PEJBP7rQ",
        "CAPTURED_AT": 1506972691200,
        "HEADING": 238.3029455652,
        "IMAGE_THUMB_URL": "https://scontent-bos5-1.xx.fbcdn.net/m1/v/t6/An_FLAYrC4zZqzX5SY_Hiv0s-br0L4yL1B5xkdLVDN7iKaUvsM_e58Fi9i0zFeNMxlYrjZM6q7XN0azblwXSZWjRiptiwb6H7ihEGrLcpN9mglMMXq9RwBOlmpWVvD0pAjZbwIdvmBUWF0uIewFMNg?stp=s256x144&edm=AOnQwmMEAAAA&_nc_gid=L1yxt9sLQNYycwi0tCTjQQ&_nc_oc=AdpYn7B4Ga_AG9KKGITdL3siCOk5xgFxv8nA7vAz3HIqtyRSQFxEHeO4rcZ0YylZnFU&ccb=10-5&oh=00_Af77gIUEjDwxWrPr_1qtTQbHFQK9Ka5wzDR7cD4Lms9fDA&oe=6A395C39&_nc_sid=201bca",
        "IMAGE_PREVIEW_URL": "https://scontent-bos5-1.xx.fbcdn.net/m1/v/t6/An_FLAYrC4zZqzX5SY_Hiv0s-br0L4yL1B5xkdLVDN7iKaUvsM_e58Fi9i0zFeNMxlYrjZM6q7XN0azblwXSZWjRiptiwb6H7ihEGrLcpN9mglMMXq9RwBOlmpWVvD0pAjZbwIdvmBUWF0uIewFMNg?stp=s1024x576&edm=AOnQwmMEAAAA&_nc_gid=L1yxt9sLQNYycwi0tCTjQQ&_nc_oc=AdpYn7B4Ga_AG9KKGITdL3siCOk5xgFxv8nA7vAz3HIqtyRSQFxEHeO4rcZ0YylZnFU&ccb=10-5&oh=00_Af7-ZkhClkBlRxgQkmxKBWgebqiM_NjgSKqlkDxq2D6iPw&oe=6A395C39&_nc_sid=201bca",
        "IMAGE_ORIGINAL_URL": "https://scontent-bos5-1.xx.fbcdn.net/m1/v/t6/An_FLAYrC4zZqzX5SY_Hiv0s-br0L4yL1B5xkdLVDN7iKaUvsM_e58Fi9i0zFeNMxlYrjZM6q7XN0azblwXSZWjRiptiwb6H7ihEGrLcpN9mglMMXq9RwBOlmpWVvD0pAjZbwIdvmBUWF0uIewFMNg?edm=AOnQwmMEAAAA&_nc_gid=L1yxt9sLQNYycwi0tCTjQQ&_nc_oc=AdpYn7B4Ga_AG9KKGITdL3siCOk5xgFxv8nA7vAz3HIqtyRSQFxEHeO4rcZ0YylZnFU&ccb=10-5&oh=00_Af4y7MJOp4VHeONnTNm06pHR13I21_xwZqbrxs2lWUGq9g&oe=6A395C39&_nc_sid=201bca",
        "SOURCE_URL": "https://www.mapillary.com/app/?pKey=1421701054859812",
        "SAMPLE_MUNICIPALITY": "Medford",
        "SAMPLE_STREET_NAME": "SALEM STREET",
        "SAMPLE_SEGMENT_ID": 387194,
        "SAMPLE_LAT": 42.4202220907478,
        "SAMPLE_LNG": -71.1003168999411
      }
    },
    {
      "type": "Feature",
      "geometry": {
        "type": "Point",
        "coordinates": [
          -71.100814509906,
          42.419971020335
        ]
      },
      "properties": {
        "PROVIDER": "mapillary",
        "IMAGE_ID": "2320154921449963",
        "SEQUENCE_ID": "QzvFPzShD8-Hm6PEJBP7rQ",
        "CAPTURED_AT": 1506972689700,
        "HEADING": 239.39804435799,
        "IMAGE_THUMB_URL": "https://scontent-bos5-1.xx.fbcdn.net/m1/v/t6/An8EEhd2A6NS1BkI-Nst0iEbVoE26oOYiipsoNMSxKr_S-jcLfctpCevU8i2zTtmINl8UeFhVgp2QWM99JkOZ-Uyaogh_rjbfWQmLacpJm7hVyj6Vb8K6C5puIzFaP7HbRHydrtuw9yW5IRY4E6n-w?stp=s256x144&edm=AOnQwmMEAAAA&_nc_gid=L1yxt9sLQNYycwi0tCTjQQ&_nc_oc=Ado4rEj2WJLPReQ47lNLHVl29RZ3f442Jew2IvSz4JPZIpq2dK1HUZDefbH7U9BDbTY&ccb=10-5&oh=00_Af49EwiJ05ljA91Du8hmGXrQeWcF_yMSzj2RI1eaDPyzGQ&oe=6A395F8A&_nc_sid=201bca",
        "IMAGE_PREVIEW_URL": "https://scontent-bos5-1.xx.fbcdn.net/m1/v/t6/An8EEhd2A6NS1BkI-Nst0iEbVoE26oOYiipsoNMSxKr_S-jcLfctpCevU8i2zTtmINl8UeFhVgp2QWM99JkOZ-Uyaogh_rjbfWQmLacpJm7hVyj6Vb8K6C5puIzFaP7HbRHydrtuw9yW5IRY4E6n-w?stp=s1024x576&edm=AOnQwmMEAAAA&_nc_gid=L1yxt9sLQNYycwi0tCTjQQ&_nc_oc=Ado4rEj2WJLPReQ47lNLHVl29RZ3f442Jew2IvSz4JPZIpq2dK1HUZDefbH7U9BDbTY&ccb=10-5&oh=00_Af4RfmNJg1eJtDDv8SC5DUdkGxIbnXlVVCUgs3TPWkHARA&oe=6A395F8A&_nc_sid=201bca",
        "IMAGE_ORIGINAL_URL": "https://scontent-bos5-1.xx.fbcdn.net/m1/v/t6/An8EEhd2A6NS1BkI-Nst0iEbVoE26oOYiipsoNMSxKr_S-jcLfctpCevU8i2zTtmINl8UeFhVgp2QWM99JkOZ-Uyaogh_rjbfWQmLacpJm7hVyj6Vb8K6C5puIzFaP7HbRHydrtuw9yW5IRY4E6n-w?edm=AOnQwmMEAAAA&_nc_gid=L1yxt9sLQNYycwi0tCTjQQ&_nc_oc=Ado4rEj2WJLPReQ47lNLHVl29RZ3f442Jew2IvSz4JPZIpq2dK1HUZDefbH7U9BDbTY&ccb=10-5&oh=00_Af7_9sFt4uZcWhkGcgqjM4QtJ4Sryv9zO0v2gPL1sotATw&oe=6A395F8A&_nc_sid=201bca",
        "SOURCE_URL": "https://www.mapillary.com/app/?pKey=2320154921449963",
        "SAMPLE_MUNICIPALITY": "Medford",
        "SAMPLE_STREET_NAME": "SALEM STREET",
        "SAMPLE_SEGMENT_ID": 387194,
        "SAMPLE_LAT": 42.4202220907478,
        "SAMPLE_LNG": -71.1003168999411
      }
    },
    {
      "type": "Feature",
      "geometry": {
        "type": "Point",
        "coordinates": [
          -71.100851716222,
          42.419954564668
        ]
      },
      "properties": {
        "PROVIDER": "mapillary",
        "IMAGE_ID": "320347912942343",
        "SEQUENCE_ID": "QzvFPzShD8-Hm6PEJBP7rQ",
        "CAPTURED_AT": 1506972690000,
        "HEADING": 238.67562847586,
        "IMAGE_THUMB_URL": "https://scontent-bos5-1.xx.fbcdn.net/m1/v/t6/An_RfryZWhYSNiSYGAgx5xnexbPzvUccKOaMMU19fkZMZZTcUqdit0BCMjP1T-AHa2tG5hsEqb7RTFzTPLVHL1fTGRAZ0bIgJ_EwdTGhzOBDwYi_BPdYucENVCotiaAzUn_3Y7HHP9FdWPUgY43LWA?stp=s256x144&edm=AOnQwmMEAAAA&_nc_gid=L1yxt9sLQNYycwi0tCTjQQ&_nc_oc=AdqQlxlVUrWnbQHebpm6Enz2YrzIaBBGpS2Rod3SlWw8Uxpdw8X-vNRQzEiWLmrn__k&ccb=10-5&oh=00_Af5KqeyjY--4w0IG-I0F4pTuOYNG7LPPLn5K15eQ5hYiNw&oe=6A3949EB&_nc_sid=201bca",
        "IMAGE_PREVIEW_URL": "https://scontent-bos5-1.xx.fbcdn.net/m1/v/t6/An_RfryZWhYSNiSYGAgx5xnexbPzvUccKOaMMU19fkZMZZTcUqdit0BCMjP1T-AHa2tG5hsEqb7RTFzTPLVHL1fTGRAZ0bIgJ_EwdTGhzOBDwYi_BPdYucENVCotiaAzUn_3Y7HHP9FdWPUgY43LWA?stp=s1024x576&edm=AOnQwmMEAAAA&_nc_gid=L1yxt9sLQNYycwi0tCTjQQ&_nc_oc=AdqQlxlVUrWnbQHebpm6Enz2YrzIaBBGpS2Rod3SlWw8Uxpdw8X-vNRQzEiWLmrn__k&ccb=10-5&oh=00_Af5gWEYnLlAO7JL7j3wFgIFul_QjdszyF5_7kb-5TLcRgw&oe=6A3949EB&_nc_sid=201bca",
        "IMAGE_ORIGINAL_URL": "https://scontent-bos5-1.xx.fbcdn.net/m1/v/t6/An_RfryZWhYSNiSYGAgx5xnexbPzvUccKOaMMU19fkZMZZTcUqdit0BCMjP1T-AHa2tG5hsEqb7RTFzTPLVHL1fTGRAZ0bIgJ_EwdTGhzOBDwYi_BPdYucENVCotiaAzUn_3Y7HHP9FdWPUgY43LWA?edm=AOnQwmMEAAAA&_nc_gid=L1yxt9sLQNYycwi0tCTjQQ&_nc_oc=AdqQlxlVUrWnbQHebpm6Enz2YrzIaBBGpS2Rod3SlWw8Uxpdw8X-vNRQzEiWLmrn__k&ccb=10-5&oh=00_Af64V1zYtxgPjMqoxXQulsjCSLYhLSaiWR1_EO5Cost8pw&oe=6A3949EB&_nc_sid=201bca",
        "SOURCE_URL": "https://www.mapillary.com/app/?pKey=320347912942343",
        "SAMPLE_MUNICIPALITY": "Medford",
        "SAMPLE_STREET_NAME": "SALEM STREET",
        "SAMPLE_SEGMENT_ID": 387194,
        "SAMPLE_LAT": 42.4202220907478,
        "SAMPLE_LNG": -71.1003168999411
      }
    },
    {
      "type": "Feature",
      "geometry": {
        "type": "Point",
        "coordinates": [
          -71.100619446287,
          42.420056282995
        ]
      },
      "properties": {
        "PROVIDER": "mapillary",
        "IMAGE_ID": "150375083647953",
        "SEQUENCE_ID": "QzvFPzShD8-Hm6PEJBP7rQ",
        "CAPTURED_AT": 1506972688100,
        "HEADING": 240.55856265569,
        "IMAGE_THUMB_URL": "https://scontent-bos5-1.xx.fbcdn.net/m1/v/t6/An8xS1wTbG129Wco7zDa0_xI6LYoTFaDLS7nGRBm6_E0d7coax7A4_i9d5hzsttepQMZ7JdLSB5PhVTBGZfVruo_gyVSZ4IGpH6NY_sfh9CgimIkjtwoVzJFR_qO6b5iSXh6y8aZezhNseWqzrQo_g?stp=s256x144&edm=AOnQwmMEAAAA&_nc_gid=L1yxt9sLQNYycwi0tCTjQQ&_nc_oc=AdpxHZpf1lPEIXXwTIaaTLpvbLD8e1c7hSvEaCALWeZPIoM1Lcm3L4dt0CjsIPsOnLY&ccb=10-5&oh=00_Af7_ShlkCcEVfriSWPxSIVIWfFXjuSGB0id0VqKxuQJpGg&oe=6A395ED0&_nc_sid=201bca",
        "IMAGE_PREVIEW_URL": "https://scontent-bos5-1.xx.fbcdn.net/m1/v/t6/An8xS1wTbG129Wco7zDa0_xI6LYoTFaDLS7nGRBm6_E0d7coax7A4_i9d5hzsttepQMZ7JdLSB5PhVTBGZfVruo_gyVSZ4IGpH6NY_sfh9CgimIkjtwoVzJFR_qO6b5iSXh6y8aZezhNseWqzrQo_g?stp=s1024x576&edm=AOnQwmMEAAAA&_nc_gid=L1yxt9sLQNYycwi0tCTjQQ&_nc_oc=AdpxHZpf1lPEIXXwTIaaTLpvbLD8e1c7hSvEaCALWeZPIoM1Lcm3L4dt0CjsIPsOnLY&ccb=10-5&oh=00_Af5mK420KzZgEsibJJqXNfkBlLCUOi-Q23QyFjuXKQbSHg&oe=6A395ED0&_nc_sid=201bca",
        "IMAGE_ORIGINAL_URL": "https://scontent-bos5-1.xx.fbcdn.net/m1/v/t6/An8xS1wTbG129Wco7zDa0_xI6LYoTFaDLS7nGRBm6_E0d7coax7A4_i9d5hzsttepQMZ7JdLSB5PhVTBGZfVruo_gyVSZ4IGpH6NY_sfh9CgimIkjtwoVzJFR_qO6b5iSXh6y8aZezhNseWqzrQo_g?edm=AOnQwmMEAAAA&_nc_gid=L1yxt9sLQNYycwi0tCTjQQ&_nc_oc=AdpxHZpf1lPEIXXwTIaaTLpvbLD8e1c7hSvEaCALWeZPIoM1Lcm3L4dt0CjsIPsOnLY&ccb=10-5&oh=00_Af7pTpDXWoLrIKczCf6FucsmwtZkMADPojIuClaJ9AEBWQ&oe=6A395ED0&_nc_sid=201bca",
        "SOURCE_URL": "https://www.mapillary.com/app/?pKey=150375083647953",
        "SAMPLE_MUNICIPALITY": "Medford",
        "SAMPLE_STREET_NAME": "SALEM STREET",
        "SAMPLE_SEGMENT_ID": 387194,
        "SAMPLE_LAT": 42.4202220907478,
        "SAMPLE_LNG": -71.1003168999411
      }
    },
    {
      "type": "Feature",
      "geometry": {
        "type": "Point",
        "coordinates": [
          -71.101023151025,
          42.419876917607
        ]
      },
      "properties": {
        "PROVIDER": "mapillary",
        "IMAGE_ID": "482731562845151",
        "SEQUENCE_ID": "QzvFPzShD8-Hm6PEJBP7rQ",
        "CAPTURED_AT": 1506972691400,
        "HEADING": 238.30294981792,
        "IMAGE_THUMB_URL": "https://scontent-bos5-1.xx.fbcdn.net/m1/v/t6/An9MYx-8oifyi1ZMLJIxkEvOSI7qHqd4tJrhWP3coUvB7SRj0We-XJwTij7JFkDwRhycaH55J3rZ_gvJNN652VwvVurtQo1STh0HxJRWyYnnEabpjhMuuhC4EpY1WnnCvaDzfFNKTysgC7qzaIrPSw?stp=s256x144&edm=AOnQwmMEAAAA&_nc_gid=L1yxt9sLQNYycwi0tCTjQQ&_nc_oc=Adrx6eNTHhOPZMtGMCqBE5qCxVLsX6Cf8yRQE8IqttJ5rENfdz_UHrGNky_eM63kuSA&ccb=10-5&oh=00_Af595Wwgh9oYo92grsohSMMq16WuOCmBYZabjdrkpSfPhg&oe=6A396A2F&_nc_sid=201bca",
        "IMAGE_PREVIEW_URL": "https://scontent-bos5-1.xx.fbcdn.net/m1/v/t6/An9MYx-8oifyi1ZMLJIxkEvOSI7qHqd4tJrhWP3coUvB7SRj0We-XJwTij7JFkDwRhycaH55J3rZ_gvJNN652VwvVurtQo1STh0HxJRWyYnnEabpjhMuuhC4EpY1WnnCvaDzfFNKTysgC7qzaIrPSw?stp=s1024x576&edm=AOnQwmMEAAAA&_nc_gid=L1yxt9sLQNYycwi0tCTjQQ&_nc_oc=Adrx6eNTHhOPZMtGMCqBE5qCxVLsX6Cf8yRQE8IqttJ5rENfdz_UHrGNky_eM63kuSA&ccb=10-5&oh=00_Af5VukeMFPvhBjqwSNoXRbMl8DJ19QLHkNA-xvEWJEt29Q&oe=6A396A2F&_nc_sid=201bca",
        "IMAGE_ORIGINAL_URL": "https://scontent-bos5-1.xx.fbcdn.net/m1/v/t6/An9MYx-8oifyi1ZMLJIxkEvOSI7qHqd4tJrhWP3coUvB7SRj0We-XJwTij7JFkDwRhycaH55J3rZ_gvJNN652VwvVurtQo1STh0HxJRWyYnnEabpjhMuuhC4EpY1WnnCvaDzfFNKTysgC7qzaIrPSw?edm=AOnQwmMEAAAA&_nc_gid=L1yxt9sLQNYycwi0tCTjQQ&_nc_oc=Adrx6eNTHhOPZMtGMCqBE5qCxVLsX6Cf8yRQE8IqttJ5rENfdz_UHrGNky_eM63kuSA&ccb=10-5&oh=00_Af7NbAVs5agcDkQNwbkrw1PODkWlCn3XuQA7jdMLMl6ZCA&oe=6A396A2F&_nc_sid=201bca",
        "SOURCE_URL": "https://www.mapillary.com/app/?pKey=482731562845151",
        "SAMPLE_MUNICIPALITY": "Medford",
        "SAMPLE_STREET_NAME": "SALEM STREET",
        "SAMPLE_SEGMENT_ID": 387194,
        "SAMPLE_LAT": 42.4202220907478,
        "SAMPLE_LNG": -71.1003168999411
      }
    },
    {
      "type": "Feature",
      "geometry": {
        "type": "Point",
        "coordinates": [
          -71.100789353625,
          42.419981822046
        ]
      },
      "properties": {
        "PROVIDER": "mapillary",
        "IMAGE_ID": "457583215309839",
        "SEQUENCE_ID": "QzvFPzShD8-Hm6PEJBP7rQ",
        "CAPTURED_AT": 1506972689500,
        "HEADING": 239.39771135275,
        "IMAGE_THUMB_URL": "https://scontent-bos5-1.xx.fbcdn.net/m1/v/t6/An99KyLC34TX-pl2eoEBLqRqBsplXgaeUyziWK12wLiksYAEn9zRFsIQP51SGEnHxscAps_7uX_m2TyrSVwhoqDULYomENFRlaE-jKFfpJa493Xio4SsjKPcUFH1pjCE6Ph6siMSJVM1tuMfbbcBc0o?stp=s256x144&edm=AOnQwmMEAAAA&_nc_gid=L1yxt9sLQNYycwi0tCTjQQ&_nc_oc=AdpvhTVPhte4XPln8RyMG5oEIxfY_4XAF0AzUjKu6PoqlN_XcZdn-28Ps-yxxDVf8Vk&ccb=10-5&oh=00_Af5yvZzZWAvs5gRDkQ23ghH5UoWncq6z9Zmd05sGCNXw7Q&oe=6A396733&_nc_sid=201bca",
        "IMAGE_PREVIEW_URL": "https://scontent-bos5-1.xx.fbcdn.net/m1/v/t6/An99KyLC34TX-pl2eoEBLqRqBsplXgaeUyziWK12wLiksYAEn9zRFsIQP51SGEnHxscAps_7uX_m2TyrSVwhoqDULYomENFRlaE-jKFfpJa493Xio4SsjKPcUFH1pjCE6Ph6siMSJVM1tuMfbbcBc0o?stp=s1024x576&edm=AOnQwmMEAAAA&_nc_gid=L1yxt9sLQNYycwi0tCTjQQ&_nc_oc=AdpvhTVPhte4XPln8RyMG5oEIxfY_4XAF0AzUjKu6PoqlN_XcZdn-28Ps-yxxDVf8Vk&ccb=10-5&oh=00_Af5Ei7eqt9qb0vxgIC9YBnP0Br3AAbefyWGH8h7L9tFWYA&oe=6A396733&_nc_sid=201bca",
        "IMAGE_ORIGINAL_URL": "https://scontent-bos5-1.xx.fbcdn.net/m1/v/t6/An99KyLC34TX-pl2eoEBLqRqBsplXgaeUyziWK12wLiksYAEn9zRFsIQP51SGEnHxscAps_7uX_m2TyrSVwhoqDULYomENFRlaE-jKFfpJa493Xio4SsjKPcUFH1pjCE6Ph6siMSJVM1tuMfbbcBc0o?edm=AOnQwmMEAAAA&_nc_gid=L1yxt9sLQNYycwi0tCTjQQ&_nc_oc=AdpvhTVPhte4XPln8RyMG5oEIxfY_4XAF0AzUjKu6PoqlN_XcZdn-28Ps-yxxDVf8Vk&ccb=10-5&oh=00_Af5IpajZBdIldxRfTOlRnAsEIFIaHlpZ6cQwpda1RM9EAg&oe=6A396733&_nc_sid=201bca",
        "SOURCE_URL": "https://www.mapillary.com/app/?pKey=457583215309839",
        "SAMPLE_MUNICIPALITY": "Medford",
        "SAMPLE_STREET_NAME": "SALEM STREET",
        "SAMPLE_SEGMENT_ID": 387194,
        "SAMPLE_LAT": 42.4202220907478,
        "SAMPLE_LNG": -71.1003168999411
      }
    },
    {
      "type": "Feature",
      "geometry": {
        "type": "Point",
        "coordinates": [
          -71.100876172857,
          42.41994340192
        ]
      },
      "properties": {
        "PROVIDER": "mapillary",
        "IMAGE_ID": "2892882140955014",
        "SEQUENCE_ID": "QzvFPzShD8-Hm6PEJBP7rQ",
        "CAPTURED_AT": 1506972690200,
        "HEADING": 238.67543435093,
        "IMAGE_THUMB_URL": "https://scontent-bos5-1.xx.fbcdn.net/m1/v/t6/An9bZ-xpa0WmW6txTTeask28QfH53oKDsdeM3F4y3f0ox0WpvBDuZjUzTyYDQ62SbGuL-bEDDid7fUwDz39j_Wd5OcKWt6jhySNazC7ygYh7wKtfOyn4AHyOttQklFA2iXRRt9dE6WKUru1X51zWxQ?stp=s256x144&edm=AOnQwmMEAAAA&_nc_gid=L1yxt9sLQNYycwi0tCTjQQ&_nc_oc=AdrObc2syOULxcZ7dl6jfWNvrKU5Y-faTzEAgAfgzo_iKXzBw8Z8y8LIJcmKrSLzthI&ccb=10-5&oh=00_Af7u5aJOth6yX5cWOGVoQWML07nXf0cibInDXEiO1HcK3g&oe=6A394829&_nc_sid=201bca",
        "IMAGE_PREVIEW_URL": "https://scontent-bos5-1.xx.fbcdn.net/m1/v/t6/An9bZ-xpa0WmW6txTTeask28QfH53oKDsdeM3F4y3f0ox0WpvBDuZjUzTyYDQ62SbGuL-bEDDid7fUwDz39j_Wd5OcKWt6jhySNazC7ygYh7wKtfOyn4AHyOttQklFA2iXRRt9dE6WKUru1X51zWxQ?stp=s1024x576&edm=AOnQwmMEAAAA&_nc_gid=L1yxt9sLQNYycwi0tCTjQQ&_nc_oc=AdrObc2syOULxcZ7dl6jfWNvrKU5Y-faTzEAgAfgzo_iKXzBw8Z8y8LIJcmKrSLzthI&ccb=10-5&oh=00_Af6nFpmFBphqVKJvpMuImMerc4W4a-hi8zfBkusVDjFQpw&oe=6A394829&_nc_sid=201bca",
        "IMAGE_ORIGINAL_URL": "https://scontent-bos5-1.xx.fbcdn.net/m1/v/t6/An9bZ-xpa0WmW6txTTeask28QfH53oKDsdeM3F4y3f0ox0WpvBDuZjUzTyYDQ62SbGuL-bEDDid7fUwDz39j_Wd5OcKWt6jhySNazC7ygYh7wKtfOyn4AHyOttQklFA2iXRRt9dE6WKUru1X51zWxQ?edm=AOnQwmMEAAAA&_nc_gid=L1yxt9sLQNYycwi0tCTjQQ&_nc_oc=AdrObc2syOULxcZ7dl6jfWNvrKU5Y-faTzEAgAfgzo_iKXzBw8Z8y8LIJcmKrSLzthI&ccb=10-5&oh=00_Af4DKEnUqvy2JWtMW_P6zTl1KjEl8LSYaiGdjSoX7Fptlg&oe=6A394829&_nc_sid=201bca",
        "SOURCE_URL": "https://www.mapillary.com/app/?pKey=2892882140955014",
        "SAMPLE_MUNICIPALITY": "Medford",
        "SAMPLE_STREET_NAME": "SALEM STREET",
        "SAMPLE_SEGMENT_ID": 387194,
        "SAMPLE_LAT": 42.4202220907478,
        "SAMPLE_LNG": -71.1003168999411
      }
    },
    {
      "type": "Feature",
      "geometry": {
        "type": "Point",
        "coordinates": [
          -71.099987339942,
          42.420328873835
        ]
      },
      "properties": {
        "PROVIDER": "mapillary",
        "IMAGE_ID": "301870951526969",
        "SEQUENCE_ID": "QzvFPzShD8-Hm6PEJBP7rQ",
        "CAPTURED_AT": 1506972683000,
        "HEADING": 239.43930940303,
        "IMAGE_THUMB_URL": "https://scontent-bos5-1.xx.fbcdn.net/m1/v/t6/An9GIEfOeH_qXNXKUMadRFP9NhbwRNHdIM-EN6KGVuO4tYrmmUPCi1Vg8tvxZ4t4h2712x57bwfvQ6eeoeStz4YWeaRLYg3StqMhebTd8U7l9p2tXpEAHnYArpeTF4ePFOkQ1d1-u0-1rVdOJ8vsEH0?stp=s256x144&edm=AOnQwmMEAAAA&_nc_gid=TwJyz1Icv474i3kBbMAMSA&_nc_oc=Adpl1wPwXJJcMLbqUz5ed3hfCP1LNAQTjqlIfm53qmt3ReYSNmG3ljRO1TA6aMY-gLs&ccb=10-5&oh=00_Af7q0zOqqUSjN03gp3f6HHz8SlNGkwwZn7ekVog40D1o7Q&oe=6A3950D9&_nc_sid=201bca",
        "IMAGE_PREVIEW_URL": "https://scontent-bos5-1.xx.fbcdn.net/m1/v/t6/An9GIEfOeH_qXNXKUMadRFP9NhbwRNHdIM-EN6KGVuO4tYrmmUPCi1Vg8tvxZ4t4h2712x57bwfvQ6eeoeStz4YWeaRLYg3StqMhebTd8U7l9p2tXpEAHnYArpeTF4ePFOkQ1d1-u0-1rVdOJ8vsEH0?stp=s1024x576&edm=AOnQwmMEAAAA&_nc_gid=TwJyz1Icv474i3kBbMAMSA&_nc_oc=Adpl1wPwXJJcMLbqUz5ed3hfCP1LNAQTjqlIfm53qmt3ReYSNmG3ljRO1TA6aMY-gLs&ccb=10-5&oh=00_Af5cgB29fO5zfvKrvlCk-oNStibpqqlkhUkzEzs6dJRF_g&oe=6A3950D9&_nc_sid=201bca",
        "IMAGE_ORIGINAL_URL": "https://scontent-bos5-1.xx.fbcdn.net/m1/v/t6/An9GIEfOeH_qXNXKUMadRFP9NhbwRNHdIM-EN6KGVuO4tYrmmUPCi1Vg8tvxZ4t4h2712x57bwfvQ6eeoeStz4YWeaRLYg3StqMhebTd8U7l9p2tXpEAHnYArpeTF4ePFOkQ1d1-u0-1rVdOJ8vsEH0?edm=AOnQwmMEAAAA&_nc_gid=TwJyz1Icv474i3kBbMAMSA&_nc_oc=Adpl1wPwXJJcMLbqUz5ed3hfCP1LNAQTjqlIfm53qmt3ReYSNmG3ljRO1TA6aMY-gLs&ccb=10-5&oh=00_Af6psvgi21d46GtMVsRUWQEYFLcCE-ILsVOG8DOIohv94Q&oe=6A3950D9&_nc_sid=201bca",
        "SOURCE_URL": "https://www.mapillary.com/app/?pKey=301870951526969",
        "SAMPLE_MUNICIPALITY": "Medford",
        "SAMPLE_STREET_NAME": "SALEM STREET",
        "SAMPLE_SEGMENT_ID": 387195,
        "SAMPLE_LAT": 42.420076330898,
        "SAMPLE_LNG": -71.100633172669
      }
    },
    {
      "type": "Feature",
      "geometry": {
        "type": "Point",
        "coordinates": [
          -71.100140254506,
          42.420263380142
        ]
      },
      "properties": {
        "PROVIDER": "mapillary",
        "IMAGE_ID": "1185623355225829",
        "SEQUENCE_ID": "QzvFPzShD8-Hm6PEJBP7rQ",
        "CAPTURED_AT": 1506972684200,
        "HEADING": 238.78363044102,
        "IMAGE_THUMB_URL": "https://scontent-bos5-1.xx.fbcdn.net/m1/v/t6/An83sq8A-tmfDRNeYzxGn3YYk__nHmc3b8YPEoikfNMPneGJy7JVEJpgG-IIaPOCX_jf1acPJ84c5mnFDkKd7NjdEYpLxEZDWk9nxdzE6aLvVtk5yd9y8ZwaUWabJN7BGRwF9wKx2WljuDYVrtsL_w?stp=s256x144&edm=AOnQwmMEAAAA&_nc_gid=TwJyz1Icv474i3kBbMAMSA&_nc_oc=AdrY9QrAWoHqvDLpcEwBGwzT0vhhavJ2UR8jxgRSz8FfVLWLeKM97BNJIIhkqwfwdEQ&ccb=10-5&oh=00_Af5ATOXOdZkdOS0Ibt0iWhIEzhP8aNcErIDnE8IQy4t2Vg&oe=6A3944E3&_nc_sid=201bca",
        "IMAGE_PREVIEW_URL": "https://scontent-bos5-1.xx.fbcdn.net/m1/v/t6/An83sq8A-tmfDRNeYzxGn3YYk__nHmc3b8YPEoikfNMPneGJy7JVEJpgG-IIaPOCX_jf1acPJ84c5mnFDkKd7NjdEYpLxEZDWk9nxdzE6aLvVtk5yd9y8ZwaUWabJN7BGRwF9wKx2WljuDYVrtsL_w?stp=s1024x576&edm=AOnQwmMEAAAA&_nc_gid=TwJyz1Icv474i3kBbMAMSA&_nc_oc=AdrY9QrAWoHqvDLpcEwBGwzT0vhhavJ2UR8jxgRSz8FfVLWLeKM97BNJIIhkqwfwdEQ&ccb=10-5&oh=00_Af4xSS9JRQcMNJkUmkT03413mEn_zeJeCBD_UANEBTs3AQ&oe=6A3944E3&_nc_sid=201bca",
        "IMAGE_ORIGINAL_URL": "https://scontent-bos5-1.xx.fbcdn.net/m1/v/t6/An83sq8A-tmfDRNeYzxGn3YYk__nHmc3b8YPEoikfNMPneGJy7JVEJpgG-IIaPOCX_jf1acPJ84c5mnFDkKd7NjdEYpLxEZDWk9nxdzE6aLvVtk5yd9y8ZwaUWabJN7BGRwF9wKx2WljuDYVrtsL_w?edm=AOnQwmMEAAAA&_nc_gid=TwJyz1Icv474i3kBbMAMSA&_nc_oc=AdrY9QrAWoHqvDLpcEwBGwzT0vhhavJ2UR8jxgRSz8FfVLWLeKM97BNJIIhkqwfwdEQ&ccb=10-5&oh=00_Af7_yCSPsTY_afYK1MhMRN3WUl-mADDpPC1KKZMQiDA70Q&oe=6A3944E3&_nc_sid=201bca",
        "SOURCE_URL": "https://www.mapillary.com/app/?pKey=1185623355225829",
        "SAMPLE_MUNICIPALITY": "Medford",
        "SAMPLE_STREET_NAME": "SALEM STREET",
        "SAMPLE_SEGMENT_ID": 387195,
        "SAMPLE_LAT": 42.420076330898,
        "SAMPLE_LNG": -71.100633172669
      }
    },
    {
      "type": "Feature",
      "geometry": {
        "type": "Point",
        "coordinates": [
          -71.100996143058,
          42.419601700217
        ]
      },
      "properties": {
        "PROVIDER": "mapillary",
        "IMAGE_ID": "515117359493425",
        "SEQUENCE_ID": "tiuXlnJLi8CZcHPd65K-Lw",
        "CAPTURED_AT": 1507117504448,
        "HEADING": 345.27700805664,
        "IMAGE_THUMB_URL": "https://scontent-bos5-1.xx.fbcdn.net/m1/v/t6/An_r9Foa_Tw2iYkqku5xxbxnsKY3tBWQ0bqH6Xz1k6z2DMi5oGO8Lr0yfvQXNim5Jd4HpGNR-YqnzdiG_oodRYWdWjPMk_rZUeuFbDjcIQ0YE1zkYr3JvtK2fBFpt8kuQnwKni9LnTiISVOQAJ-TSQ?stp=s256x192&edm=AOnQwmMEAAAA&_nc_gid=TwJyz1Icv474i3kBbMAMSA&_nc_oc=AdqCm1PLyFYhU8jUvwupDcbG8osh32-lzPKN5xfqSeks6G6oELFloyssZjP47WTaWH4&ccb=10-5&oh=00_Af6u8Icd50gp4fkeWRHRCIyoylGDen2FwuD8uRG6sfM86w&oe=6A395046&_nc_sid=201bca",
        "IMAGE_PREVIEW_URL": "https://scontent-bos5-1.xx.fbcdn.net/m1/v/t6/An_r9Foa_Tw2iYkqku5xxbxnsKY3tBWQ0bqH6Xz1k6z2DMi5oGO8Lr0yfvQXNim5Jd4HpGNR-YqnzdiG_oodRYWdWjPMk_rZUeuFbDjcIQ0YE1zkYr3JvtK2fBFpt8kuQnwKni9LnTiISVOQAJ-TSQ?stp=s1024x768&edm=AOnQwmMEAAAA&_nc_gid=TwJyz1Icv474i3kBbMAMSA&_nc_oc=AdqCm1PLyFYhU8jUvwupDcbG8osh32-lzPKN5xfqSeks6G6oELFloyssZjP47WTaWH4&ccb=10-5&oh=00_Af6EcVmSvbyE4Qb4g68-i8y29qJNg1ulX5W8lrI7_JsoQQ&oe=6A395046&_nc_sid=201bca",
        "IMAGE_ORIGINAL_URL": "https://scontent-bos5-1.xx.fbcdn.net/m1/v/t6/An_r9Foa_Tw2iYkqku5xxbxnsKY3tBWQ0bqH6Xz1k6z2DMi5oGO8Lr0yfvQXNim5Jd4HpGNR-YqnzdiG_oodRYWdWjPMk_rZUeuFbDjcIQ0YE1zkYr3JvtK2fBFpt8kuQnwKni9LnTiISVOQAJ-TSQ?edm=AOnQwmMEAAAA&_nc_gid=TwJyz1Icv474i3kBbMAMSA&_nc_oc=AdqCm1PLyFYhU8jUvwupDcbG8osh32-lzPKN5xfqSeks6G6oELFloyssZjP47WTaWH4&ccb=10-5&oh=00_Af7CAzTAgcn4dZ8G-gBcgrcf7D6_PI8kFrGGcDQodk1A3w&oe=6A395046&_nc_sid=201bca",
        "SOURCE_URL": "https://www.mapillary.com/app/?pKey=515117359493425",
        "SAMPLE_MUNICIPALITY": "Medford",
        "SAMPLE_STREET_NAME": "SALEM STREET",
        "SAMPLE_SEGMENT_ID": 387195,
        "SAMPLE_LAT": 42.420076330898,
        "SAMPLE_LNG": -71.100633172669
      }
    },
    {
      "type": "Feature",
      "geometry": {
        "type": "Point",
        "coordinates": [
          -71.101034418454,
          42.419714600986
        ]
      },
      "properties": {
        "PROVIDER": "mapillary",
        "IMAGE_ID": "355999292756376",
        "SEQUENCE_ID": "tiuXlnJLi8CZcHPd65K-Lw",
        "CAPTURED_AT": 1507117511293,
        "HEADING": 338.72421264648,
        "IMAGE_THUMB_URL": "https://scontent-bos5-1.xx.fbcdn.net/m1/v/t6/An-BwKp15RO5IkGExwAz_bMqXNlgmCqqIoCHgACuaP3ELFYdpepTZ0tCUimC_KNSCPl5V30ddzFcRMEPH_GBoDscTilNcsD9rCMNuN9NoI6Ei7iiDwhc_dwPSxr-5mdAxc3BkASyFNBbiepRIswokg?stp=s256x192&edm=AOnQwmMEAAAA&_nc_gid=TwJyz1Icv474i3kBbMAMSA&_nc_oc=AdrH5m16i5_stHQKVFnN3jyHbnwE-d92uR1ADwJKsYDRPLT79kgwogToeIKfAa-O4aA&ccb=10-5&oh=00_Af7PmoydJn-aGc6vfCpcoixWe8d6BlqSHxxUYKZTFAtz1A&oe=6A395EA3&_nc_sid=201bca",
        "IMAGE_PREVIEW_URL": "https://scontent-bos5-1.xx.fbcdn.net/m1/v/t6/An-BwKp15RO5IkGExwAz_bMqXNlgmCqqIoCHgACuaP3ELFYdpepTZ0tCUimC_KNSCPl5V30ddzFcRMEPH_GBoDscTilNcsD9rCMNuN9NoI6Ei7iiDwhc_dwPSxr-5mdAxc3BkASyFNBbiepRIswokg?stp=s1024x768&edm=AOnQwmMEAAAA&_nc_gid=TwJyz1Icv474i3kBbMAMSA&_nc_oc=AdrH5m16i5_stHQKVFnN3jyHbnwE-d92uR1ADwJKsYDRPLT79kgwogToeIKfAa-O4aA&ccb=10-5&oh=00_Af6BPa0cD7jcvM7of4SWhDF-gBuiTYxwm_9k503_ZZ-8dQ&oe=6A395EA3&_nc_sid=201bca",
        "IMAGE_ORIGINAL_URL": "https://scontent-bos5-1.xx.fbcdn.net/m1/v/t6/An-BwKp15RO5IkGExwAz_bMqXNlgmCqqIoCHgACuaP3ELFYdpepTZ0tCUimC_KNSCPl5V30ddzFcRMEPH_GBoDscTilNcsD9rCMNuN9NoI6Ei7iiDwhc_dwPSxr-5mdAxc3BkASyFNBbiepRIswokg?edm=AOnQwmMEAAAA&_nc_gid=TwJyz1Icv474i3kBbMAMSA&_nc_oc=AdrH5m16i5_stHQKVFnN3jyHbnwE-d92uR1ADwJKsYDRPLT79kgwogToeIKfAa-O4aA&ccb=10-5&oh=00_Af4cAXLeZCJR2kY2g7FtAcJ9rFiTD-FxeT1qcvbKAZOMCg&oe=6A395EA3&_nc_sid=201bca",
        "SOURCE_URL": "https://www.mapillary.com/app/?pKey=355999292756376",
        "SAMPLE_MUNICIPALITY": "Medford",
        "SAMPLE_STREET_NAME": "SALEM STREET",
        "SAMPLE_SEGMENT_ID": 387195,
        "SAMPLE_LAT": 42.420076330898,
        "SAMPLE_LNG": -71.100633172669
      }
    },
    {
      "type": "Feature",
      "geometry": {
        "type": "Point",
        "coordinates": [
          -71.09997441968,
          42.420334056042
        ]
      },
      "properties": {
        "PROVIDER": "mapillary",
        "IMAGE_ID": "3007386416207846",
        "SEQUENCE_ID": "QzvFPzShD8-Hm6PEJBP7rQ",
        "CAPTURED_AT": 1506972682900,
        "HEADING": 238.78354484379,
        "IMAGE_THUMB_URL": "https://scontent-bos5-1.xx.fbcdn.net/m1/v/t6/An_l8EYNezDrOMjhA27lV4kFP6xlFxifo4t1JwN1PzbjjvflbOHeMcNfF-HbiWUnki20pg_LV3x2U4VokUDNLWoOPoR8d7yBhm43k2Pds1B-JWrzabbILhYyYGijdI-iIiQm4uMNTcD4Sh9PJNP8XYU?stp=s256x144&edm=AOnQwmMEAAAA&_nc_gid=TwJyz1Icv474i3kBbMAMSA&_nc_oc=AdrkjhCWw1zMm45kW6Gw-wxokSDmcwKwxGU6NvA5tf3t0PlJrL7J0MHAmUoBKuFwWlM&ccb=10-5&oh=00_Af4qg0l0PQn2DjiMHVTetvSdnOk4eqsxS1Zn2480iHG8iA&oe=6A39492A&_nc_sid=201bca",
        "IMAGE_PREVIEW_URL": "https://scontent-bos5-1.xx.fbcdn.net/m1/v/t6/An_l8EYNezDrOMjhA27lV4kFP6xlFxifo4t1JwN1PzbjjvflbOHeMcNfF-HbiWUnki20pg_LV3x2U4VokUDNLWoOPoR8d7yBhm43k2Pds1B-JWrzabbILhYyYGijdI-iIiQm4uMNTcD4Sh9PJNP8XYU?stp=s1024x576&edm=AOnQwmMEAAAA&_nc_gid=TwJyz1Icv474i3kBbMAMSA&_nc_oc=AdrkjhCWw1zMm45kW6Gw-wxokSDmcwKwxGU6NvA5tf3t0PlJrL7J0MHAmUoBKuFwWlM&ccb=10-5&oh=00_Af47I3cZzsgwUMik7hSdlc6GfPRELw9pl_nQwKxQq7QJjw&oe=6A39492A&_nc_sid=201bca",
        "IMAGE_ORIGINAL_URL": "https://scontent-bos5-1.xx.fbcdn.net/m1/v/t6/An_l8EYNezDrOMjhA27lV4kFP6xlFxifo4t1JwN1PzbjjvflbOHeMcNfF-HbiWUnki20pg_LV3x2U4VokUDNLWoOPoR8d7yBhm43k2Pds1B-JWrzabbILhYyYGijdI-iIiQm4uMNTcD4Sh9PJNP8XYU?edm=AOnQwmMEAAAA&_nc_gid=TwJyz1Icv474i3kBbMAMSA&_nc_oc=AdrkjhCWw1zMm45kW6Gw-wxokSDmcwKwxGU6NvA5tf3t0PlJrL7J0MHAmUoBKuFwWlM&ccb=10-5&oh=00_Af7dhJfU36ML4ntw8jy8WTBLrRlvmcdt9ldPvd1oFfvKEg&oe=6A39492A&_nc_sid=201bca",
        "SOURCE_URL": "https://www.mapillary.com/app/?pKey=3007386416207846",
        "SAMPLE_MUNICIPALITY": "Medford",
        "SAMPLE_STREET_NAME": "SALEM STREET",
        "SAMPLE_SEGMENT_ID": 387195,
        "SAMPLE_LAT": 42.420076330898,
        "SAMPLE_LNG": -71.100633172669
      }
    },
    {
      "type": "Feature",
      "geometry": {
        "type": "Point",
        "coordinates": [
          -71.10027735812,
          42.420204708228
        ]
      },
      "properties": {
        "PROVIDER": "mapillary",
        "IMAGE_ID": "2873971656173573",
        "SEQUENCE_ID": "QzvFPzShD8-Hm6PEJBP7rQ",
        "CAPTURED_AT": 1506972685300,
        "HEADING": 240.93748972772,
        "IMAGE_THUMB_URL": "https://scontent-bos5-1.xx.fbcdn.net/m1/v/t6/An8OT0yYxa3TvPITcSztgqLWgrEhqBd4Uv3AhksAMT1KbyD9SSO0G-2IbrwLyo-ZAl3fkMd5uwFCMUhtPC5K44DeTGvlCZCjbTSTRf-QOFBs5h-D8MX1tw1UbLuQro2FTQ3GGBvG84181pKKzaqLEA?stp=s256x144&edm=AOnQwmMEAAAA&_nc_gid=TwJyz1Icv474i3kBbMAMSA&_nc_oc=AdrNWKMue_op729MAZEHdYZKVwRUjpE0soQODzoH2qZJFb75vpFWwoCOpZQbq8Yj9yI&ccb=10-5&oh=00_Af7M5ldPoGMK-pTOWF9G00HMvYkj16p1Oft05cnoBs1LEA&oe=6A393AE4&_nc_sid=201bca",
        "IMAGE_PREVIEW_URL": "https://scontent-bos5-1.xx.fbcdn.net/m1/v/t6/An8OT0yYxa3TvPITcSztgqLWgrEhqBd4Uv3AhksAMT1KbyD9SSO0G-2IbrwLyo-ZAl3fkMd5uwFCMUhtPC5K44DeTGvlCZCjbTSTRf-QOFBs5h-D8MX1tw1UbLuQro2FTQ3GGBvG84181pKKzaqLEA?stp=s1024x576&edm=AOnQwmMEAAAA&_nc_gid=TwJyz1Icv474i3kBbMAMSA&_nc_oc=AdrNWKMue_op729MAZEHdYZKVwRUjpE0soQODzoH2qZJFb75vpFWwoCOpZQbq8Yj9yI&ccb=10-5&oh=00_Af7rgebsnXo4WFtUj-tSzf0QwWttvIevvxy28PNblnvJFg&oe=6A393AE4&_nc_sid=201bca",
        "IMAGE_ORIGINAL_URL": "https://scontent-bos5-1.xx.fbcdn.net/m1/v/t6/An8OT0yYxa3TvPITcSztgqLWgrEhqBd4Uv3AhksAMT1KbyD9SSO0G-2IbrwLyo-ZAl3fkMd5uwFCMUhtPC5K44DeTGvlCZCjbTSTRf-QOFBs5h-D8MX1tw1UbLuQro2FTQ3GGBvG84181pKKzaqLEA?edm=AOnQwmMEAAAA&_nc_gid=TwJyz1Icv474i3kBbMAMSA&_nc_oc=AdrNWKMue_op729MAZEHdYZKVwRUjpE0soQODzoH2qZJFb75vpFWwoCOpZQbq8Yj9yI&ccb=10-5&oh=00_Af4juq6PNHNzCyPytNr3nSMlRZxdeqY4fAfO2P00kmJH3A&oe=6A393AE4&_nc_sid=201bca",
        "SOURCE_URL": "https://www.mapillary.com/app/?pKey=2873971656173573",
        "SAMPLE_MUNICIPALITY": "Medford",
        "SAMPLE_STREET_NAME": "SALEM STREET",
        "SAMPLE_SEGMENT_ID": 387195,
        "SAMPLE_LAT": 42.420076330898,
        "SAMPLE_LNG": -71.100633172669
      }
    },
    {
      "type": "Feature",
      "geometry": {
        "type": "Point",
        "coordinates": [
          -71.101018250712,
          42.41967633376
        ]
      },
      "properties": {
        "PROVIDER": "mapillary",
        "IMAGE_ID": "497009851720174",
        "SEQUENCE_ID": "tiuXlnJLi8CZcHPd65K-Lw",
        "CAPTURED_AT": 1507117509416,
        "HEADING": 341.60949707031,
        "IMAGE_THUMB_URL": "https://scontent-bos5-1.xx.fbcdn.net/m1/v/t6/An_h6QGuq7ovtKjH0DW47C4DXK8H4m1D9guVUPsudIFLInv_XHV1PaNdIH2umFjkJ7x1HwnDfNJdLCvf2rrzSqMfKRQegjwANbFv3mT2LxbFKe4qZdNwFV8x5T-JreWl55NDlB6Y4SAJfb7hVbj_8g?stp=s256x192&edm=AOnQwmMEAAAA&_nc_gid=TwJyz1Icv474i3kBbMAMSA&_nc_oc=AdquuEUOh16YIV86HdiZi-X285Y7Ci02jei8hbeiHw8vSJGEU1zDtcRg6wwOp4a1znE&ccb=10-5&oh=00_Af5wvCytPmT21HFhVCMsaBjl4kzQuM0d1doaX2IIAdmGog&oe=6A3943AE&_nc_sid=201bca",
        "IMAGE_PREVIEW_URL": "https://scontent-bos5-1.xx.fbcdn.net/m1/v/t6/An_h6QGuq7ovtKjH0DW47C4DXK8H4m1D9guVUPsudIFLInv_XHV1PaNdIH2umFjkJ7x1HwnDfNJdLCvf2rrzSqMfKRQegjwANbFv3mT2LxbFKe4qZdNwFV8x5T-JreWl55NDlB6Y4SAJfb7hVbj_8g?stp=s1024x768&edm=AOnQwmMEAAAA&_nc_gid=TwJyz1Icv474i3kBbMAMSA&_nc_oc=AdquuEUOh16YIV86HdiZi-X285Y7Ci02jei8hbeiHw8vSJGEU1zDtcRg6wwOp4a1znE&ccb=10-5&oh=00_Af7Eb4BjDUZIMX87wys1wGE-3Hp8767kq4jCsdHfNvVNEQ&oe=6A3943AE&_nc_sid=201bca",
        "IMAGE_ORIGINAL_URL": "https://scontent-bos5-1.xx.fbcdn.net/m1/v/t6/An_h6QGuq7ovtKjH0DW47C4DXK8H4m1D9guVUPsudIFLInv_XHV1PaNdIH2umFjkJ7x1HwnDfNJdLCvf2rrzSqMfKRQegjwANbFv3mT2LxbFKe4qZdNwFV8x5T-JreWl55NDlB6Y4SAJfb7hVbj_8g?edm=AOnQwmMEAAAA&_nc_gid=TwJyz1Icv474i3kBbMAMSA&_nc_oc=AdquuEUOh16YIV86HdiZi-X285Y7Ci02jei8hbeiHw8vSJGEU1zDtcRg6wwOp4a1znE&ccb=10-5&oh=00_Af4y-77D9uQwbzBtKOvyvtxwjJbEGqigE0J3DoLj0IXJ8g&oe=6A3943AE&_nc_sid=201bca",
        "SOURCE_URL": "https://www.mapillary.com/app/?pKey=497009851720174",
        "SAMPLE_MUNICIPALITY": "Medford",
        "SAMPLE_STREET_NAME": "SALEM STREET",
        "SAMPLE_SEGMENT_ID": 387195,
        "SAMPLE_LAT": 42.420076330898,
        "SAMPLE_LNG": -71.100633172669
      }
    },
    {
      "type": "Feature",
      "geometry": {
        "type": "Point",
        "coordinates": [
          -71.09988386366,
          42.420372691864
        ]
      },
      "properties": {
        "PROVIDER": "mapillary",
        "IMAGE_ID": "292722295531640",
        "SEQUENCE_ID": "QzvFPzShD8-Hm6PEJBP7rQ",
        "CAPTURED_AT": 1506972682200,
        "HEADING": 238.78358449937,
        "IMAGE_THUMB_URL": "https://scontent-bos5-1.xx.fbcdn.net/m1/v/t6/An9y8vtWdn319Ztw91FqA7gRbFH3MYoSyKYTTomPpjCYjg1lc9sEeP3tqUJZiWlQDotDmIIVSGmYwHkazq1GkYA2MDCYejEl_s0PZpJZGnICvhEEt-28frWNM_CR0IB2foqI931-RgZXIT-WWYBdw3c?stp=s256x144&edm=AOnQwmMEAAAA&_nc_gid=TwJyz1Icv474i3kBbMAMSA&_nc_oc=Adq3L7_jZx8qE7qbqFcTFWYMcRDIWLMMGuximD3H7SdYoOLs3PK37ukd2IEj5viCw-I&ccb=10-5&oh=00_Af6TSzrIOSDjkEZW27amnAN2CzYKB2X04mdWbc01Wi9oKQ&oe=6A394D4E&_nc_sid=201bca",
        "IMAGE_PREVIEW_URL": "https://scontent-bos5-1.xx.fbcdn.net/m1/v/t6/An9y8vtWdn319Ztw91FqA7gRbFH3MYoSyKYTTomPpjCYjg1lc9sEeP3tqUJZiWlQDotDmIIVSGmYwHkazq1GkYA2MDCYejEl_s0PZpJZGnICvhEEt-28frWNM_CR0IB2foqI931-RgZXIT-WWYBdw3c?stp=s1024x576&edm=AOnQwmMEAAAA&_nc_gid=TwJyz1Icv474i3kBbMAMSA&_nc_oc=Adq3L7_jZx8qE7qbqFcTFWYMcRDIWLMMGuximD3H7SdYoOLs3PK37ukd2IEj5viCw-I&ccb=10-5&oh=00_Af7-NYiP6H2fYeJorsiV8qsHukgb8SGuI5MYr6z6HPOvqQ&oe=6A394D4E&_nc_sid=201bca",
        "IMAGE_ORIGINAL_URL": "https://scontent-bos5-1.xx.fbcdn.net/m1/v/t6/An9y8vtWdn319Ztw91FqA7gRbFH3MYoSyKYTTomPpjCYjg1lc9sEeP3tqUJZiWlQDotDmIIVSGmYwHkazq1GkYA2MDCYejEl_s0PZpJZGnICvhEEt-28frWNM_CR0IB2foqI931-RgZXIT-WWYBdw3c?edm=AOnQwmMEAAAA&_nc_gid=TwJyz1Icv474i3kBbMAMSA&_nc_oc=Adq3L7_jZx8qE7qbqFcTFWYMcRDIWLMMGuximD3H7SdYoOLs3PK37ukd2IEj5viCw-I&ccb=10-5&oh=00_Af4edkgGfXypZSooHoMnIt0Dbx-Xm1LKrqCMLYeQUD3_wA&oe=6A394D4E&_nc_sid=201bca",
        "SOURCE_URL": "https://www.mapillary.com/app/?pKey=292722295531640",
        "SAMPLE_MUNICIPALITY": "Medford",
        "SAMPLE_STREET_NAME": "SALEM STREET",
        "SAMPLE_SEGMENT_ID": 387195,
        "SAMPLE_LAT": 42.420076330898,
        "SAMPLE_LNG": -71.100633172669
      }
    },
    {
      "type": "Feature",
      "geometry": {
        "type": "Point",
        "coordinates": [
          -71.100523635663,
          42.420097825329
        ]
      },
      "properties": {
        "PROVIDER": "mapillary",
        "IMAGE_ID": "4729534733741164",
        "SEQUENCE_ID": "QzvFPzShD8-Hm6PEJBP7rQ",
        "CAPTURED_AT": 1506972687300,
        "HEADING": 239.63922276255,
        "IMAGE_THUMB_URL": "https://scontent-bos5-1.xx.fbcdn.net/m1/v/t6/An-Q3_6GnTbyZjtBr87BZzIPVsh0QYprMspc09OYP6FzUNZl6ufZwCOwapMaGxrAjyj9PMdT7nRV8Kcfc_7hoHUPeGYQtSFNOQC3qm-xnA8q3i1-x8_d3f6MC3zyZq1pYBaklx56WoA7a7LaDZJ2uA?stp=s256x144&edm=AOnQwmMEAAAA&_nc_gid=_w0-y7zpMP-PSaGpMzrofg&_nc_oc=AdoPM644tiIJRX2v6DsG6BqKTtg9eiV34yPixoAAIJXkxYx2JajnWMEdCEI9rxwqrL8&ccb=10-5&oh=00_Af4SHiPVyfF8JFRQiZLi2Q9a16aoxyDUC-2QFoab3PPq8w&oe=6A3948A8&_nc_sid=201bca",
        "IMAGE_PREVIEW_URL": "https://scontent-bos5-1.xx.fbcdn.net/m1/v/t6/An-Q3_6GnTbyZjtBr87BZzIPVsh0QYprMspc09OYP6FzUNZl6ufZwCOwapMaGxrAjyj9PMdT7nRV8Kcfc_7hoHUPeGYQtSFNOQC3qm-xnA8q3i1-x8_d3f6MC3zyZq1pYBaklx56WoA7a7LaDZJ2uA?stp=s1024x576&edm=AOnQwmMEAAAA&_nc_gid=_w0-y7zpMP-PSaGpMzrofg&_nc_oc=AdoPM644tiIJRX2v6DsG6BqKTtg9eiV34yPixoAAIJXkxYx2JajnWMEdCEI9rxwqrL8&ccb=10-5&oh=00_Af6b7jgu3i-zj_5YFID8dtTQrDHgF94uR5epxj2CCh3O-w&oe=6A3948A8&_nc_sid=201bca",
        "IMAGE_ORIGINAL_URL": "https://scontent-bos5-1.xx.fbcdn.net/m1/v/t6/An-Q3_6GnTbyZjtBr87BZzIPVsh0QYprMspc09OYP6FzUNZl6ufZwCOwapMaGxrAjyj9PMdT7nRV8Kcfc_7hoHUPeGYQtSFNOQC3qm-xnA8q3i1-x8_d3f6MC3zyZq1pYBaklx56WoA7a7LaDZJ2uA?edm=AOnQwmMEAAAA&_nc_gid=_w0-y7zpMP-PSaGpMzrofg&_nc_oc=AdoPM644tiIJRX2v6DsG6BqKTtg9eiV34yPixoAAIJXkxYx2JajnWMEdCEI9rxwqrL8&ccb=10-5&oh=00_Af61L5OnQh0tmbVpbw7kD7cFr8JtHtZjLSOMKppdypBe4g&oe=6A3948A8&_nc_sid=201bca",
        "SOURCE_URL": "https://www.mapillary.com/app/?pKey=4729534733741164",
        "SAMPLE_MUNICIPALITY": "Medford",
        "SAMPLE_STREET_NAME": "SALEM STREET",
        "SAMPLE_SEGMENT_ID": 387196,
        "SAMPLE_LAT": 42.4198334090548,
        "SAMPLE_LNG": -71.1011638356866
      }
    },
    {
      "type": "Feature",
      "geometry": {
        "type": "Point",
        "coordinates": [
          -71.101199609703,
          42.419797732516
        ]
      },
      "properties": {
        "PROVIDER": "mapillary",
        "IMAGE_ID": "506239150797754",
        "SEQUENCE_ID": "QzvFPzShD8-Hm6PEJBP7rQ",
        "CAPTURED_AT": 1506972692800,
        "HEADING": 240.89573779294,
        "IMAGE_THUMB_URL": "https://scontent-bos5-1.xx.fbcdn.net/m1/v/t6/An_Jjt8DB3HGO1NiGXyPv87Rt1A8yXY-hhk9lTKQRMAbfbIubmVa6q0uHfije6osd-TA69WIMfGZED-C9rO6bn6zNtmELYvWRoYSGONL9Ne1VDJKQlyXNu62_0HcxgpCSnQKE6UG7HqqxNTKJtCqJw?stp=s256x144&edm=AOnQwmMEAAAA&_nc_gid=_w0-y7zpMP-PSaGpMzrofg&_nc_oc=AdrgGJ1TsKGEyMV6Vnf05uTOpWuMzTLC6Y6pL_gQl27P38X0lv6ZaAFngOiPZTxueEU&ccb=10-5&oh=00_Af7Vc_A73BAs7UZ6hSm6tg4O0DK_qMVnQTDBtesdx47I6A&oe=6A395820&_nc_sid=201bca",
        "IMAGE_PREVIEW_URL": "https://scontent-bos5-1.xx.fbcdn.net/m1/v/t6/An_Jjt8DB3HGO1NiGXyPv87Rt1A8yXY-hhk9lTKQRMAbfbIubmVa6q0uHfije6osd-TA69WIMfGZED-C9rO6bn6zNtmELYvWRoYSGONL9Ne1VDJKQlyXNu62_0HcxgpCSnQKE6UG7HqqxNTKJtCqJw?stp=s1024x576&edm=AOnQwmMEAAAA&_nc_gid=_w0-y7zpMP-PSaGpMzrofg&_nc_oc=AdrgGJ1TsKGEyMV6Vnf05uTOpWuMzTLC6Y6pL_gQl27P38X0lv6ZaAFngOiPZTxueEU&ccb=10-5&oh=00_Af6fY68KfSNxEotMGda3SqJq_tRVdqSvNxtS8DExiQVdMA&oe=6A395820&_nc_sid=201bca",
        "IMAGE_ORIGINAL_URL": "https://scontent-bos5-1.xx.fbcdn.net/m1/v/t6/An_Jjt8DB3HGO1NiGXyPv87Rt1A8yXY-hhk9lTKQRMAbfbIubmVa6q0uHfije6osd-TA69WIMfGZED-C9rO6bn6zNtmELYvWRoYSGONL9Ne1VDJKQlyXNu62_0HcxgpCSnQKE6UG7HqqxNTKJtCqJw?edm=AOnQwmMEAAAA&_nc_gid=_w0-y7zpMP-PSaGpMzrofg&_nc_oc=AdrgGJ1TsKGEyMV6Vnf05uTOpWuMzTLC6Y6pL_gQl27P38X0lv6ZaAFngOiPZTxueEU&ccb=10-5&oh=00_Af40MZZiSNFmG2jGCeEcF4ljvM8XGOOU4gT-SyJd7DdXlQ&oe=6A395820&_nc_sid=201bca",
        "SOURCE_URL": "https://www.mapillary.com/app/?pKey=506239150797754",
        "SAMPLE_MUNICIPALITY": "Medford",
        "SAMPLE_STREET_NAME": "SALEM STREET",
        "SAMPLE_SEGMENT_ID": 387196,
        "SAMPLE_LAT": 42.4198334090548,
        "SAMPLE_LNG": -71.1011638356866
      }
    },
    {
      "type": "Feature",
      "geometry": {
        "type": "Point",
        "coordinates": [
          -71.100362991215,
          42.42016788587
        ]
      },
      "properties": {
        "PROVIDER": "mapillary",
        "IMAGE_ID": "191011169537724",
        "SEQUENCE_ID": "QzvFPzShD8-Hm6PEJBP7rQ",
        "CAPTURED_AT": 1506972686000,
        "HEADING": 240.62234589405,
        "IMAGE_THUMB_URL": "https://scontent-bos5-1.xx.fbcdn.net/m1/v/t6/An-ZCd_6nsY7e2AIz1L_1AnNXccglr3mA9LcOUy0XapBALkX1SFB3kuBvOpGz48UTva6WoX9Lq43Kgs_i5tvjrNP12QHQ4r02fBlF-DaBEw2yciV8ag7YdZe8eZrFueaHrjVdTlO8mwqvcLDR398jQ?stp=s256x144&edm=AOnQwmMEAAAA&_nc_gid=_w0-y7zpMP-PSaGpMzrofg&_nc_oc=Adr1ki7_n4q-zSSsoDnLXFHAT_cEnkZYmtwkyaLn7gZ0CPeRI-iHE2PiSuR6rj8hKOs&ccb=10-5&oh=00_Af4RSDNEYHIuhwjorefB3f-gS9Mx6NmjaxGSXSqNd5XJxw&oe=6A393805&_nc_sid=201bca",
        "IMAGE_PREVIEW_URL": "https://scontent-bos5-1.xx.fbcdn.net/m1/v/t6/An-ZCd_6nsY7e2AIz1L_1AnNXccglr3mA9LcOUy0XapBALkX1SFB3kuBvOpGz48UTva6WoX9Lq43Kgs_i5tvjrNP12QHQ4r02fBlF-DaBEw2yciV8ag7YdZe8eZrFueaHrjVdTlO8mwqvcLDR398jQ?stp=s1024x576&edm=AOnQwmMEAAAA&_nc_gid=_w0-y7zpMP-PSaGpMzrofg&_nc_oc=Adr1ki7_n4q-zSSsoDnLXFHAT_cEnkZYmtwkyaLn7gZ0CPeRI-iHE2PiSuR6rj8hKOs&ccb=10-5&oh=00_Af4vKbnB97bAVQJseVXtrDFW63mN7WOls1-kpUdz4LT4sQ&oe=6A393805&_nc_sid=201bca",
        "IMAGE_ORIGINAL_URL": "https://scontent-bos5-1.xx.fbcdn.net/m1/v/t6/An-ZCd_6nsY7e2AIz1L_1AnNXccglr3mA9LcOUy0XapBALkX1SFB3kuBvOpGz48UTva6WoX9Lq43Kgs_i5tvjrNP12QHQ4r02fBlF-DaBEw2yciV8ag7YdZe8eZrFueaHrjVdTlO8mwqvcLDR398jQ?edm=AOnQwmMEAAAA&_nc_gid=_w0-y7zpMP-PSaGpMzrofg&_nc_oc=Adr1ki7_n4q-zSSsoDnLXFHAT_cEnkZYmtwkyaLn7gZ0CPeRI-iHE2PiSuR6rj8hKOs&ccb=10-5&oh=00_Af55CsF5wxGIAGXc2w1CQwDpYbij9flTzmoFGfe9esAtrg&oe=6A393805&_nc_sid=201bca",
        "SOURCE_URL": "https://www.mapillary.com/app/?pKey=191011169537724",
        "SAMPLE_MUNICIPALITY": "Medford",
        "SAMPLE_STREET_NAME": "SALEM STREET",
        "SAMPLE_SEGMENT_ID": 387196,
        "SAMPLE_LAT": 42.4198334090548,
        "SAMPLE_LNG": -71.1011638356866
      }
    },
    {
      "type": "Feature",
      "geometry": {
        "type": "Point",
        "coordinates": [
          -71.100350718564,
          42.420173167395
        ]
      },
      "properties": {
        "PROVIDER": "mapillary",
        "IMAGE_ID": "395024608200338",
        "SEQUENCE_ID": "QzvFPzShD8-Hm6PEJBP7rQ",
        "CAPTURED_AT": 1506972685900,
        "HEADING": 240.93737537704,
        "IMAGE_THUMB_URL": "https://scontent-bos5-1.xx.fbcdn.net/m1/v/t6/An_5uJHNLNIyzmkubxdzUyJ4sSEpbG1ZXVH-9w2HipW7RRyDJKRQZwyz5gyaUx0e1Rx-mciOQ5Q1pJUSGQK73ob4AyzmZTNu2nSS7kQr7b7ReO2yxzm8IjE7RkwV_pvLV78ZhY-ytz44r5vWpucsNt4?stp=s256x144&edm=AOnQwmMEAAAA&_nc_gid=_w0-y7zpMP-PSaGpMzrofg&_nc_oc=AdqAeNCQikZ6BJRfoBrJI-6Wq_rxXpXUQHfsbgzDuPCGxarnoS61mhnBPQQqrOj9_ys&ccb=10-5&oh=00_Af5Ie7wRRdLVb_Rxsoh5W4ucFHhKEw8bPBqc2JBI1k1oVA&oe=6A3955AF&_nc_sid=201bca",
        "IMAGE_PREVIEW_URL": "https://scontent-bos5-1.xx.fbcdn.net/m1/v/t6/An_5uJHNLNIyzmkubxdzUyJ4sSEpbG1ZXVH-9w2HipW7RRyDJKRQZwyz5gyaUx0e1Rx-mciOQ5Q1pJUSGQK73ob4AyzmZTNu2nSS7kQr7b7ReO2yxzm8IjE7RkwV_pvLV78ZhY-ytz44r5vWpucsNt4?stp=s1024x576&edm=AOnQwmMEAAAA&_nc_gid=_w0-y7zpMP-PSaGpMzrofg&_nc_oc=AdqAeNCQikZ6BJRfoBrJI-6Wq_rxXpXUQHfsbgzDuPCGxarnoS61mhnBPQQqrOj9_ys&ccb=10-5&oh=00_Af51wp6-B0ll3BwmVWnPvmXPh941CyDG0yhN1TDjwyqqGA&oe=6A3955AF&_nc_sid=201bca",
        "IMAGE_ORIGINAL_URL": "https://scontent-bos5-1.xx.fbcdn.net/m1/v/t6/An_5uJHNLNIyzmkubxdzUyJ4sSEpbG1ZXVH-9w2HipW7RRyDJKRQZwyz5gyaUx0e1Rx-mciOQ5Q1pJUSGQK73ob4AyzmZTNu2nSS7kQr7b7ReO2yxzm8IjE7RkwV_pvLV78ZhY-ytz44r5vWpucsNt4?edm=AOnQwmMEAAAA&_nc_gid=_w0-y7zpMP-PSaGpMzrofg&_nc_oc=AdqAeNCQikZ6BJRfoBrJI-6Wq_rxXpXUQHfsbgzDuPCGxarnoS61mhnBPQQqrOj9_ys&ccb=10-5&oh=00_Af4LYxe09v35FJcy2alkMEnd4nxhr-M38-Hd0azhaGQGlw&oe=6A3955AF&_nc_sid=201bca",
        "SOURCE_URL": "https://www.mapillary.com/app/?pKey=395024608200338",
        "SAMPLE_MUNICIPALITY": "Medford",
        "SAMPLE_STREET_NAME": "SALEM STREET",
        "SAMPLE_SEGMENT_ID": 387196,
        "SAMPLE_LAT": 42.4198334090548,
        "SAMPLE_LNG": -71.1011638356866
      }
    },
    {
      "type": "Feature",
      "geometry": {
        "type": "Point",
        "coordinates": [
          -71.10045857275,
          42.420228431918
        ]
      },
      "properties": {
        "PROVIDER": "mapillary",
        "IMAGE_ID": "2930594063892867",
        "SEQUENCE_ID": "dmrjph964kvpo1jr0jun6h",
        "CAPTURED_AT": 1426334204000,
        "HEADING": 50.51007,
        "IMAGE_THUMB_URL": "https://scontent-bos5-1.xx.fbcdn.net/m1/v/t6/An9KhMN2idDJJrpDj-7ovepIW-AHe7YaQ1Djli6WQE5_gArb6Ls-_vIFILooUj926AY2EF0PbHIPj1y4LjDYIkV3J8BfCQC0b1o7iTl4jrrJl_a6ueeAZRamleW1RYtDdZiJ6rHalY6P6qJch0Q8vg?stp=s256x192&edm=AOnQwmMEAAAA&_nc_gid=_w0-y7zpMP-PSaGpMzrofg&_nc_oc=AdpYN4iihvF6NsZ8YKS2ekA5aN7c9gjqUrC103Ed7z3PbTdc7MK3duBLVj3vL3TVqMo&ccb=10-5&oh=00_Af5JtXdm6WFk_lGFQy58HqS4BtO0KNON5Q7hafAcAUPvMg&oe=6A393FE9&_nc_sid=201bca",
        "IMAGE_PREVIEW_URL": "https://scontent-bos5-1.xx.fbcdn.net/m1/v/t6/An9KhMN2idDJJrpDj-7ovepIW-AHe7YaQ1Djli6WQE5_gArb6Ls-_vIFILooUj926AY2EF0PbHIPj1y4LjDYIkV3J8BfCQC0b1o7iTl4jrrJl_a6ueeAZRamleW1RYtDdZiJ6rHalY6P6qJch0Q8vg?stp=s1024x768&edm=AOnQwmMEAAAA&_nc_gid=_w0-y7zpMP-PSaGpMzrofg&_nc_oc=AdpYN4iihvF6NsZ8YKS2ekA5aN7c9gjqUrC103Ed7z3PbTdc7MK3duBLVj3vL3TVqMo&ccb=10-5&oh=00_Af6uTIpk3GSsxjvoxdN5KQRor2MjuevPRaBbkrE6emGcmg&oe=6A393FE9&_nc_sid=201bca",
        "IMAGE_ORIGINAL_URL": "https://scontent-bos5-1.xx.fbcdn.net/m1/v/t6/An9KhMN2idDJJrpDj-7ovepIW-AHe7YaQ1Djli6WQE5_gArb6Ls-_vIFILooUj926AY2EF0PbHIPj1y4LjDYIkV3J8BfCQC0b1o7iTl4jrrJl_a6ueeAZRamleW1RYtDdZiJ6rHalY6P6qJch0Q8vg?edm=AOnQwmMEAAAA&_nc_gid=_w0-y7zpMP-PSaGpMzrofg&_nc_oc=AdpYN4iihvF6NsZ8YKS2ekA5aN7c9gjqUrC103Ed7z3PbTdc7MK3duBLVj3vL3TVqMo&ccb=10-5&oh=00_Af5vou_2HJcvrAmPtRz3Fqt8uQopjg9dxwU7YHcknUHA0A&oe=6A393FE9&_nc_sid=201bca",
        "SOURCE_URL": "https://www.mapillary.com/app/?pKey=2930594063892867",
        "SAMPLE_MUNICIPALITY": "Medford",
        "SAMPLE_STREET_NAME": "SALEM STREET",
        "SAMPLE_SEGMENT_ID": 387196,
        "SAMPLE_LAT": 42.4198334090548,
        "SAMPLE_LNG": -71.1011638356866
      }
    },
    {
      "type": "Feature",
      "geometry": {
        "type": "Point",
        "coordinates": [
          -71.100461378879,
          42.420125028362
        ]
      },
      "properties": {
        "PROVIDER": "mapillary",
        "IMAGE_ID": "305497144441771",
        "SEQUENCE_ID": "QzvFPzShD8-Hm6PEJBP7rQ",
        "CAPTURED_AT": 1506972686800,
        "HEADING": 240.62241552147,
        "IMAGE_THUMB_URL": "https://scontent-bos5-1.xx.fbcdn.net/m1/v/t6/An9lViUwDFyWwCcKslBw2dT3R06qFAMcCm7_dYJonTcVvy8hJo9LqKPAiXPNsX_akI3HZqDUvmexvMwaeA3HG1-VKn9kNs94wmJcR1g-iXYe2nmoikFPa52og9IuDV8NqV5SCchXPMZ-OdsMfSS3IA?stp=s256x144&edm=AOnQwmMEAAAA&_nc_gid=_w0-y7zpMP-PSaGpMzrofg&_nc_oc=AdpZgMFJflIe0jStBcHlniCk8rHrAqDZZCIAM2Xwk__KJ0ce5mtsbK9_VC_U_E6r_p4&ccb=10-5&oh=00_Af67ap0GXB27-wtGuDgfF1z5ddF_gy1fzk5Jx_vfnlimlQ&oe=6A394ADC&_nc_sid=201bca",
        "IMAGE_PREVIEW_URL": "https://scontent-bos5-1.xx.fbcdn.net/m1/v/t6/An9lViUwDFyWwCcKslBw2dT3R06qFAMcCm7_dYJonTcVvy8hJo9LqKPAiXPNsX_akI3HZqDUvmexvMwaeA3HG1-VKn9kNs94wmJcR1g-iXYe2nmoikFPa52og9IuDV8NqV5SCchXPMZ-OdsMfSS3IA?stp=s1024x576&edm=AOnQwmMEAAAA&_nc_gid=_w0-y7zpMP-PSaGpMzrofg&_nc_oc=AdpZgMFJflIe0jStBcHlniCk8rHrAqDZZCIAM2Xwk__KJ0ce5mtsbK9_VC_U_E6r_p4&ccb=10-5&oh=00_Af4msgxXZZe-NXZq4_Fx_hjL_qHLRt2oJn9fwdQPRzIzyA&oe=6A394ADC&_nc_sid=201bca",
        "IMAGE_ORIGINAL_URL": "https://scontent-bos5-1.xx.fbcdn.net/m1/v/t6/An9lViUwDFyWwCcKslBw2dT3R06qFAMcCm7_dYJonTcVvy8hJo9LqKPAiXPNsX_akI3HZqDUvmexvMwaeA3HG1-VKn9kNs94wmJcR1g-iXYe2nmoikFPa52og9IuDV8NqV5SCchXPMZ-OdsMfSS3IA?edm=AOnQwmMEAAAA&_nc_gid=_w0-y7zpMP-PSaGpMzrofg&_nc_oc=AdpZgMFJflIe0jStBcHlniCk8rHrAqDZZCIAM2Xwk__KJ0ce5mtsbK9_VC_U_E6r_p4&ccb=10-5&oh=00_Af657XiOFkSEngASHJu1FkXxrflstzReDkhu0uR_CK1jRg&oe=6A394ADC&_nc_sid=201bca",
        "SOURCE_URL": "https://www.mapillary.com/app/?pKey=305497144441771",
        "SAMPLE_MUNICIPALITY": "Medford",
        "SAMPLE_STREET_NAME": "SALEM STREET",
        "SAMPLE_SEGMENT_ID": 387196,
        "SAMPLE_LAT": 42.4198334090548,
        "SAMPLE_LNG": -71.1011638356866
      }
    },
    {
      "type": "Feature",
      "geometry": {
        "type": "Point",
        "coordinates": [
          -71.100338359479,
          42.420178437965
        ]
      },
      "properties": {
        "PROVIDER": "mapillary",
        "IMAGE_ID": "329681452112235",
        "SEQUENCE_ID": "QzvFPzShD8-Hm6PEJBP7rQ",
        "CAPTURED_AT": 1506972685800,
        "HEADING": 240.93737326945,
        "IMAGE_THUMB_URL": "https://scontent-bos5-1.xx.fbcdn.net/m1/v/t6/An-dW12r8s85h27GJ8raRcCHeLyzYadRFOcZ8B3v0T3WRXeBMHktZXBzn0Wauv4mQ6AGYBU6hlaZFS6fXH0JGmkShNlBymT8P-IJQEsfnNiG4waelOz0kXNAAJCXjnRgk-j4ZfoOhT_ud4eW-tXdrg?stp=s256x144&edm=AOnQwmMEAAAA&_nc_gid=_w0-y7zpMP-PSaGpMzrofg&_nc_oc=AdrRxZk-g4Rd9jgElySkqzczU7vhvEUKIFUvfip6P7C9-usO7MDPn00eQ5_5F3HGLy0&ccb=10-5&oh=00_Af7XM7kJ9IOiARyZdg_HNBal9m2c-nSIXEdM0WkFyyyuVw&oe=6A394FAD&_nc_sid=201bca",
        "IMAGE_PREVIEW_URL": "https://scontent-bos5-1.xx.fbcdn.net/m1/v/t6/An-dW12r8s85h27GJ8raRcCHeLyzYadRFOcZ8B3v0T3WRXeBMHktZXBzn0Wauv4mQ6AGYBU6hlaZFS6fXH0JGmkShNlBymT8P-IJQEsfnNiG4waelOz0kXNAAJCXjnRgk-j4ZfoOhT_ud4eW-tXdrg?stp=s1024x576&edm=AOnQwmMEAAAA&_nc_gid=_w0-y7zpMP-PSaGpMzrofg&_nc_oc=AdrRxZk-g4Rd9jgElySkqzczU7vhvEUKIFUvfip6P7C9-usO7MDPn00eQ5_5F3HGLy0&ccb=10-5&oh=00_Af7dgEGBEWMqa61oNwUl8PSTDxb32LOBWNuupQHxsJoK_A&oe=6A394FAD&_nc_sid=201bca",
        "IMAGE_ORIGINAL_URL": "https://scontent-bos5-1.xx.fbcdn.net/m1/v/t6/An-dW12r8s85h27GJ8raRcCHeLyzYadRFOcZ8B3v0T3WRXeBMHktZXBzn0Wauv4mQ6AGYBU6hlaZFS6fXH0JGmkShNlBymT8P-IJQEsfnNiG4waelOz0kXNAAJCXjnRgk-j4ZfoOhT_ud4eW-tXdrg?edm=AOnQwmMEAAAA&_nc_gid=_w0-y7zpMP-PSaGpMzrofg&_nc_oc=AdrRxZk-g4Rd9jgElySkqzczU7vhvEUKIFUvfip6P7C9-usO7MDPn00eQ5_5F3HGLy0&ccb=10-5&oh=00_Af7N87xIFVrn2TGuI5MCAgHZE0mi2JkjiKU0EtohfV2_Ng&oe=6A394FAD&_nc_sid=201bca",
        "SOURCE_URL": "https://www.mapillary.com/app/?pKey=329681452112235",
        "SAMPLE_MUNICIPALITY": "Medford",
        "SAMPLE_STREET_NAME": "SALEM STREET",
        "SAMPLE_SEGMENT_ID": 387196,
        "SAMPLE_LAT": 42.4198334090548,
        "SAMPLE_LNG": -71.1011638356866
      }
    },
    {
      "type": "Feature",
      "geometry": {
        "type": "Point",
        "coordinates": [
          -71.100448642095,
          42.42013050921
        ]
      },
      "properties": {
        "PROVIDER": "mapillary",
        "IMAGE_ID": "151982853605461",
        "SEQUENCE_ID": "QzvFPzShD8-Hm6PEJBP7rQ",
        "CAPTURED_AT": 1506972686700,
        "HEADING": 240.62254098106,
        "IMAGE_THUMB_URL": "https://scontent-bos5-1.xx.fbcdn.net/m1/v/t6/An8uiex_VD6Z3DEm9P7Abo9N0H2npaUE1He5c0SFLQPHNiU66Nx1AFHphIqOjnDNqNta2bwUEruxiWfa7AB3Lv2ozMFFv_4KgQfrmUBfHFDx4cAfWncO1Zc6S1mVyp8Jbf00E8tGB8AIubXpYtwTWw?stp=s256x144&edm=AOnQwmMEAAAA&_nc_gid=_w0-y7zpMP-PSaGpMzrofg&_nc_oc=AdomVIwwSse-zV1ZRSpFefrocPXX1ebia7hHom7rgLzVrqTwkBvVbETlefd4nhu6xhA&ccb=10-5&oh=00_Af5XUpx1b8M6ylZZaLxiHds-s9rLLd00w1VXnfV7mX5rFA&oe=6A396454&_nc_sid=201bca",
        "IMAGE_PREVIEW_URL": "https://scontent-bos5-1.xx.fbcdn.net/m1/v/t6/An8uiex_VD6Z3DEm9P7Abo9N0H2npaUE1He5c0SFLQPHNiU66Nx1AFHphIqOjnDNqNta2bwUEruxiWfa7AB3Lv2ozMFFv_4KgQfrmUBfHFDx4cAfWncO1Zc6S1mVyp8Jbf00E8tGB8AIubXpYtwTWw?stp=s1024x576&edm=AOnQwmMEAAAA&_nc_gid=_w0-y7zpMP-PSaGpMzrofg&_nc_oc=AdomVIwwSse-zV1ZRSpFefrocPXX1ebia7hHom7rgLzVrqTwkBvVbETlefd4nhu6xhA&ccb=10-5&oh=00_Af5q5sHSZNiXaSQdQbjMGVCe7WxLMZlECQCeMQmERQrJUA&oe=6A396454&_nc_sid=201bca",
        "IMAGE_ORIGINAL_URL": "https://scontent-bos5-1.xx.fbcdn.net/m1/v/t6/An8uiex_VD6Z3DEm9P7Abo9N0H2npaUE1He5c0SFLQPHNiU66Nx1AFHphIqOjnDNqNta2bwUEruxiWfa7AB3Lv2ozMFFv_4KgQfrmUBfHFDx4cAfWncO1Zc6S1mVyp8Jbf00E8tGB8AIubXpYtwTWw?edm=AOnQwmMEAAAA&_nc_gid=_w0-y7zpMP-PSaGpMzrofg&_nc_oc=AdomVIwwSse-zV1ZRSpFefrocPXX1ebia7hHom7rgLzVrqTwkBvVbETlefd4nhu6xhA&ccb=10-5&oh=00_Af7SDSnimrpmdo3YzNzWOnipwbKSkBepIPnmaiQDbuhQIw&oe=6A396454&_nc_sid=201bca",
        "SOURCE_URL": "https://www.mapillary.com/app/?pKey=151982853605461",
        "SAMPLE_MUNICIPALITY": "Medford",
        "SAMPLE_STREET_NAME": "SALEM STREET",
        "SAMPLE_SEGMENT_ID": 387196,
        "SAMPLE_LAT": 42.4198334090548,
        "SAMPLE_LNG": -71.1011638356866
      }
    },
    {
      "type": "Feature",
      "geometry": {
        "type": "Point",
        "coordinates": [
          -71.100511394648,
          42.420103157515
        ]
      },
      "properties": {
        "PROVIDER": "mapillary",
        "IMAGE_ID": "831066424514087",
        "SEQUENCE_ID": "QzvFPzShD8-Hm6PEJBP7rQ",
        "CAPTURED_AT": 1506972687200,
        "HEADING": 239.6389778346,
        "IMAGE_THUMB_URL": "https://scontent-bos5-1.xx.fbcdn.net/m1/v/t6/An97Zvm2YpJ_Hyc466Ul7zLLtuQAourKP0g2HNlFmO2WCyCiGqtkulcXp8TXkQItZFQgYggwUrHjF6l6Y_sPBMsWi0j3r9EJyGayOkK5Wxl-wVQw9JjO0FxdMGF5b0n8lAx-OvYttBg35WUuQivO6w?stp=s256x144&edm=AOnQwmMEAAAA&_nc_gid=_w0-y7zpMP-PSaGpMzrofg&_nc_oc=AdqlA3_uJxYdctnxZzlkjv_isKCdat21MG-5zrJg5altTuTFZisaL8pAmJVF0dpDBo0&ccb=10-5&oh=00_Af5nlOTAZjSdbIOZV9xo39wKbMedE9KTnvIcX7X4bK6XVw&oe=6A395A7C&_nc_sid=201bca",
        "IMAGE_PREVIEW_URL": "https://scontent-bos5-1.xx.fbcdn.net/m1/v/t6/An97Zvm2YpJ_Hyc466Ul7zLLtuQAourKP0g2HNlFmO2WCyCiGqtkulcXp8TXkQItZFQgYggwUrHjF6l6Y_sPBMsWi0j3r9EJyGayOkK5Wxl-wVQw9JjO0FxdMGF5b0n8lAx-OvYttBg35WUuQivO6w?stp=s1024x576&edm=AOnQwmMEAAAA&_nc_gid=_w0-y7zpMP-PSaGpMzrofg&_nc_oc=AdqlA3_uJxYdctnxZzlkjv_isKCdat21MG-5zrJg5altTuTFZisaL8pAmJVF0dpDBo0&ccb=10-5&oh=00_Af753OcGcRDPbd_oeBFWLhxpBvq_AkASbXro8D_sDGmOmQ&oe=6A395A7C&_nc_sid=201bca",
        "IMAGE_ORIGINAL_URL": "https://scontent-bos5-1.xx.fbcdn.net/m1/v/t6/An97Zvm2YpJ_Hyc466Ul7zLLtuQAourKP0g2HNlFmO2WCyCiGqtkulcXp8TXkQItZFQgYggwUrHjF6l6Y_sPBMsWi0j3r9EJyGayOkK5Wxl-wVQw9JjO0FxdMGF5b0n8lAx-OvYttBg35WUuQivO6w?edm=AOnQwmMEAAAA&_nc_gid=_w0-y7zpMP-PSaGpMzrofg&_nc_oc=AdqlA3_uJxYdctnxZzlkjv_isKCdat21MG-5zrJg5altTuTFZisaL8pAmJVF0dpDBo0&ccb=10-5&oh=00_Af6YbRX9nst6cVPQYiyha330lKDBEZV1L8eVVenZT_oYiA&oe=6A395A7C&_nc_sid=201bca",
        "SOURCE_URL": "https://www.mapillary.com/app/?pKey=831066424514087",
        "SAMPLE_MUNICIPALITY": "Medford",
        "SAMPLE_STREET_NAME": "SALEM STREET",
        "SAMPLE_SEGMENT_ID": 387196,
        "SAMPLE_LAT": 42.4198334090548,
        "SAMPLE_LNG": -71.1011638356866
      }
    },
    {
      "type": "Feature",
      "geometry": {
        "type": "Point",
        "coordinates": [
          -71.100423729947,
          42.420141688194
        ]
      },
      "properties": {
        "PROVIDER": "mapillary",
        "IMAGE_ID": "1408888942807996",
        "SEQUENCE_ID": "QzvFPzShD8-Hm6PEJBP7rQ",
        "CAPTURED_AT": 1506972686500,
        "HEADING": 240.62240924731,
        "IMAGE_THUMB_URL": "https://scontent-bos5-1.xx.fbcdn.net/m1/v/t6/An_xIL91qaMiZ_KJ9tGaf2Zuvgh3A3V4r5q8NFfUWHhTY95WtmVqfVXIXISRCm0GMDz_D3qZxaOOoBCcsPcuWnAyyn9K_kSmVQD_ogJxV3vdss7Tt2I45tjNe-j6Xe47aCD7gXtdJiIiiuvO05CyCA?stp=s256x144&edm=AOnQwmMEAAAA&_nc_gid=_w0-y7zpMP-PSaGpMzrofg&_nc_oc=Adq_9ar39SZbkaRuxM25lNpxAfSSTuWnXbYBawxTzsFykddgF35e10J9jAJgzGw_NcQ&ccb=10-5&oh=00_Af4YNxTPxyqKmzkCyH0cxx_5_LwskAoSamhqy61YxsUtAg&oe=6A3946A6&_nc_sid=201bca",
        "IMAGE_PREVIEW_URL": "https://scontent-bos5-1.xx.fbcdn.net/m1/v/t6/An_xIL91qaMiZ_KJ9tGaf2Zuvgh3A3V4r5q8NFfUWHhTY95WtmVqfVXIXISRCm0GMDz_D3qZxaOOoBCcsPcuWnAyyn9K_kSmVQD_ogJxV3vdss7Tt2I45tjNe-j6Xe47aCD7gXtdJiIiiuvO05CyCA?stp=s1024x576&edm=AOnQwmMEAAAA&_nc_gid=_w0-y7zpMP-PSaGpMzrofg&_nc_oc=Adq_9ar39SZbkaRuxM25lNpxAfSSTuWnXbYBawxTzsFykddgF35e10J9jAJgzGw_NcQ&ccb=10-5&oh=00_Af6XtW4H_mz0kGjvzt3mb9xOqFa9EW4OuXQJjazPANb1tA&oe=6A3946A6&_nc_sid=201bca",
        "IMAGE_ORIGINAL_URL": "https://scontent-bos5-1.xx.fbcdn.net/m1/v/t6/An_xIL91qaMiZ_KJ9tGaf2Zuvgh3A3V4r5q8NFfUWHhTY95WtmVqfVXIXISRCm0GMDz_D3qZxaOOoBCcsPcuWnAyyn9K_kSmVQD_ogJxV3vdss7Tt2I45tjNe-j6Xe47aCD7gXtdJiIiiuvO05CyCA?edm=AOnQwmMEAAAA&_nc_gid=_w0-y7zpMP-PSaGpMzrofg&_nc_oc=Adq_9ar39SZbkaRuxM25lNpxAfSSTuWnXbYBawxTzsFykddgF35e10J9jAJgzGw_NcQ&ccb=10-5&oh=00_Af5ZWmBZFF3a8ZE-hfeT9cS7b3hOOXVALhdpUVmkvGNuug&oe=6A3946A6&_nc_sid=201bca",
        "SOURCE_URL": "https://www.mapillary.com/app/?pKey=1408888942807996",
        "SAMPLE_MUNICIPALITY": "Medford",
        "SAMPLE_STREET_NAME": "SALEM STREET",
        "SAMPLE_SEGMENT_ID": 387196,
        "SAMPLE_LAT": 42.4198334090548,
        "SAMPLE_LNG": -71.1011638356866
      }
    },
    {
      "type": "Feature",
      "geometry": {
        "type": "Point",
        "coordinates": [
          -71.100375158525,
          42.420162687539
        ]
      },
      "properties": {
        "PROVIDER": "mapillary",
        "IMAGE_ID": "624547255610732",
        "SEQUENCE_ID": "QzvFPzShD8-Hm6PEJBP7rQ",
        "CAPTURED_AT": 1506972686100,
        "HEADING": 240.62245394309,
        "IMAGE_THUMB_URL": "https://scontent-bos5-1.xx.fbcdn.net/m1/v/t6/An8hRea6LVo01d-k7yCS2khF54KtTUgloZp6wglROpP-qQbz4k-2v81okEaBlDjR7l04EB53KKR9TJvNfHwBhoGWP-PIqVxTcyNWtqIFZf4yHAyV9qO4SQvUvKOzlfpvl2jX1wRkwwJ_-s0lAq8bYw?stp=s256x144&edm=AOnQwmMEAAAA&_nc_gid=_w0-y7zpMP-PSaGpMzrofg&_nc_oc=Ado8VrMPLoQWYQ0AAcfuR7wbXxN60PSft1eMMfhnU-Hm5xTpUoZV76eXl_WJOte9aKY&ccb=10-5&oh=00_Af6ZFSAfLIHqkRrVLVxPpvgf0pml2mt5JffadZeS3uf3gA&oe=6A39396D&_nc_sid=201bca",
        "IMAGE_PREVIEW_URL": "https://scontent-bos5-1.xx.fbcdn.net/m1/v/t6/An8hRea6LVo01d-k7yCS2khF54KtTUgloZp6wglROpP-qQbz4k-2v81okEaBlDjR7l04EB53KKR9TJvNfHwBhoGWP-PIqVxTcyNWtqIFZf4yHAyV9qO4SQvUvKOzlfpvl2jX1wRkwwJ_-s0lAq8bYw?stp=s1024x576&edm=AOnQwmMEAAAA&_nc_gid=_w0-y7zpMP-PSaGpMzrofg&_nc_oc=Ado8VrMPLoQWYQ0AAcfuR7wbXxN60PSft1eMMfhnU-Hm5xTpUoZV76eXl_WJOte9aKY&ccb=10-5&oh=00_Af5GwRQJEggPrbD-rnJyvjscnftXKW0W93hM_tg_4RL_gQ&oe=6A39396D&_nc_sid=201bca",
        "IMAGE_ORIGINAL_URL": "https://scontent-bos5-1.xx.fbcdn.net/m1/v/t6/An8hRea6LVo01d-k7yCS2khF54KtTUgloZp6wglROpP-qQbz4k-2v81okEaBlDjR7l04EB53KKR9TJvNfHwBhoGWP-PIqVxTcyNWtqIFZf4yHAyV9qO4SQvUvKOzlfpvl2jX1wRkwwJ_-s0lAq8bYw?edm=AOnQwmMEAAAA&_nc_gid=_w0-y7zpMP-PSaGpMzrofg&_nc_oc=Ado8VrMPLoQWYQ0AAcfuR7wbXxN60PSft1eMMfhnU-Hm5xTpUoZV76eXl_WJOte9aKY&ccb=10-5&oh=00_Af4p2ZoHP4OsMjAr1DpxjdvdPM5QybX76oDFQGnuN1Mw6A&oe=6A39396D&_nc_sid=201bca",
        "SOURCE_URL": "https://www.mapillary.com/app/?pKey=624547255610732",
        "SAMPLE_MUNICIPALITY": "Medford",
        "SAMPLE_STREET_NAME": "SALEM STREET",
        "SAMPLE_SEGMENT_ID": 387196,
        "SAMPLE_LAT": 42.4198334090548,
        "SAMPLE_LNG": -71.1011638356866
      }
    },
    {
      "type": "Feature",
      "geometry": {
        "type": "Point",
        "coordinates": [
          -71.100826892992,
          42.419965518627
        ]
      },
      "properties": {
        "PROVIDER": "mapillary",
        "IMAGE_ID": "469068631011534",
        "SEQUENCE_ID": "QzvFPzShD8-Hm6PEJBP7rQ",
        "CAPTURED_AT": 1506972689800,
        "HEADING": 239.39785260126,
        "IMAGE_THUMB_URL": "https://scontent-bos5-1.xx.fbcdn.net/m1/v/t6/An_hGRLc-sVT3nTSEo_nZhKQ6w8WurGZ1MB1lP9_W1nKfat5AU8RdRgh_reGHx_wYVWb94IE3y8MxX4pt_3teY2ZsGb9XkvMtNmlTvUsuiENO69WuvznOduPljnf4vYGNJy8oCh4gZyoioYqOw30ZA?stp=s256x144&edm=AOnQwmMEAAAA&_nc_gid=_w0-y7zpMP-PSaGpMzrofg&_nc_oc=AdqTFdvf_qPEyfWxODzvn06wNjhjcffhvrraUz8bLScONvIYFBEht_8bYeQVqX7toHM&ccb=10-5&oh=00_Af6y6gmJjorfJ5UJ5Qqz23usR_rYm6aBCTHyR9HS6QBiYQ&oe=6A3933C9&_nc_sid=201bca",
        "IMAGE_PREVIEW_URL": "https://scontent-bos5-1.xx.fbcdn.net/m1/v/t6/An_hGRLc-sVT3nTSEo_nZhKQ6w8WurGZ1MB1lP9_W1nKfat5AU8RdRgh_reGHx_wYVWb94IE3y8MxX4pt_3teY2ZsGb9XkvMtNmlTvUsuiENO69WuvznOduPljnf4vYGNJy8oCh4gZyoioYqOw30ZA?stp=s1024x576&edm=AOnQwmMEAAAA&_nc_gid=_w0-y7zpMP-PSaGpMzrofg&_nc_oc=AdqTFdvf_qPEyfWxODzvn06wNjhjcffhvrraUz8bLScONvIYFBEht_8bYeQVqX7toHM&ccb=10-5&oh=00_Af4QqAQQxvFeuhcCxSjzyYdi8Yu1SXZKfljGw6isBNpV8g&oe=6A3933C9&_nc_sid=201bca",
        "IMAGE_ORIGINAL_URL": "https://scontent-bos5-1.xx.fbcdn.net/m1/v/t6/An_hGRLc-sVT3nTSEo_nZhKQ6w8WurGZ1MB1lP9_W1nKfat5AU8RdRgh_reGHx_wYVWb94IE3y8MxX4pt_3teY2ZsGb9XkvMtNmlTvUsuiENO69WuvznOduPljnf4vYGNJy8oCh4gZyoioYqOw30ZA?edm=AOnQwmMEAAAA&_nc_gid=_w0-y7zpMP-PSaGpMzrofg&_nc_oc=AdqTFdvf_qPEyfWxODzvn06wNjhjcffhvrraUz8bLScONvIYFBEht_8bYeQVqX7toHM&ccb=10-5&oh=00_Af6k6swMaJVZkcnilUKiF8h6MCTukeFKXIuxNkyYYNVaGg&oe=6A3933C9&_nc_sid=201bca",
        "SOURCE_URL": "https://www.mapillary.com/app/?pKey=469068631011534",
        "SAMPLE_MUNICIPALITY": "Medford",
        "SAMPLE_STREET_NAME": "SALEM STREET",
        "SAMPLE_SEGMENT_ID": 387196,
        "SAMPLE_LAT": 42.4198334090548,
        "SAMPLE_LNG": -71.1011638356866
      }
    },
    {
      "type": "Feature",
      "geometry": {
        "type": "Point",
        "coordinates": [
          -71.101483266618,
          42.419677485073
        ]
      },
      "properties": {
        "PROVIDER": "mapillary",
        "IMAGE_ID": "946067206152005",
        "SEQUENCE_ID": "QzvFPzShD8-Hm6PEJBP7rQ",
        "CAPTURED_AT": 1506972694800,
        "HEADING": 241.54920126277,
        "IMAGE_THUMB_URL": "https://scontent-bos5-1.xx.fbcdn.net/m1/v/t6/An8wwJ-eo2tW6-BC8FQjj7atXh96rPavIpSXBJxqG8_rseIRKXWtHXk92Di2lbUu1ecW0N55U5ChffwiiV4ilcTdPNgAI_Jwhx-t_IZqMK9TGvmFTqajDFRpaEUUIp2AKh2JnJvAhYgMxS82v2FWRw?stp=s256x144&edm=AOnQwmMEAAAA&_nc_gid=_w0-y7zpMP-PSaGpMzrofg&_nc_oc=Adq7-WE_1A2OUWGwO9xPxQeMijCiDnaeDEvKUa1xHBeYgZDKUGU0gWxEZ61qFXs09KU&ccb=10-5&oh=00_Af5pQkuJZMJXDB6CT68YcOmUSMRkKae5JESXxBpdbhLMSQ&oe=6A3943D6&_nc_sid=201bca",
        "IMAGE_PREVIEW_URL": "https://scontent-bos5-1.xx.fbcdn.net/m1/v/t6/An8wwJ-eo2tW6-BC8FQjj7atXh96rPavIpSXBJxqG8_rseIRKXWtHXk92Di2lbUu1ecW0N55U5ChffwiiV4ilcTdPNgAI_Jwhx-t_IZqMK9TGvmFTqajDFRpaEUUIp2AKh2JnJvAhYgMxS82v2FWRw?stp=s1024x576&edm=AOnQwmMEAAAA&_nc_gid=_w0-y7zpMP-PSaGpMzrofg&_nc_oc=Adq7-WE_1A2OUWGwO9xPxQeMijCiDnaeDEvKUa1xHBeYgZDKUGU0gWxEZ61qFXs09KU&ccb=10-5&oh=00_Af7gEvCwMKUgbdULlrp0nqQm5wO7Pn1hqCYRwdKMjYBtZg&oe=6A3943D6&_nc_sid=201bca",
        "IMAGE_ORIGINAL_URL": "https://scontent-bos5-1.xx.fbcdn.net/m1/v/t6/An8wwJ-eo2tW6-BC8FQjj7atXh96rPavIpSXBJxqG8_rseIRKXWtHXk92Di2lbUu1ecW0N55U5ChffwiiV4ilcTdPNgAI_Jwhx-t_IZqMK9TGvmFTqajDFRpaEUUIp2AKh2JnJvAhYgMxS82v2FWRw?edm=AOnQwmMEAAAA&_nc_gid=_w0-y7zpMP-PSaGpMzrofg&_nc_oc=Adq7-WE_1A2OUWGwO9xPxQeMijCiDnaeDEvKUa1xHBeYgZDKUGU0gWxEZ61qFXs09KU&ccb=10-5&oh=00_Af4DUVNOIbdmI4jnMhNT6MCdn7eUQ_POAD8PgxQoFMxayQ&oe=6A3943D6&_nc_sid=201bca",
        "SOURCE_URL": "https://www.mapillary.com/app/?pKey=946067206152005",
        "SAMPLE_MUNICIPALITY": "Medford",
        "SAMPLE_STREET_NAME": "SALEM STREET",
        "SAMPLE_SEGMENT_ID": 387196,
        "SAMPLE_LAT": 42.4198334090548,
        "SAMPLE_LNG": -71.1011638356866
      }
    },
    {
      "type": "Feature",
      "geometry": {
        "type": "Point",
        "coordinates": [
          -71.101086035539,
          42.419848565365
        ]
      },
      "properties": {
        "PROVIDER": "mapillary",
        "IMAGE_ID": "1196596610779062",
        "SEQUENCE_ID": "QzvFPzShD8-Hm6PEJBP7rQ",
        "CAPTURED_AT": 1506972691900,
        "HEADING": 238.30282260653,
        "IMAGE_THUMB_URL": "https://scontent-bos5-1.xx.fbcdn.net/m1/v/t6/An_3kAr1ua5DJhjdbnA_hV_dJkiuzZxcmD8mXTV6WuN-aTtRUSy6tn_bn8Jo5rIgr2pz5NTgFDdsumxMi6HSVsFQnhcFkdU-KXfAu6kYUNnQpN8aX9kvqZa09I08hVuqtfdSJnp0xJavJosglhpqbw?stp=s256x144&edm=AOnQwmMEAAAA&_nc_gid=_w0-y7zpMP-PSaGpMzrofg&_nc_oc=AdrTsoSwtO5EslqcdU5_786gczFixFIsgNAER0bMYegyu1UQ9qGgFJkuliCAmdPUM44&ccb=10-5&oh=00_Af4lHVvLGHx6snIRgXNR28xrt_GLLDi9gwtVkKX8GJWsHQ&oe=6A394916&_nc_sid=201bca",
        "IMAGE_PREVIEW_URL": "https://scontent-bos5-1.xx.fbcdn.net/m1/v/t6/An_3kAr1ua5DJhjdbnA_hV_dJkiuzZxcmD8mXTV6WuN-aTtRUSy6tn_bn8Jo5rIgr2pz5NTgFDdsumxMi6HSVsFQnhcFkdU-KXfAu6kYUNnQpN8aX9kvqZa09I08hVuqtfdSJnp0xJavJosglhpqbw?stp=s1024x576&edm=AOnQwmMEAAAA&_nc_gid=_w0-y7zpMP-PSaGpMzrofg&_nc_oc=AdrTsoSwtO5EslqcdU5_786gczFixFIsgNAER0bMYegyu1UQ9qGgFJkuliCAmdPUM44&ccb=10-5&oh=00_Af6irv8ELp9OpUzLyLjxTQA9oHNx3kfe78D5t9dnmzVu6w&oe=6A394916&_nc_sid=201bca",
        "IMAGE_ORIGINAL_URL": "https://scontent-bos5-1.xx.fbcdn.net/m1/v/t6/An_3kAr1ua5DJhjdbnA_hV_dJkiuzZxcmD8mXTV6WuN-aTtRUSy6tn_bn8Jo5rIgr2pz5NTgFDdsumxMi6HSVsFQnhcFkdU-KXfAu6kYUNnQpN8aX9kvqZa09I08hVuqtfdSJnp0xJavJosglhpqbw?edm=AOnQwmMEAAAA&_nc_gid=_w0-y7zpMP-PSaGpMzrofg&_nc_oc=AdrTsoSwtO5EslqcdU5_786gczFixFIsgNAER0bMYegyu1UQ9qGgFJkuliCAmdPUM44&ccb=10-5&oh=00_Af7chVWDQqFuP0a6xUTr-wnmBwsRuf6I3nulPDeIv0uTHw&oe=6A394916&_nc_sid=201bca",
        "SOURCE_URL": "https://www.mapillary.com/app/?pKey=1196596610779062",
        "SAMPLE_MUNICIPALITY": "Medford",
        "SAMPLE_STREET_NAME": "SALEM STREET",
        "SAMPLE_SEGMENT_ID": 387196,
        "SAMPLE_LAT": 42.4198334090548,
        "SAMPLE_LNG": -71.1011638356866
      }
    },
    {
      "type": "Feature",
      "geometry": {
        "type": "Point",
        "coordinates": [
          -71.101467393255,
          42.419683651001
        ]
      },
      "properties": {
        "PROVIDER": "mapillary",
        "IMAGE_ID": "132859548836861",
        "SEQUENCE_ID": "QzvFPzShD8-Hm6PEJBP7rQ",
        "CAPTURED_AT": 1506972694700,
        "HEADING": 241.54951928823,
        "IMAGE_THUMB_URL": "https://scontent-bos5-1.xx.fbcdn.net/m1/v/t6/An_pwyd7nJHrdT7hhkY_XKxbQu-Jz-KJX2nWh2zKEUKZdvJHLNMu473JduSp38AQJH7jkK1V4g4LboE-UmiO8uVk_LuaT7ScvVrwEgfRmUxOH4Lo7pp1SBKuL8bOzYLKQLZo5FzlCSXqFG2aWh9FOQ?stp=s256x144&edm=AOnQwmMEAAAA&_nc_gid=_w0-y7zpMP-PSaGpMzrofg&_nc_oc=AdopRikssCjPER4XO2mi68Mt9JR_zgH_ILeA6qqISPzv_LTsSG3OoRKO_4qW56hoTk8&ccb=10-5&oh=00_Af6hub5NGr9X-Ba2PBTUYJ8Tp7nkQYai6ll4Uh_iDtQxxQ&oe=6A396571&_nc_sid=201bca",
        "IMAGE_PREVIEW_URL": "https://scontent-bos5-1.xx.fbcdn.net/m1/v/t6/An_pwyd7nJHrdT7hhkY_XKxbQu-Jz-KJX2nWh2zKEUKZdvJHLNMu473JduSp38AQJH7jkK1V4g4LboE-UmiO8uVk_LuaT7ScvVrwEgfRmUxOH4Lo7pp1SBKuL8bOzYLKQLZo5FzlCSXqFG2aWh9FOQ?stp=s1024x576&edm=AOnQwmMEAAAA&_nc_gid=_w0-y7zpMP-PSaGpMzrofg&_nc_oc=AdopRikssCjPER4XO2mi68Mt9JR_zgH_ILeA6qqISPzv_LTsSG3OoRKO_4qW56hoTk8&ccb=10-5&oh=00_Af4CFbKlJeXHMZ8GAiOK-POJvCEjf4ErxEBQ2fR-cV7ucg&oe=6A396571&_nc_sid=201bca",
        "IMAGE_ORIGINAL_URL": "https://scontent-bos5-1.xx.fbcdn.net/m1/v/t6/An_pwyd7nJHrdT7hhkY_XKxbQu-Jz-KJX2nWh2zKEUKZdvJHLNMu473JduSp38AQJH7jkK1V4g4LboE-UmiO8uVk_LuaT7ScvVrwEgfRmUxOH4Lo7pp1SBKuL8bOzYLKQLZo5FzlCSXqFG2aWh9FOQ?edm=AOnQwmMEAAAA&_nc_gid=_w0-y7zpMP-PSaGpMzrofg&_nc_oc=AdopRikssCjPER4XO2mi68Mt9JR_zgH_ILeA6qqISPzv_LTsSG3OoRKO_4qW56hoTk8&ccb=10-5&oh=00_Af6GbSf8XwKgt11VOBvh1Zatlzgeh7whATVLXLcV-PhJDQ&oe=6A396571&_nc_sid=201bca",
        "SOURCE_URL": "https://www.mapillary.com/app/?pKey=132859548836861",
        "SAMPLE_MUNICIPALITY": "Medford",
        "SAMPLE_STREET_NAME": "SALEM STREET",
        "SAMPLE_SEGMENT_ID": 387196,
        "SAMPLE_LAT": 42.4198334090548,
        "SAMPLE_LNG": -71.1011638356866
      }
    },
    {
      "type": "Feature",
      "geometry": {
        "type": "Point",
        "coordinates": [
          -71.100387241007,
          42.420157407247
        ]
      },
      "properties": {
        "PROVIDER": "mapillary",
        "IMAGE_ID": "381776623039462",
        "SEQUENCE_ID": "QzvFPzShD8-Hm6PEJBP7rQ",
        "CAPTURED_AT": 1506972686200,
        "HEADING": 240.62227539641,
        "IMAGE_THUMB_URL": "https://scontent-bos5-1.xx.fbcdn.net/m1/v/t6/An_HdHk0iJFy0_acWAGghw5Brqpvmf8mznG-WvSalp4ljU_bvsFa7GNRsEfkTgQBmxsGBPFv2tbW8557p5hA-gjxj1QhvpwdyMQI9E8_ULeotrFkkzvemgultFlZEvAT4577nYQ7JrX_am6aF1EuZg8?stp=s256x144&edm=AOnQwmMEAAAA&_nc_gid=_w0-y7zpMP-PSaGpMzrofg&_nc_oc=Adpb_-3j0uDICiAlS79q4EI3vfvTdexRhG5NGGPz6-Rb3RAaxjNKkZvxgbNCVsAgomM&ccb=10-5&oh=00_Af4SZ6GnPBou9f_PcZbx2ZEpmNq6PFPYsPGqhE5xdbtsQg&oe=6A394320&_nc_sid=201bca",
        "IMAGE_PREVIEW_URL": "https://scontent-bos5-1.xx.fbcdn.net/m1/v/t6/An_HdHk0iJFy0_acWAGghw5Brqpvmf8mznG-WvSalp4ljU_bvsFa7GNRsEfkTgQBmxsGBPFv2tbW8557p5hA-gjxj1QhvpwdyMQI9E8_ULeotrFkkzvemgultFlZEvAT4577nYQ7JrX_am6aF1EuZg8?stp=s1024x576&edm=AOnQwmMEAAAA&_nc_gid=_w0-y7zpMP-PSaGpMzrofg&_nc_oc=Adpb_-3j0uDICiAlS79q4EI3vfvTdexRhG5NGGPz6-Rb3RAaxjNKkZvxgbNCVsAgomM&ccb=10-5&oh=00_Af65FZKIG6eLjEJF62F5EAM32znnhs3cJvDSk5NPPaisxQ&oe=6A394320&_nc_sid=201bca",
        "IMAGE_ORIGINAL_URL": "https://scontent-bos5-1.xx.fbcdn.net/m1/v/t6/An_HdHk0iJFy0_acWAGghw5Brqpvmf8mznG-WvSalp4ljU_bvsFa7GNRsEfkTgQBmxsGBPFv2tbW8557p5hA-gjxj1QhvpwdyMQI9E8_ULeotrFkkzvemgultFlZEvAT4577nYQ7JrX_am6aF1EuZg8?edm=AOnQwmMEAAAA&_nc_gid=_w0-y7zpMP-PSaGpMzrofg&_nc_oc=Adpb_-3j0uDICiAlS79q4EI3vfvTdexRhG5NGGPz6-Rb3RAaxjNKkZvxgbNCVsAgomM&ccb=10-5&oh=00_Af6f1TIOJ-VJfPBuJw_upXnDyI4npPtzMlm48B0pfQCF7A&oe=6A394320&_nc_sid=201bca",
        "SOURCE_URL": "https://www.mapillary.com/app/?pKey=381776623039462",
        "SAMPLE_MUNICIPALITY": "Medford",
        "SAMPLE_STREET_NAME": "SALEM STREET",
        "SAMPLE_SEGMENT_ID": 387196,
        "SAMPLE_LAT": 42.4198334090548,
        "SAMPLE_LNG": -71.1011638356866
      }
    },
    {
      "type": "Feature",
      "geometry": {
        "type": "Point",
        "coordinates": [
          -71.100474350818,
          42.420119682169
        ]
      },
      "properties": {
        "PROVIDER": "mapillary",
        "IMAGE_ID": "862058877990697",
        "SEQUENCE_ID": "QzvFPzShD8-Hm6PEJBP7rQ",
        "CAPTURED_AT": 1506972686900,
        "HEADING": 240.62241760969,
        "IMAGE_THUMB_URL": "https://scontent-bos5-1.xx.fbcdn.net/m1/v/t6/An9_n5VyXsTUMxBVpgH9yu2WTJoJNx2BhtqWSY5d5RBwIkw-Sy0CbifYDytWqGUDlSW6ItMSgCKy5ztQFHUmzxzAYA1Zro7ghARzHcdUO8ZdpiRnZkqL7ROhO2ZYDqzlmQDx21PErF2k3gcmwRzSSA?stp=s256x144&edm=AOnQwmMEAAAA&_nc_gid=_w0-y7zpMP-PSaGpMzrofg&_nc_oc=AdpE8WIn3_mSWvayL5YwCBcb8Kbn_Ss3oL2aFabyxCJ6UewywKDmD7XWqUBpEf2bmNc&ccb=10-5&oh=00_Af5nk8xr-gRPhtpAlh1-8L24p3YCuNQTBkDpM3kXRDnzRg&oe=6A3951AF&_nc_sid=201bca",
        "IMAGE_PREVIEW_URL": "https://scontent-bos5-1.xx.fbcdn.net/m1/v/t6/An9_n5VyXsTUMxBVpgH9yu2WTJoJNx2BhtqWSY5d5RBwIkw-Sy0CbifYDytWqGUDlSW6ItMSgCKy5ztQFHUmzxzAYA1Zro7ghARzHcdUO8ZdpiRnZkqL7ROhO2ZYDqzlmQDx21PErF2k3gcmwRzSSA?stp=s1024x576&edm=AOnQwmMEAAAA&_nc_gid=_w0-y7zpMP-PSaGpMzrofg&_nc_oc=AdpE8WIn3_mSWvayL5YwCBcb8Kbn_Ss3oL2aFabyxCJ6UewywKDmD7XWqUBpEf2bmNc&ccb=10-5&oh=00_Af6hqIWgpeEaGNe5J9ckDS77_L-XbGUQVexqN2U-RjM2fA&oe=6A3951AF&_nc_sid=201bca",
        "IMAGE_ORIGINAL_URL": "https://scontent-bos5-1.xx.fbcdn.net/m1/v/t6/An9_n5VyXsTUMxBVpgH9yu2WTJoJNx2BhtqWSY5d5RBwIkw-Sy0CbifYDytWqGUDlSW6ItMSgCKy5ztQFHUmzxzAYA1Zro7ghARzHcdUO8ZdpiRnZkqL7ROhO2ZYDqzlmQDx21PErF2k3gcmwRzSSA?edm=AOnQwmMEAAAA&_nc_gid=_w0-y7zpMP-PSaGpMzrofg&_nc_oc=AdpE8WIn3_mSWvayL5YwCBcb8Kbn_Ss3oL2aFabyxCJ6UewywKDmD7XWqUBpEf2bmNc&ccb=10-5&oh=00_Af5yrXPXlkU_frKB7GAsgoluycpdvBw45KneMD_JEKHSbw&oe=6A3951AF&_nc_sid=201bca",
        "SOURCE_URL": "https://www.mapillary.com/app/?pKey=862058877990697",
        "SAMPLE_MUNICIPALITY": "Medford",
        "SAMPLE_STREET_NAME": "SALEM STREET",
        "SAMPLE_SEGMENT_ID": 387196,
        "SAMPLE_LAT": 42.4198334090548,
        "SAMPLE_LNG": -71.1011638356866
      }
    },
    {
      "type": "Feature",
      "geometry": {
        "type": "Point",
        "coordinates": [
          -71.100925223654,
          42.419921248627
        ]
      },
      "properties": {
        "PROVIDER": "mapillary",
        "IMAGE_ID": "261834222346978",
        "SEQUENCE_ID": "QzvFPzShD8-Hm6PEJBP7rQ",
        "CAPTURED_AT": 1506972690600,
        "HEADING": 238.67550421649,
        "IMAGE_THUMB_URL": "https://scontent-bos5-1.xx.fbcdn.net/m1/v/t6/An_DgDucThfm8gtqO661DznjeLHOtq5c4givUIQY4Pxl7OQi_yfEXjr1N8HFJkfhop17C6oR0Ury0okHxKjhrXTMuI4x_fCwt_BS6wzWpz3oTiwF16H9LO71Nt1dAz5c47rCrDKw2j-3_RwB_NdPoA?stp=s256x144&edm=AOnQwmMEAAAA&_nc_gid=_w0-y7zpMP-PSaGpMzrofg&_nc_oc=Adp0a_zu6Q6F-YsuNaMk6gmZ2hWz6PFNwkZD3AeQkBlMWJMP8KPVXAX81w_ALmziRrs&ccb=10-5&oh=00_Af5wzeyp-t_9ZDxdNnQeNk0Rt1rER3Z1LxoCrVO45PRrOg&oe=6A395534&_nc_sid=201bca",
        "IMAGE_PREVIEW_URL": "https://scontent-bos5-1.xx.fbcdn.net/m1/v/t6/An_DgDucThfm8gtqO661DznjeLHOtq5c4givUIQY4Pxl7OQi_yfEXjr1N8HFJkfhop17C6oR0Ury0okHxKjhrXTMuI4x_fCwt_BS6wzWpz3oTiwF16H9LO71Nt1dAz5c47rCrDKw2j-3_RwB_NdPoA?stp=s1024x576&edm=AOnQwmMEAAAA&_nc_gid=_w0-y7zpMP-PSaGpMzrofg&_nc_oc=Adp0a_zu6Q6F-YsuNaMk6gmZ2hWz6PFNwkZD3AeQkBlMWJMP8KPVXAX81w_ALmziRrs&ccb=10-5&oh=00_Af5STbjaKxO94RdjhbTbcYzzY-aRer-KWpI7mjCky2SrRg&oe=6A395534&_nc_sid=201bca",
        "IMAGE_ORIGINAL_URL": "https://scontent-bos5-1.xx.fbcdn.net/m1/v/t6/An_DgDucThfm8gtqO661DznjeLHOtq5c4givUIQY4Pxl7OQi_yfEXjr1N8HFJkfhop17C6oR0Ury0okHxKjhrXTMuI4x_fCwt_BS6wzWpz3oTiwF16H9LO71Nt1dAz5c47rCrDKw2j-3_RwB_NdPoA?edm=AOnQwmMEAAAA&_nc_gid=_w0-y7zpMP-PSaGpMzrofg&_nc_oc=Adp0a_zu6Q6F-YsuNaMk6gmZ2hWz6PFNwkZD3AeQkBlMWJMP8KPVXAX81w_ALmziRrs&ccb=10-5&oh=00_Af6gHBuzUwTwze1iBkQmUuzs3sDQTukvHIA0JStL9i7Log&oe=6A395534&_nc_sid=201bca",
        "SOURCE_URL": "https://www.mapillary.com/app/?pKey=261834222346978",
        "SAMPLE_MUNICIPALITY": "Medford",
        "SAMPLE_STREET_NAME": "SALEM STREET",
        "SAMPLE_SEGMENT_ID": 387196,
        "SAMPLE_LAT": 42.4198334090548,
        "SAMPLE_LNG": -71.1011638356866
      }
    },
    {
      "type": "Feature",
      "geometry": {
        "type": "Point",
        "coordinates": [
          -71.101758306124,
          42.419573097515
        ]
      },
      "properties": {
        "PROVIDER": "mapillary",
        "IMAGE_ID": "196387038849378",
        "SEQUENCE_ID": "QzvFPzShD8-Hm6PEJBP7rQ",
        "CAPTURED_AT": 1506972696600,
        "HEADING": 241.70325550987,
        "IMAGE_THUMB_URL": "https://scontent-bos5-1.xx.fbcdn.net/m1/v/t6/An_ANFcNgNoPiIqZM-vqQDGVGHdyxRIt-zgykzhbJtcyW3d06yDIqHMBcyK1T1BVMnxHuMH9Aez_su3Bro38k7zBU-mChE_5W0FDRd2iRrcY8SJV2ZDI74jNjdu0Cs3JyNiOvgyv5ew-wtZZ-_zHiQ?stp=s256x144&edm=AOnQwmMEAAAA&_nc_gid=sAewYauPqZzxPLZHzJTnuA&_nc_oc=Adp3VpyGpbolJSZ7BhuosazwtvmSw4LoNZdZmHKT7729gpAOddj7xPoy9_ZsKmRogL4&ccb=10-5&oh=00_Af5cq-JLTMd6rSTlFPHgBVBCgOV7jHrtY71MOD-ZSbpLYQ&oe=6A394FD7&_nc_sid=201bca",
        "IMAGE_PREVIEW_URL": "https://scontent-bos5-1.xx.fbcdn.net/m1/v/t6/An_ANFcNgNoPiIqZM-vqQDGVGHdyxRIt-zgykzhbJtcyW3d06yDIqHMBcyK1T1BVMnxHuMH9Aez_su3Bro38k7zBU-mChE_5W0FDRd2iRrcY8SJV2ZDI74jNjdu0Cs3JyNiOvgyv5ew-wtZZ-_zHiQ?stp=s1024x576&edm=AOnQwmMEAAAA&_nc_gid=sAewYauPqZzxPLZHzJTnuA&_nc_oc=Adp3VpyGpbolJSZ7BhuosazwtvmSw4LoNZdZmHKT7729gpAOddj7xPoy9_ZsKmRogL4&ccb=10-5&oh=00_Af7FYh40x7xzgYhONQQZE_WQ5Bymny7T_DLU1_rFqWV-Vg&oe=6A394FD7&_nc_sid=201bca",
        "IMAGE_ORIGINAL_URL": "https://scontent-bos5-1.xx.fbcdn.net/m1/v/t6/An_ANFcNgNoPiIqZM-vqQDGVGHdyxRIt-zgykzhbJtcyW3d06yDIqHMBcyK1T1BVMnxHuMH9Aez_su3Bro38k7zBU-mChE_5W0FDRd2iRrcY8SJV2ZDI74jNjdu0Cs3JyNiOvgyv5ew-wtZZ-_zHiQ?edm=AOnQwmMEAAAA&_nc_gid=sAewYauPqZzxPLZHzJTnuA&_nc_oc=Adp3VpyGpbolJSZ7BhuosazwtvmSw4LoNZdZmHKT7729gpAOddj7xPoy9_ZsKmRogL4&ccb=10-5&oh=00_Af67A-Bj_x7idmTzor95gPigprCTKTXJiZ4rN2KGqCmwsw&oe=6A394FD7&_nc_sid=201bca",
        "SOURCE_URL": "https://www.mapillary.com/app/?pKey=196387038849378",
        "SAMPLE_MUNICIPALITY": "Medford",
        "SAMPLE_STREET_NAME": "SALEM STREET",
        "SAMPLE_SEGMENT_ID": 387197,
        "SAMPLE_LAT": 42.4196706983323,
        "SAMPLE_LNG": -71.1014593173332
      }
    },
    {
      "type": "Feature",
      "geometry": {
        "type": "Point",
        "coordinates": [
          -71.101876454842,
          42.419534235169
        ]
      },
      "properties": {
        "PROVIDER": "mapillary",
        "IMAGE_ID": "150249150326568",
        "SEQUENCE_ID": "QzvFPzShD8-Hm6PEJBP7rQ",
        "CAPTURED_AT": 1506972697400,
        "HEADING": 245.17709013947,
        "IMAGE_THUMB_URL": "https://scontent-bos5-1.xx.fbcdn.net/m1/v/t6/An8RzAs-v1zjEbkaNmzb4gEZnUdB_u2ySt5eJKrB8u1sAxR5RS2dSN32FkbedHzATmGryQQZeWv18DF9-NXA2ZLZywxE0T4z69TM8tm_XwJE5KIXv_tPQwgMW2E0TCNTVJQ7bmYK0YwdMfAsJk_m1w?stp=s256x144&edm=AOnQwmMEAAAA&_nc_gid=sAewYauPqZzxPLZHzJTnuA&_nc_oc=AdrOuvQjnXNBC6TN3Do9P9iApsgFSkiZddLlrirkrcNpxYEF7ELPcMEgjdn3vt4pxnU&ccb=10-5&oh=00_Af5Pyp_rF5ozwO9rRBZMgsld5SABQOs4u7WqZWWCZdrOkQ&oe=6A395FFF&_nc_sid=201bca",
        "IMAGE_PREVIEW_URL": "https://scontent-bos5-1.xx.fbcdn.net/m1/v/t6/An8RzAs-v1zjEbkaNmzb4gEZnUdB_u2ySt5eJKrB8u1sAxR5RS2dSN32FkbedHzATmGryQQZeWv18DF9-NXA2ZLZywxE0T4z69TM8tm_XwJE5KIXv_tPQwgMW2E0TCNTVJQ7bmYK0YwdMfAsJk_m1w?stp=s1024x576&edm=AOnQwmMEAAAA&_nc_gid=sAewYauPqZzxPLZHzJTnuA&_nc_oc=AdrOuvQjnXNBC6TN3Do9P9iApsgFSkiZddLlrirkrcNpxYEF7ELPcMEgjdn3vt4pxnU&ccb=10-5&oh=00_Af7AAy4YC1ZI9HEY6jDctzlKGklVH8IV5odZOlb-lEWjQw&oe=6A395FFF&_nc_sid=201bca",
        "IMAGE_ORIGINAL_URL": "https://scontent-bos5-1.xx.fbcdn.net/m1/v/t6/An8RzAs-v1zjEbkaNmzb4gEZnUdB_u2ySt5eJKrB8u1sAxR5RS2dSN32FkbedHzATmGryQQZeWv18DF9-NXA2ZLZywxE0T4z69TM8tm_XwJE5KIXv_tPQwgMW2E0TCNTVJQ7bmYK0YwdMfAsJk_m1w?edm=AOnQwmMEAAAA&_nc_gid=sAewYauPqZzxPLZHzJTnuA&_nc_oc=AdrOuvQjnXNBC6TN3Do9P9iApsgFSkiZddLlrirkrcNpxYEF7ELPcMEgjdn3vt4pxnU&ccb=10-5&oh=00_Af73Pz0kNXN1EhVTm0rp2mNSdB-LElAxYA5uTkoKFUd_lQ&oe=6A395FFF&_nc_sid=201bca",
        "SOURCE_URL": "https://www.mapillary.com/app/?pKey=150249150326568",
        "SAMPLE_MUNICIPALITY": "Medford",
        "SAMPLE_STREET_NAME": "SALEM STREET",
        "SAMPLE_SEGMENT_ID": 387197,
        "SAMPLE_LAT": 42.4196706983323,
        "SAMPLE_LNG": -71.1014593173332
      }
    },
    {
      "type": "Feature",
      "geometry": {
        "type": "Point",
        "coordinates": [
          -71.101199609703,
          42.419797732516
        ]
      },
      "properties": {
        "PROVIDER": "mapillary",
        "IMAGE_ID": "506239150797754",
        "SEQUENCE_ID": "QzvFPzShD8-Hm6PEJBP7rQ",
        "CAPTURED_AT": 1506972692800,
        "HEADING": 240.89573779294,
        "IMAGE_THUMB_URL": "https://scontent-bos5-1.xx.fbcdn.net/m1/v/t6/An_Jjt8DB3HGO1NiGXyPv87Rt1A8yXY-hhk9lTKQRMAbfbIubmVa6q0uHfije6osd-TA69WIMfGZED-C9rO6bn6zNtmELYvWRoYSGONL9Ne1VDJKQlyXNu62_0HcxgpCSnQKE6UG7HqqxNTKJtCqJw?stp=s256x144&edm=AOnQwmMEAAAA&_nc_gid=sAewYauPqZzxPLZHzJTnuA&_nc_oc=AdrgGJ1TsKGEyMV6Vnf05uTOpWuMzTLC6Y6pL_gQl27P38X0lv6ZaAFngOiPZTxueEU&ccb=10-5&oh=00_Af4ZIIo8l1fWIdUdiS3Pl15TKeJor7J49vb71bnb1b3-Lw&oe=6A395820&_nc_sid=201bca",
        "IMAGE_PREVIEW_URL": "https://scontent-bos5-1.xx.fbcdn.net/m1/v/t6/An_Jjt8DB3HGO1NiGXyPv87Rt1A8yXY-hhk9lTKQRMAbfbIubmVa6q0uHfije6osd-TA69WIMfGZED-C9rO6bn6zNtmELYvWRoYSGONL9Ne1VDJKQlyXNu62_0HcxgpCSnQKE6UG7HqqxNTKJtCqJw?stp=s1024x576&edm=AOnQwmMEAAAA&_nc_gid=sAewYauPqZzxPLZHzJTnuA&_nc_oc=AdrgGJ1TsKGEyMV6Vnf05uTOpWuMzTLC6Y6pL_gQl27P38X0lv6ZaAFngOiPZTxueEU&ccb=10-5&oh=00_Af737H5Eyik0h9q_mD0w-HTUzTP9F5mArK64_ZrtjP055Q&oe=6A395820&_nc_sid=201bca",
        "IMAGE_ORIGINAL_URL": "https://scontent-bos5-1.xx.fbcdn.net/m1/v/t6/An_Jjt8DB3HGO1NiGXyPv87Rt1A8yXY-hhk9lTKQRMAbfbIubmVa6q0uHfije6osd-TA69WIMfGZED-C9rO6bn6zNtmELYvWRoYSGONL9Ne1VDJKQlyXNu62_0HcxgpCSnQKE6UG7HqqxNTKJtCqJw?edm=AOnQwmMEAAAA&_nc_gid=sAewYauPqZzxPLZHzJTnuA&_nc_oc=AdrgGJ1TsKGEyMV6Vnf05uTOpWuMzTLC6Y6pL_gQl27P38X0lv6ZaAFngOiPZTxueEU&ccb=10-5&oh=00_Af4_wqPrjaQt6HJ9uBfu3wyWUOxLS0P420da2X4n5-GCIQ&oe=6A395820&_nc_sid=201bca",
        "SOURCE_URL": "https://www.mapillary.com/app/?pKey=506239150797754",
        "SAMPLE_MUNICIPALITY": "Medford",
        "SAMPLE_STREET_NAME": "SALEM STREET",
        "SAMPLE_SEGMENT_ID": 387197,
        "SAMPLE_LAT": 42.4196706983323,
        "SAMPLE_LNG": -71.1014593173332
      }
    },
    {
      "type": "Feature",
      "geometry": {
        "type": "Point",
        "coordinates": [
          -71.101667562988,
          42.41960629259
        ]
      },
      "properties": {
        "PROVIDER": "mapillary",
        "IMAGE_ID": "2855259821358587",
        "SEQUENCE_ID": "QzvFPzShD8-Hm6PEJBP7rQ",
        "CAPTURED_AT": 1506972696000,
        "HEADING": 241.70342334177,
        "IMAGE_THUMB_URL": "https://scontent-bos5-1.xx.fbcdn.net/m1/v/t6/An-FwwrHAsD3hGBJFNIZeJO2nNLyjjW1Yz4VUcWZQWYuIDykQN0b9FKDpYOUbRLSl0X32hGPfZ0DIvFAJxCrSXhtTOXicsVbZqiXYQioM8Q5WBDfx9_9bRcyhcuYLsHAu4L5pq-j7-OahLlJ0m5WWg?stp=s256x144&edm=AOnQwmMEAAAA&_nc_gid=sAewYauPqZzxPLZHzJTnuA&_nc_oc=AdqBjzuCQQzZFqCRVBlSBmtSdYmpR_M2H2W2VHzJsErboiOoZMBS4SvjblLBZRQcDh4&ccb=10-5&oh=00_Af5JefDwXBwMK9BN8ISV29OHT-VsRw3JYppzSrxI1oqbhQ&oe=6A393A4B&_nc_sid=201bca",
        "IMAGE_PREVIEW_URL": "https://scontent-bos5-1.xx.fbcdn.net/m1/v/t6/An-FwwrHAsD3hGBJFNIZeJO2nNLyjjW1Yz4VUcWZQWYuIDykQN0b9FKDpYOUbRLSl0X32hGPfZ0DIvFAJxCrSXhtTOXicsVbZqiXYQioM8Q5WBDfx9_9bRcyhcuYLsHAu4L5pq-j7-OahLlJ0m5WWg?stp=s1024x576&edm=AOnQwmMEAAAA&_nc_gid=sAewYauPqZzxPLZHzJTnuA&_nc_oc=AdqBjzuCQQzZFqCRVBlSBmtSdYmpR_M2H2W2VHzJsErboiOoZMBS4SvjblLBZRQcDh4&ccb=10-5&oh=00_Af5r3YEutn46ZKV1weE8c2ms5DtaJhSi-yX_MzAGLgyOBg&oe=6A393A4B&_nc_sid=201bca",
        "IMAGE_ORIGINAL_URL": "https://scontent-bos5-1.xx.fbcdn.net/m1/v/t6/An-FwwrHAsD3hGBJFNIZeJO2nNLyjjW1Yz4VUcWZQWYuIDykQN0b9FKDpYOUbRLSl0X32hGPfZ0DIvFAJxCrSXhtTOXicsVbZqiXYQioM8Q5WBDfx9_9bRcyhcuYLsHAu4L5pq-j7-OahLlJ0m5WWg?edm=AOnQwmMEAAAA&_nc_gid=sAewYauPqZzxPLZHzJTnuA&_nc_oc=AdqBjzuCQQzZFqCRVBlSBmtSdYmpR_M2H2W2VHzJsErboiOoZMBS4SvjblLBZRQcDh4&ccb=10-5&oh=00_Af74oASt9dyNdcDEKxyXbpKst_enSHiOijE0H4JrYB2LMA&oe=6A393A4B&_nc_sid=201bca",
        "SOURCE_URL": "https://www.mapillary.com/app/?pKey=2855259821358587",
        "SAMPLE_MUNICIPALITY": "Medford",
        "SAMPLE_STREET_NAME": "SALEM STREET",
        "SAMPLE_SEGMENT_ID": 387197,
        "SAMPLE_LAT": 42.4196706983323,
        "SAMPLE_LNG": -71.1014593173332
      }
    },
    {
      "type": "Feature",
      "geometry": {
        "type": "Point",
        "coordinates": [
          -71.101341645219,
          42.419736765458
        ]
      },
      "properties": {
        "PROVIDER": "mapillary",
        "IMAGE_ID": "304231684499225",
        "SEQUENCE_ID": "tiuXlnJLi8CZcHPd65K-Lw",
        "CAPTURED_AT": 1507117530446,
        "HEADING": 243.01766967773,
        "IMAGE_THUMB_URL": "https://scontent-bos5-1.xx.fbcdn.net/m1/v/t6/An9tzk4u46tDt_nR_27jZiRRLUcHb5Bkcp8ACiQ6IpCo2XS_Q32gCqUydcgm8AdhQ1lLYi3M6Tqrpgqqmwe9mm3NlkDafYres6bLOswuFR4JrmUy_hJ0Gn0poYB7WMIjxxF3YVTSGW-k4WYeFP64zA?stp=s256x192&edm=AOnQwmMEAAAA&_nc_gid=sAewYauPqZzxPLZHzJTnuA&_nc_oc=Adpa2MZyUJGcsc-NhN8-2dhom5OJm3Aw3wGFxSAkZnx4g8aP2CthUSVpOy5oB-cb5VQ&ccb=10-5&oh=00_Af7vnHbFYngkcpIDxekj2xVEKhn-2i1sVJaoq19xodHHww&oe=6A395ECE&_nc_sid=201bca",
        "IMAGE_PREVIEW_URL": "https://scontent-bos5-1.xx.fbcdn.net/m1/v/t6/An9tzk4u46tDt_nR_27jZiRRLUcHb5Bkcp8ACiQ6IpCo2XS_Q32gCqUydcgm8AdhQ1lLYi3M6Tqrpgqqmwe9mm3NlkDafYres6bLOswuFR4JrmUy_hJ0Gn0poYB7WMIjxxF3YVTSGW-k4WYeFP64zA?stp=s1024x768&edm=AOnQwmMEAAAA&_nc_gid=sAewYauPqZzxPLZHzJTnuA&_nc_oc=Adpa2MZyUJGcsc-NhN8-2dhom5OJm3Aw3wGFxSAkZnx4g8aP2CthUSVpOy5oB-cb5VQ&ccb=10-5&oh=00_Af6oFkJc9n-OinHwn2kdzlA6yfaEiZwdunfebS9zzxh7Nw&oe=6A395ECE&_nc_sid=201bca",
        "IMAGE_ORIGINAL_URL": "https://scontent-bos5-1.xx.fbcdn.net/m1/v/t6/An9tzk4u46tDt_nR_27jZiRRLUcHb5Bkcp8ACiQ6IpCo2XS_Q32gCqUydcgm8AdhQ1lLYi3M6Tqrpgqqmwe9mm3NlkDafYres6bLOswuFR4JrmUy_hJ0Gn0poYB7WMIjxxF3YVTSGW-k4WYeFP64zA?edm=AOnQwmMEAAAA&_nc_gid=sAewYauPqZzxPLZHzJTnuA&_nc_oc=Adpa2MZyUJGcsc-NhN8-2dhom5OJm3Aw3wGFxSAkZnx4g8aP2CthUSVpOy5oB-cb5VQ&ccb=10-5&oh=00_Af4OjZHBMQ6GD2wnGWU32FM_rIghwdLYdvYiIi1ETmhiBg&oe=6A395ECE&_nc_sid=201bca",
        "SOURCE_URL": "https://www.mapillary.com/app/?pKey=304231684499225",
        "SAMPLE_MUNICIPALITY": "Medford",
        "SAMPLE_STREET_NAME": "SALEM STREET",
        "SAMPLE_SEGMENT_ID": 387197,
        "SAMPLE_LAT": 42.4196706983323,
        "SAMPLE_LNG": -71.1014593173332
      }
    },
    {
      "type": "Feature",
      "geometry": {
        "type": "Point",
        "coordinates": [
          -71.101788404861,
          42.419562479195
        ]
      },
      "properties": {
        "PROVIDER": "mapillary",
        "IMAGE_ID": "789960501711255",
        "SEQUENCE_ID": "QzvFPzShD8-Hm6PEJBP7rQ",
        "CAPTURED_AT": 1506972696800,
        "HEADING": 241.70343912073,
        "IMAGE_THUMB_URL": "https://scontent-bos5-1.xx.fbcdn.net/m1/v/t6/An9gVXyverPj_9OG1KoIZrn08LIq23WSxawaFvZyUWUb1k7MPo5tjfbh8r-esCTrglapQ6HashCVwZNuytL1ao2awvRim53vZs_LpoDbRxR9uHWkBph6Y-ppG5a61J2Pi3oHHQ9q3vu9eehcm1nSXg?stp=s256x144&edm=AOnQwmMEAAAA&_nc_gid=sAewYauPqZzxPLZHzJTnuA&_nc_oc=AdqySEKxwrJya_OiHsQuyUDo4TuFsN0EK6ds88MIs9vBW6cG3NTqGU-vz6l9Z9fCGEk&ccb=10-5&oh=00_Af7hHgNe0le7_vdDzbyy_RyAZel6gWz5HASwVjzU_KdrfQ&oe=6A39339F&_nc_sid=201bca",
        "IMAGE_PREVIEW_URL": "https://scontent-bos5-1.xx.fbcdn.net/m1/v/t6/An9gVXyverPj_9OG1KoIZrn08LIq23WSxawaFvZyUWUb1k7MPo5tjfbh8r-esCTrglapQ6HashCVwZNuytL1ao2awvRim53vZs_LpoDbRxR9uHWkBph6Y-ppG5a61J2Pi3oHHQ9q3vu9eehcm1nSXg?stp=s1024x576&edm=AOnQwmMEAAAA&_nc_gid=sAewYauPqZzxPLZHzJTnuA&_nc_oc=AdqySEKxwrJya_OiHsQuyUDo4TuFsN0EK6ds88MIs9vBW6cG3NTqGU-vz6l9Z9fCGEk&ccb=10-5&oh=00_Af4wLTwR87jRnGXVfiK-er1lrlbee6683Gq3Be4t63ALng&oe=6A39339F&_nc_sid=201bca",
        "IMAGE_ORIGINAL_URL": "https://scontent-bos5-1.xx.fbcdn.net/m1/v/t6/An9gVXyverPj_9OG1KoIZrn08LIq23WSxawaFvZyUWUb1k7MPo5tjfbh8r-esCTrglapQ6HashCVwZNuytL1ao2awvRim53vZs_LpoDbRxR9uHWkBph6Y-ppG5a61J2Pi3oHHQ9q3vu9eehcm1nSXg?edm=AOnQwmMEAAAA&_nc_gid=sAewYauPqZzxPLZHzJTnuA&_nc_oc=AdqySEKxwrJya_OiHsQuyUDo4TuFsN0EK6ds88MIs9vBW6cG3NTqGU-vz6l9Z9fCGEk&ccb=10-5&oh=00_Af70f4IViJKY2Ez5qrI7DIXRbhhnOwW9lXR0D1HPoz21FQ&oe=6A39339F&_nc_sid=201bca",
        "SOURCE_URL": "https://www.mapillary.com/app/?pKey=789960501711255",
        "SAMPLE_MUNICIPALITY": "Medford",
        "SAMPLE_STREET_NAME": "SALEM STREET",
        "SAMPLE_SEGMENT_ID": 387197,
        "SAMPLE_LAT": 42.4196706983323,
        "SAMPLE_LNG": -71.1014593173332
      }
    },
    {
      "type": "Feature",
      "geometry": {
        "type": "Point",
        "coordinates": [
          -71.100925586784,
          42.419268473879
        ]
      },
      "properties": {
        "PROVIDER": "mapillary",
        "IMAGE_ID": "795719994416139",
        "SEQUENCE_ID": "tiuXlnJLi8CZcHPd65K-Lw",
        "CAPTURED_AT": 1507117496253,
        "HEADING": 350.06353759766,
        "IMAGE_THUMB_URL": "https://scontent-bos5-1.xx.fbcdn.net/m1/v/t6/An-ymchfuUWiFlWG1isdaOAWuO7IBhwNZMQ9d5qAK6l5f15bd7xg0hVdiWHcCUIWwh1ysdQLf3Si75p2vaxiqeqstZvUk3YT_FuA_SPV8oeFm5hAWN9j8Mf8KHSL5zvSMcsKkHAexUNFE1RRXgFZC-4?stp=s256x192&edm=AOnQwmMEAAAA&_nc_gid=sAewYauPqZzxPLZHzJTnuA&_nc_oc=AdoENO4wUbX61RpD1sOw1edT4D0wSqKnFCXGRT8LmPiSP4LRq8A6BesUIGz2RHjHsds&ccb=10-5&oh=00_Af41kypIxpnHj_aJbeWtMCnNsQlqbPkqqUxXqQXCxrcFyg&oe=6A395BFC&_nc_sid=201bca",
        "IMAGE_PREVIEW_URL": "https://scontent-bos5-1.xx.fbcdn.net/m1/v/t6/An-ymchfuUWiFlWG1isdaOAWuO7IBhwNZMQ9d5qAK6l5f15bd7xg0hVdiWHcCUIWwh1ysdQLf3Si75p2vaxiqeqstZvUk3YT_FuA_SPV8oeFm5hAWN9j8Mf8KHSL5zvSMcsKkHAexUNFE1RRXgFZC-4?stp=s1024x768&edm=AOnQwmMEAAAA&_nc_gid=sAewYauPqZzxPLZHzJTnuA&_nc_oc=AdoENO4wUbX61RpD1sOw1edT4D0wSqKnFCXGRT8LmPiSP4LRq8A6BesUIGz2RHjHsds&ccb=10-5&oh=00_Af6BgX8DtuzcywtMrY47819a0bjEbPu3ifNzHogxQ4SPOQ&oe=6A395BFC&_nc_sid=201bca",
        "IMAGE_ORIGINAL_URL": "https://scontent-bos5-1.xx.fbcdn.net/m1/v/t6/An-ymchfuUWiFlWG1isdaOAWuO7IBhwNZMQ9d5qAK6l5f15bd7xg0hVdiWHcCUIWwh1ysdQLf3Si75p2vaxiqeqstZvUk3YT_FuA_SPV8oeFm5hAWN9j8Mf8KHSL5zvSMcsKkHAexUNFE1RRXgFZC-4?edm=AOnQwmMEAAAA&_nc_gid=sAewYauPqZzxPLZHzJTnuA&_nc_oc=AdoENO4wUbX61RpD1sOw1edT4D0wSqKnFCXGRT8LmPiSP4LRq8A6BesUIGz2RHjHsds&ccb=10-5&oh=00_Af5ie5j41l1g6VQHEweOHfrTH0H_bG5Salt1YLH3qxpjmw&oe=6A395BFC&_nc_sid=201bca",
        "SOURCE_URL": "https://www.mapillary.com/app/?pKey=795719994416139",
        "SAMPLE_MUNICIPALITY": "Medford",
        "SAMPLE_STREET_NAME": "SALEM STREET",
        "SAMPLE_SEGMENT_ID": 387197,
        "SAMPLE_LAT": 42.4196706983323,
        "SAMPLE_LNG": -71.1014593173332
      }
    },
    {
      "type": "Feature",
      "geometry": {
        "type": "Point",
        "coordinates": [
          -71.101412394185,
          42.419704693899
        ]
      },
      "properties": {
        "PROVIDER": "mapillary",
        "IMAGE_ID": "494843915264706",
        "SEQUENCE_ID": "tiuXlnJLi8CZcHPd65K-Lw",
        "CAPTURED_AT": 1507117531312,
        "HEADING": 244.80346679688,
        "IMAGE_THUMB_URL": "https://scontent-bos5-1.xx.fbcdn.net/m1/v/t6/An8_5DasvZ7B3nR3OF4DBo7RF7gk6qTSKQgURZNhJkLzc-oFhe4ZWEt9sWl1kuX1LUJjlYTxJSFrRbjDjnIiWtBl5JA8_nrdTk9B55OONGbeY52zdUAwi4HIiXOsnxGJSiHvDARX7qDUcKQzGKtJcQ?stp=s256x192&edm=AOnQwmMEAAAA&_nc_gid=sAewYauPqZzxPLZHzJTnuA&_nc_oc=AdplEuLR-4G3gli4xR_kL26f_G4MY3a8NSyWyQCaI17lS7gCm3AJFcPrUqTyNt2wtno&ccb=10-5&oh=00_Af4FDT9oPdFGXbEJbwZ42XOJ4gChfmVe8x_pp3GB5s4HTg&oe=6A39602C&_nc_sid=201bca",
        "IMAGE_PREVIEW_URL": "https://scontent-bos5-1.xx.fbcdn.net/m1/v/t6/An8_5DasvZ7B3nR3OF4DBo7RF7gk6qTSKQgURZNhJkLzc-oFhe4ZWEt9sWl1kuX1LUJjlYTxJSFrRbjDjnIiWtBl5JA8_nrdTk9B55OONGbeY52zdUAwi4HIiXOsnxGJSiHvDARX7qDUcKQzGKtJcQ?stp=s1024x768&edm=AOnQwmMEAAAA&_nc_gid=sAewYauPqZzxPLZHzJTnuA&_nc_oc=AdplEuLR-4G3gli4xR_kL26f_G4MY3a8NSyWyQCaI17lS7gCm3AJFcPrUqTyNt2wtno&ccb=10-5&oh=00_Af4kgkZ9esIJslbKerF_8wBnWpIofmlhHFEGNbk7GZGbWA&oe=6A39602C&_nc_sid=201bca",
        "IMAGE_ORIGINAL_URL": "https://scontent-bos5-1.xx.fbcdn.net/m1/v/t6/An8_5DasvZ7B3nR3OF4DBo7RF7gk6qTSKQgURZNhJkLzc-oFhe4ZWEt9sWl1kuX1LUJjlYTxJSFrRbjDjnIiWtBl5JA8_nrdTk9B55OONGbeY52zdUAwi4HIiXOsnxGJSiHvDARX7qDUcKQzGKtJcQ?edm=AOnQwmMEAAAA&_nc_gid=sAewYauPqZzxPLZHzJTnuA&_nc_oc=AdplEuLR-4G3gli4xR_kL26f_G4MY3a8NSyWyQCaI17lS7gCm3AJFcPrUqTyNt2wtno&ccb=10-5&oh=00_Af7ja8XmHsZbhcsmUiK3EoKQNstYzIIHvLGpd0C1Tz3hVA&oe=6A39602C&_nc_sid=201bca",
        "SOURCE_URL": "https://www.mapillary.com/app/?pKey=494843915264706",
        "SAMPLE_MUNICIPALITY": "Medford",
        "SAMPLE_STREET_NAME": "SALEM STREET",
        "SAMPLE_SEGMENT_ID": 387197,
        "SAMPLE_LAT": 42.4196706983323,
        "SAMPLE_LNG": -71.1014593173332
      }
    },
    {
      "type": "Feature",
      "geometry": {
        "type": "Point",
        "coordinates": [
          -71.101055192291,
          42.419750294626
        ]
      },
      "properties": {
        "PROVIDER": "mapillary",
        "IMAGE_ID": "176830551110685",
        "SEQUENCE_ID": "tiuXlnJLi8CZcHPd65K-Lw",
        "CAPTURED_AT": 1507117518291,
        "HEADING": 340.66049194336,
        "IMAGE_THUMB_URL": "https://scontent-bos5-1.xx.fbcdn.net/m1/v/t6/An_ZDV0ZEB8KkGXeEEYC_O_ar2e_mAyKDJbdU8dOtu7WPrJ_0AruurBeyDTTwo8QLgt2lZVa2yxdNV2N4n3zqHZPQxKYqkWxtNW_0qbmzag8FQFyMysN-h9h09sH9sca3Ec6Bc6-hdXU8mSXn0w8NQ?stp=s256x192&edm=AOnQwmMEAAAA&_nc_gid=sAewYauPqZzxPLZHzJTnuA&_nc_oc=AdqOLTHEedH0hbf3rZzAd-TD9sE2aI0hYMf_SpuR5ciLv6UgJ_7qLlyiwPnZYbu-1rI&ccb=10-5&oh=00_Af7Wl6Opq_WhbT0VSw62F3Jc5WPa9Jp0vNvn7ln_KXUeug&oe=6A393AFC&_nc_sid=201bca",
        "IMAGE_PREVIEW_URL": "https://scontent-bos5-1.xx.fbcdn.net/m1/v/t6/An_ZDV0ZEB8KkGXeEEYC_O_ar2e_mAyKDJbdU8dOtu7WPrJ_0AruurBeyDTTwo8QLgt2lZVa2yxdNV2N4n3zqHZPQxKYqkWxtNW_0qbmzag8FQFyMysN-h9h09sH9sca3Ec6Bc6-hdXU8mSXn0w8NQ?stp=s1024x768&edm=AOnQwmMEAAAA&_nc_gid=sAewYauPqZzxPLZHzJTnuA&_nc_oc=AdqOLTHEedH0hbf3rZzAd-TD9sE2aI0hYMf_SpuR5ciLv6UgJ_7qLlyiwPnZYbu-1rI&ccb=10-5&oh=00_Af72sM6A0cj87-Q7_gP_w0lo1kbHjIVEGjzxqKJj4npN3Q&oe=6A393AFC&_nc_sid=201bca",
        "IMAGE_ORIGINAL_URL": "https://scontent-bos5-1.xx.fbcdn.net/m1/v/t6/An_ZDV0ZEB8KkGXeEEYC_O_ar2e_mAyKDJbdU8dOtu7WPrJ_0AruurBeyDTTwo8QLgt2lZVa2yxdNV2N4n3zqHZPQxKYqkWxtNW_0qbmzag8FQFyMysN-h9h09sH9sca3Ec6Bc6-hdXU8mSXn0w8NQ?edm=AOnQwmMEAAAA&_nc_gid=sAewYauPqZzxPLZHzJTnuA&_nc_oc=AdqOLTHEedH0hbf3rZzAd-TD9sE2aI0hYMf_SpuR5ciLv6UgJ_7qLlyiwPnZYbu-1rI&ccb=10-5&oh=00_Af5aZZa5-9fuUgwKcS_gh9EmOEABq7aB6B1m4NUGvddykg&oe=6A393AFC&_nc_sid=201bca",
        "SOURCE_URL": "https://www.mapillary.com/app/?pKey=176830551110685",
        "SAMPLE_MUNICIPALITY": "Medford",
        "SAMPLE_STREET_NAME": "SALEM STREET",
        "SAMPLE_SEGMENT_ID": 387197,
        "SAMPLE_LAT": 42.4196706983323,
        "SAMPLE_LNG": -71.1014593173332
      }
    },
    {
      "type": "Feature",
      "geometry": {
        "type": "Point",
        "coordinates": [
          -71.101136232852,
          42.41982595113
        ]
      },
      "properties": {
        "PROVIDER": "mapillary",
        "IMAGE_ID": "495576774900726",
        "SEQUENCE_ID": "QzvFPzShD8-Hm6PEJBP7rQ",
        "CAPTURED_AT": 1506972692300,
        "HEADING": 240.89594307238,
        "IMAGE_THUMB_URL": "https://scontent-bos5-1.xx.fbcdn.net/m1/v/t6/An_F7mFaweA8mqksSZxnxm0p7S1cCD_SQ4nJVoR5DPbjxC6JBMC5h-FXwNjWmoHZf5SjXCvOQjCwhkCyXCGYHsCqCh0dQQJixsINbwsii9AN6tpHSL3gLj9MW1HVNkncq6Ldl9DbetMW3Yna07rQcQ?stp=s256x144&edm=AOnQwmMEAAAA&_nc_gid=sAewYauPqZzxPLZHzJTnuA&_nc_oc=AdpLMSgKbCdVCN3LMCfd7HbDsROuP0yLuvtx1hR5HRiA-i1jQLRJTDx3s97E3Tx2DQU&ccb=10-5&oh=00_Af6Gglsrcegcxl22z0-8MVfga8XSHCfkXUkVMARtTuV5fg&oe=6A39463A&_nc_sid=201bca",
        "IMAGE_PREVIEW_URL": "https://scontent-bos5-1.xx.fbcdn.net/m1/v/t6/An_F7mFaweA8mqksSZxnxm0p7S1cCD_SQ4nJVoR5DPbjxC6JBMC5h-FXwNjWmoHZf5SjXCvOQjCwhkCyXCGYHsCqCh0dQQJixsINbwsii9AN6tpHSL3gLj9MW1HVNkncq6Ldl9DbetMW3Yna07rQcQ?stp=s1024x576&edm=AOnQwmMEAAAA&_nc_gid=sAewYauPqZzxPLZHzJTnuA&_nc_oc=AdpLMSgKbCdVCN3LMCfd7HbDsROuP0yLuvtx1hR5HRiA-i1jQLRJTDx3s97E3Tx2DQU&ccb=10-5&oh=00_Af6_B8M3O76LXL1l6iKXssx0OKo5HTLmLi7N5x8I-tflTg&oe=6A39463A&_nc_sid=201bca",
        "IMAGE_ORIGINAL_URL": "https://scontent-bos5-1.xx.fbcdn.net/m1/v/t6/An_F7mFaweA8mqksSZxnxm0p7S1cCD_SQ4nJVoR5DPbjxC6JBMC5h-FXwNjWmoHZf5SjXCvOQjCwhkCyXCGYHsCqCh0dQQJixsINbwsii9AN6tpHSL3gLj9MW1HVNkncq6Ldl9DbetMW3Yna07rQcQ?edm=AOnQwmMEAAAA&_nc_gid=sAewYauPqZzxPLZHzJTnuA&_nc_oc=AdpLMSgKbCdVCN3LMCfd7HbDsROuP0yLuvtx1hR5HRiA-i1jQLRJTDx3s97E3Tx2DQU&ccb=10-5&oh=00_Af5GUycaYE7VpMhWusiTbRyVBFjjWJ4VvkRze5Y2K2H_Jg&oe=6A39463A&_nc_sid=201bca",
        "SOURCE_URL": "https://www.mapillary.com/app/?pKey=495576774900726",
        "SAMPLE_MUNICIPALITY": "Medford",
        "SAMPLE_STREET_NAME": "SALEM STREET",
        "SAMPLE_SEGMENT_ID": 387197,
        "SAMPLE_LAT": 42.4196706983323,
        "SAMPLE_LNG": -71.1014593173332
      }
    },
    {
      "type": "Feature",
      "geometry": {
        "type": "Point",
        "coordinates": [
          -71.101682747775,
          42.41960073253
        ]
      },
      "properties": {
        "PROVIDER": "mapillary",
        "IMAGE_ID": "924285301638807",
        "SEQUENCE_ID": "QzvFPzShD8-Hm6PEJBP7rQ",
        "CAPTURED_AT": 1506972696100,
        "HEADING": 241.70334784085,
        "IMAGE_THUMB_URL": "https://scontent-bos5-1.xx.fbcdn.net/m1/v/t6/An8I5dgeC7yebbMdbemi1_6r-jAveohAi56LGK8ezFdV1dlptE_of2U0RM8gRIJuFxyQd-JxkqRvV3NJLl4O0S5GHWNIUXA_-P6NIo8t3ETCFN90iW-TXxp3g8E1uFC4_0IUybraqo1NeFEIXSL2VQ?stp=s256x144&edm=AOnQwmMEAAAA&_nc_gid=sAewYauPqZzxPLZHzJTnuA&_nc_oc=Ado0efXPXdcmDkfibT-446lWO4e4xE5mAZViQIBV4bnj9BxixQsEmvOgJsC7V89RVEM&ccb=10-5&oh=00_Af5jNwESi0Mi9xXBE18UKBiEKnBzcrOv_ULmEPTZIoPzvA&oe=6A39330B&_nc_sid=201bca",
        "IMAGE_PREVIEW_URL": "https://scontent-bos5-1.xx.fbcdn.net/m1/v/t6/An8I5dgeC7yebbMdbemi1_6r-jAveohAi56LGK8ezFdV1dlptE_of2U0RM8gRIJuFxyQd-JxkqRvV3NJLl4O0S5GHWNIUXA_-P6NIo8t3ETCFN90iW-TXxp3g8E1uFC4_0IUybraqo1NeFEIXSL2VQ?stp=s1024x576&edm=AOnQwmMEAAAA&_nc_gid=sAewYauPqZzxPLZHzJTnuA&_nc_oc=Ado0efXPXdcmDkfibT-446lWO4e4xE5mAZViQIBV4bnj9BxixQsEmvOgJsC7V89RVEM&ccb=10-5&oh=00_Af7FzHa99BYsRDib654IVsQE-qeLZOY8exJSMpuRt5Jf3A&oe=6A39330B&_nc_sid=201bca",
        "IMAGE_ORIGINAL_URL": "https://scontent-bos5-1.xx.fbcdn.net/m1/v/t6/An8I5dgeC7yebbMdbemi1_6r-jAveohAi56LGK8ezFdV1dlptE_of2U0RM8gRIJuFxyQd-JxkqRvV3NJLl4O0S5GHWNIUXA_-P6NIo8t3ETCFN90iW-TXxp3g8E1uFC4_0IUybraqo1NeFEIXSL2VQ?edm=AOnQwmMEAAAA&_nc_gid=sAewYauPqZzxPLZHzJTnuA&_nc_oc=Ado0efXPXdcmDkfibT-446lWO4e4xE5mAZViQIBV4bnj9BxixQsEmvOgJsC7V89RVEM&ccb=10-5&oh=00_Af4CcBJvf5GIJUXrjobmyFTfg09-Ewv9w3bn0i0gwTt_qQ&oe=6A39330B&_nc_sid=201bca",
        "SOURCE_URL": "https://www.mapillary.com/app/?pKey=924285301638807",
        "SAMPLE_MUNICIPALITY": "Medford",
        "SAMPLE_STREET_NAME": "SALEM STREET",
        "SAMPLE_SEGMENT_ID": 387197,
        "SAMPLE_LAT": 42.4196706983323,
        "SAMPLE_LNG": -71.1014593173332
      }
    },
    {
      "type": "Feature",
      "geometry": {
        "type": "Point",
        "coordinates": [
          -71.100963289254,
          42.419431256239
        ]
      },
      "properties": {
        "PROVIDER": "mapillary",
        "IMAGE_ID": "233629828531588",
        "SEQUENCE_ID": "tiuXlnJLi8CZcHPd65K-Lw",
        "CAPTURED_AT": 1507117499320,
        "HEADING": 352.71685791016,
        "IMAGE_THUMB_URL": "https://scontent-bos5-1.xx.fbcdn.net/m1/v/t6/An9GTgM_yOZO5mYScKIZbRqgjBjTsSz8LcjRDviGhkfen7A6DUKzW0Bx4Urx3ubpxcQtzren6E7pmT0gzldy5o1JMrobifUeTng7pnvEF7Q3y0xGAL0Q_SJFB11wpAOjYgYG8xF4o6Yi1ZrsVvjwtQ?stp=s256x192&edm=AOnQwmMEAAAA&_nc_gid=sAewYauPqZzxPLZHzJTnuA&_nc_oc=Adr4bsV5A-aOL_Wdz0dgQU6Dg54AEp82Ll684l41AnBjiFC1x3vgGfzCg8HfyqMsA6A&ccb=10-5&oh=00_Af4Soxkln0gOMNZwICwRlYm6kSBZ6fJ-8uzXDVH6nIk5LA&oe=6A393C3D&_nc_sid=201bca",
        "IMAGE_PREVIEW_URL": "https://scontent-bos5-1.xx.fbcdn.net/m1/v/t6/An9GTgM_yOZO5mYScKIZbRqgjBjTsSz8LcjRDviGhkfen7A6DUKzW0Bx4Urx3ubpxcQtzren6E7pmT0gzldy5o1JMrobifUeTng7pnvEF7Q3y0xGAL0Q_SJFB11wpAOjYgYG8xF4o6Yi1ZrsVvjwtQ?stp=s1024x768&edm=AOnQwmMEAAAA&_nc_gid=sAewYauPqZzxPLZHzJTnuA&_nc_oc=Adr4bsV5A-aOL_Wdz0dgQU6Dg54AEp82Ll684l41AnBjiFC1x3vgGfzCg8HfyqMsA6A&ccb=10-5&oh=00_Af4Bcd15g2YHUH8Z9IxmPQA-cOhVQaun4cEN6HtLrBY1NQ&oe=6A393C3D&_nc_sid=201bca",
        "IMAGE_ORIGINAL_URL": "https://scontent-bos5-1.xx.fbcdn.net/m1/v/t6/An9GTgM_yOZO5mYScKIZbRqgjBjTsSz8LcjRDviGhkfen7A6DUKzW0Bx4Urx3ubpxcQtzren6E7pmT0gzldy5o1JMrobifUeTng7pnvEF7Q3y0xGAL0Q_SJFB11wpAOjYgYG8xF4o6Yi1ZrsVvjwtQ?edm=AOnQwmMEAAAA&_nc_gid=sAewYauPqZzxPLZHzJTnuA&_nc_oc=Adr4bsV5A-aOL_Wdz0dgQU6Dg54AEp82Ll684l41AnBjiFC1x3vgGfzCg8HfyqMsA6A&ccb=10-5&oh=00_Af6xEz9Sr2vhJilFFgjbrMn-CrO8vc5nzMHZqaPXgvesXw&oe=6A393C3D&_nc_sid=201bca",
        "SOURCE_URL": "https://www.mapillary.com/app/?pKey=233629828531588",
        "SAMPLE_MUNICIPALITY": "Medford",
        "SAMPLE_STREET_NAME": "SALEM STREET",
        "SAMPLE_SEGMENT_ID": 387197,
        "SAMPLE_LAT": 42.4196706983323,
        "SAMPLE_LNG": -71.1014593173332
      }
    },
    {
      "type": "Feature",
      "geometry": {
        "type": "Point",
        "coordinates": [
          -71.101530149567,
          42.419659402328
        ]
      },
      "properties": {
        "PROVIDER": "mapillary",
        "IMAGE_ID": "937998370284110",
        "SEQUENCE_ID": "QzvFPzShD8-Hm6PEJBP7rQ",
        "CAPTURED_AT": 1506972695100,
        "HEADING": 240.75560885189,
        "IMAGE_THUMB_URL": "https://scontent-bos5-1.xx.fbcdn.net/m1/v/t6/An9vkV6lYBKB-sGx6-05IyHHwCRlfPEAUDyCwM9Dnax5IagPNgFwHVugKK471WXglWnHou8EEwj1147sKHxtVCSjnCBpJ6vx64SuVJBpZVVcXEl2lIIk5Bg-HrEC80weK2YiXgDLTliQRCWzy7wxV_s?stp=s256x144&edm=AOnQwmMEAAAA&_nc_gid=sAewYauPqZzxPLZHzJTnuA&_nc_oc=AdqdcggjIppt5EZ-DPQCf78cn2oRgFRbR1WIfSO5fcHOYvX1eHww_s1AywWrlmCWTQQ&ccb=10-5&oh=00_Af7kI37KTVtJjVOdyKsoW3UZ_QvhysMPzDv4WoEHy5Nf6g&oe=6A39617C&_nc_sid=201bca",
        "IMAGE_PREVIEW_URL": "https://scontent-bos5-1.xx.fbcdn.net/m1/v/t6/An9vkV6lYBKB-sGx6-05IyHHwCRlfPEAUDyCwM9Dnax5IagPNgFwHVugKK471WXglWnHou8EEwj1147sKHxtVCSjnCBpJ6vx64SuVJBpZVVcXEl2lIIk5Bg-HrEC80weK2YiXgDLTliQRCWzy7wxV_s?stp=s1024x576&edm=AOnQwmMEAAAA&_nc_gid=sAewYauPqZzxPLZHzJTnuA&_nc_oc=AdqdcggjIppt5EZ-DPQCf78cn2oRgFRbR1WIfSO5fcHOYvX1eHww_s1AywWrlmCWTQQ&ccb=10-5&oh=00_Af6P2IYzmhs8Z208l4YG3Z7UnQRQoEG61aERE2f1So8ECA&oe=6A39617C&_nc_sid=201bca",
        "IMAGE_ORIGINAL_URL": "https://scontent-bos5-1.xx.fbcdn.net/m1/v/t6/An9vkV6lYBKB-sGx6-05IyHHwCRlfPEAUDyCwM9Dnax5IagPNgFwHVugKK471WXglWnHou8EEwj1147sKHxtVCSjnCBpJ6vx64SuVJBpZVVcXEl2lIIk5Bg-HrEC80weK2YiXgDLTliQRCWzy7wxV_s?edm=AOnQwmMEAAAA&_nc_gid=sAewYauPqZzxPLZHzJTnuA&_nc_oc=AdqdcggjIppt5EZ-DPQCf78cn2oRgFRbR1WIfSO5fcHOYvX1eHww_s1AywWrlmCWTQQ&ccb=10-5&oh=00_Af5oUTvPk_snoPfKDZ_8S9eKmAkyxyyEOgj4L9NqBpHaYg&oe=6A39617C&_nc_sid=201bca",
        "SOURCE_URL": "https://www.mapillary.com/app/?pKey=937998370284110",
        "SAMPLE_MUNICIPALITY": "Medford",
        "SAMPLE_STREET_NAME": "SALEM STREET",
        "SAMPLE_SEGMENT_ID": 387197,
        "SAMPLE_LAT": 42.4196706983323,
        "SAMPLE_LNG": -71.1014593173332
      }
    },
    {
      "type": "Feature",
      "geometry": {
        "type": "Point",
        "coordinates": [
          -71.100940218765,
          42.419328323063
        ]
      },
      "properties": {
        "PROVIDER": "mapillary",
        "IMAGE_ID": "998999217534858",
        "SEQUENCE_ID": "tiuXlnJLi8CZcHPd65K-Lw",
        "CAPTURED_AT": 1507117497350,
        "HEADING": 347.7912902832,
        "IMAGE_THUMB_URL": "https://scontent-bos5-1.xx.fbcdn.net/m1/v/t6/An_AZ-PZL6i9h9VPqVfXrfksYG6JQtQPFACM0xm-wq-ZRv2U34fyGACQ7nHJMK0kJB8imOXqqlkKyqG82cCjYcNMDi2ITPJFy9_QITHVvrINfTxtgvO9lQ9LsvJarBc5azUl7JttM6RyV9_rDcWTrQ?stp=s256x192&edm=AOnQwmMEAAAA&_nc_gid=sAewYauPqZzxPLZHzJTnuA&_nc_oc=Ado6Fiu55Rm8wALlSu7rJx7XgjsEm-eYlT6hxSQH0JWgbTcPIchXmBT2lYiobcsy6s0&ccb=10-5&oh=00_Af6X1V7tLYUw4L2NkxstLmOsT3Cpex0MfEMLlMLNyLwbiQ&oe=6A39675B&_nc_sid=201bca",
        "IMAGE_PREVIEW_URL": "https://scontent-bos5-1.xx.fbcdn.net/m1/v/t6/An_AZ-PZL6i9h9VPqVfXrfksYG6JQtQPFACM0xm-wq-ZRv2U34fyGACQ7nHJMK0kJB8imOXqqlkKyqG82cCjYcNMDi2ITPJFy9_QITHVvrINfTxtgvO9lQ9LsvJarBc5azUl7JttM6RyV9_rDcWTrQ?stp=s1024x768&edm=AOnQwmMEAAAA&_nc_gid=sAewYauPqZzxPLZHzJTnuA&_nc_oc=Ado6Fiu55Rm8wALlSu7rJx7XgjsEm-eYlT6hxSQH0JWgbTcPIchXmBT2lYiobcsy6s0&ccb=10-5&oh=00_Af5uwxxuRCWs8Eh2qLqpNRJ4Tr6ZYn4KynFohG3sRkF3qw&oe=6A39675B&_nc_sid=201bca",
        "IMAGE_ORIGINAL_URL": "https://scontent-bos5-1.xx.fbcdn.net/m1/v/t6/An_AZ-PZL6i9h9VPqVfXrfksYG6JQtQPFACM0xm-wq-ZRv2U34fyGACQ7nHJMK0kJB8imOXqqlkKyqG82cCjYcNMDi2ITPJFy9_QITHVvrINfTxtgvO9lQ9LsvJarBc5azUl7JttM6RyV9_rDcWTrQ?edm=AOnQwmMEAAAA&_nc_gid=sAewYauPqZzxPLZHzJTnuA&_nc_oc=Ado6Fiu55Rm8wALlSu7rJx7XgjsEm-eYlT6hxSQH0JWgbTcPIchXmBT2lYiobcsy6s0&ccb=10-5&oh=00_Af4B2My66C8gp-DVcOVpbdqqgN837iw-rJTRVr-qIxuZyw&oe=6A39675B&_nc_sid=201bca",
        "SOURCE_URL": "https://www.mapillary.com/app/?pKey=998999217534858",
        "SAMPLE_MUNICIPALITY": "Medford",
        "SAMPLE_STREET_NAME": "SALEM STREET",
        "SAMPLE_SEGMENT_ID": 387197,
        "SAMPLE_LAT": 42.4196706983323,
        "SAMPLE_LNG": -71.1014593173332
      }
    },
    {
      "type": "Feature",
      "geometry": {
        "type": "Point",
        "coordinates": [
          -71.101832648487,
          42.419547993798
        ]
      },
      "properties": {
        "PROVIDER": "mapillary",
        "IMAGE_ID": "1221398524945923",
        "SEQUENCE_ID": "QzvFPzShD8-Hm6PEJBP7rQ",
        "CAPTURED_AT": 1506972697100,
        "HEADING": 245.17725955821,
        "IMAGE_THUMB_URL": "https://scontent-bos5-1.xx.fbcdn.net/m1/v/t6/An9770bhPauQXyWtM6Dzb-ibvyh6kcbpL7pphvvlkZR0-I87h0yKRRokRyD18hXhW7hSrsNYW6ceXDyAZozYiSXydpzoSYtzVW_FiwA3RH2SEJGd-xQCDv-djf8Oani8f1HKIikG167p7eedFEJc934?stp=s256x144&edm=AOnQwmMEAAAA&_nc_gid=sAewYauPqZzxPLZHzJTnuA&_nc_oc=AdpKhi6Qwskkj7iqXJxdhPEgQwk9jbETL13AQNoxN-kq5020HT70zMa7bkq8z126d2Q&ccb=10-5&oh=00_Af7vZJG9ObxX4tyfHZjbPs4x7dLQMtFQPXgPgPDpvzht3g&oe=6A394F7E&_nc_sid=201bca",
        "IMAGE_PREVIEW_URL": "https://scontent-bos5-1.xx.fbcdn.net/m1/v/t6/An9770bhPauQXyWtM6Dzb-ibvyh6kcbpL7pphvvlkZR0-I87h0yKRRokRyD18hXhW7hSrsNYW6ceXDyAZozYiSXydpzoSYtzVW_FiwA3RH2SEJGd-xQCDv-djf8Oani8f1HKIikG167p7eedFEJc934?stp=s1024x576&edm=AOnQwmMEAAAA&_nc_gid=sAewYauPqZzxPLZHzJTnuA&_nc_oc=AdpKhi6Qwskkj7iqXJxdhPEgQwk9jbETL13AQNoxN-kq5020HT70zMa7bkq8z126d2Q&ccb=10-5&oh=00_Af4Q-SW49iFf5eJx7yYdwOjsOBhOr38zMJC2Crmy9R-qjg&oe=6A394F7E&_nc_sid=201bca",
        "IMAGE_ORIGINAL_URL": "https://scontent-bos5-1.xx.fbcdn.net/m1/v/t6/An9770bhPauQXyWtM6Dzb-ibvyh6kcbpL7pphvvlkZR0-I87h0yKRRokRyD18hXhW7hSrsNYW6ceXDyAZozYiSXydpzoSYtzVW_FiwA3RH2SEJGd-xQCDv-djf8Oani8f1HKIikG167p7eedFEJc934?edm=AOnQwmMEAAAA&_nc_gid=sAewYauPqZzxPLZHzJTnuA&_nc_oc=AdpKhi6Qwskkj7iqXJxdhPEgQwk9jbETL13AQNoxN-kq5020HT70zMa7bkq8z126d2Q&ccb=10-5&oh=00_Af4YZRa8SA3RmA4RYSPBHdbd-v41wkJWK8T5b28iv0YfCw&oe=6A394F7E&_nc_sid=201bca",
        "SOURCE_URL": "https://www.mapillary.com/app/?pKey=1221398524945923",
        "SAMPLE_MUNICIPALITY": "Medford",
        "SAMPLE_STREET_NAME": "SALEM STREET",
        "SAMPLE_SEGMENT_ID": 387197,
        "SAMPLE_LAT": 42.4196706983323,
        "SAMPLE_LNG": -71.1014593173332
      }
    },
    {
      "type": "Feature",
      "geometry": {
        "type": "Point",
        "coordinates": [
          -71.1016978255,
          42.419595263602
        ]
      },
      "properties": {
        "PROVIDER": "mapillary",
        "IMAGE_ID": "527589951740573",
        "SEQUENCE_ID": "QzvFPzShD8-Hm6PEJBP7rQ",
        "CAPTURED_AT": 1506972696200,
        "HEADING": 241.70337623052,
        "IMAGE_THUMB_URL": "https://scontent-bos5-1.xx.fbcdn.net/m1/v/t6/An_QMR2YNWzQswHXWOV8ouiT3x5XVU0jdZ12M3zpOyQyHhsygmAj0x9XwJqc7jJu5e68B1QjzgoJ1Pg3OjAeePrNmYCnmFz5cIpCgGn2PBeNSXo95cP9dnesUlcTfLTF6ThYmusetiChpYS3JWKm0w?stp=s256x144&edm=AOnQwmMEAAAA&_nc_gid=sAewYauPqZzxPLZHzJTnuA&_nc_oc=AdqgMKAPAHj3Ea-aALmj5kEoxN-QRmkQYzRg_QHLgCiIeZVpllhVZFsWMSRlv5YJWOE&ccb=10-5&oh=00_Af4Pp5Q5dy_rM6lZOxbrc6VQsJ1pUpGlG8LeZEf7BS8S_g&oe=6A396611&_nc_sid=201bca",
        "IMAGE_PREVIEW_URL": "https://scontent-bos5-1.xx.fbcdn.net/m1/v/t6/An_QMR2YNWzQswHXWOV8ouiT3x5XVU0jdZ12M3zpOyQyHhsygmAj0x9XwJqc7jJu5e68B1QjzgoJ1Pg3OjAeePrNmYCnmFz5cIpCgGn2PBeNSXo95cP9dnesUlcTfLTF6ThYmusetiChpYS3JWKm0w?stp=s1024x576&edm=AOnQwmMEAAAA&_nc_gid=sAewYauPqZzxPLZHzJTnuA&_nc_oc=AdqgMKAPAHj3Ea-aALmj5kEoxN-QRmkQYzRg_QHLgCiIeZVpllhVZFsWMSRlv5YJWOE&ccb=10-5&oh=00_Af4XavjFp8OA6oaeKEkLSzbw2M3BWzu4otbYEhMQF-CzpA&oe=6A396611&_nc_sid=201bca",
        "IMAGE_ORIGINAL_URL": "https://scontent-bos5-1.xx.fbcdn.net/m1/v/t6/An_QMR2YNWzQswHXWOV8ouiT3x5XVU0jdZ12M3zpOyQyHhsygmAj0x9XwJqc7jJu5e68B1QjzgoJ1Pg3OjAeePrNmYCnmFz5cIpCgGn2PBeNSXo95cP9dnesUlcTfLTF6ThYmusetiChpYS3JWKm0w?edm=AOnQwmMEAAAA&_nc_gid=sAewYauPqZzxPLZHzJTnuA&_nc_oc=AdqgMKAPAHj3Ea-aALmj5kEoxN-QRmkQYzRg_QHLgCiIeZVpllhVZFsWMSRlv5YJWOE&ccb=10-5&oh=00_Af51UQK5JAP3aLO6xA3BiZTtUGU1eVPRIU_vIy0H3LRT1A&oe=6A396611&_nc_sid=201bca",
        "SOURCE_URL": "https://www.mapillary.com/app/?pKey=527589951740573",
        "SAMPLE_MUNICIPALITY": "Medford",
        "SAMPLE_STREET_NAME": "SALEM STREET",
        "SAMPLE_SEGMENT_ID": 387197,
        "SAMPLE_LAT": 42.4196706983323,
        "SAMPLE_LNG": -71.1014593173332
      }
    },
    {
      "type": "Feature",
      "geometry": {
        "type": "Point",
        "coordinates": [
          -71.10163710038,
          42.41961797491
        ]
      },
      "properties": {
        "PROVIDER": "mapillary",
        "IMAGE_ID": "998708154203382",
        "SEQUENCE_ID": "QzvFPzShD8-Hm6PEJBP7rQ",
        "CAPTURED_AT": 1506972695800,
        "HEADING": 240.75556868995,
        "IMAGE_THUMB_URL": "https://scontent-bos5-1.xx.fbcdn.net/m1/v/t6/An-hOsF1lOd-rh-X0Cq2yUQUhRGQbQUwzTxfyhEnEBpUvc14tNnApb2cfLb90V2XLO2N3Umnz60zYSPCtYo1bW4Z-8O9VGwYDMYP2ne9XW0SJytMAP2GPtLrjzQLS34aFZGrJoy86fM-syOi-Ue4tg?stp=s256x144&edm=AOnQwmMEAAAA&_nc_gid=sAewYauPqZzxPLZHzJTnuA&_nc_oc=AdrvZX72vkkRm4i1nTbug1XKRZGLBqX0H05CvZOnd9GNOtDrl9u2oYKGL-QSGWKwWGA&ccb=10-5&oh=00_Af7WV5AKznh8d824xgzvXYCgqwK1m2hTz4WQWcBwFNVYjA&oe=6A3937BB&_nc_sid=201bca",
        "IMAGE_PREVIEW_URL": "https://scontent-bos5-1.xx.fbcdn.net/m1/v/t6/An-hOsF1lOd-rh-X0Cq2yUQUhRGQbQUwzTxfyhEnEBpUvc14tNnApb2cfLb90V2XLO2N3Umnz60zYSPCtYo1bW4Z-8O9VGwYDMYP2ne9XW0SJytMAP2GPtLrjzQLS34aFZGrJoy86fM-syOi-Ue4tg?stp=s1024x576&edm=AOnQwmMEAAAA&_nc_gid=sAewYauPqZzxPLZHzJTnuA&_nc_oc=AdrvZX72vkkRm4i1nTbug1XKRZGLBqX0H05CvZOnd9GNOtDrl9u2oYKGL-QSGWKwWGA&ccb=10-5&oh=00_Af4SpD9UInnY7z88LOBCuVXBqCWr6lP1hg39wTaThy4RcA&oe=6A3937BB&_nc_sid=201bca",
        "IMAGE_ORIGINAL_URL": "https://scontent-bos5-1.xx.fbcdn.net/m1/v/t6/An-hOsF1lOd-rh-X0Cq2yUQUhRGQbQUwzTxfyhEnEBpUvc14tNnApb2cfLb90V2XLO2N3Umnz60zYSPCtYo1bW4Z-8O9VGwYDMYP2ne9XW0SJytMAP2GPtLrjzQLS34aFZGrJoy86fM-syOi-Ue4tg?edm=AOnQwmMEAAAA&_nc_gid=sAewYauPqZzxPLZHzJTnuA&_nc_oc=AdrvZX72vkkRm4i1nTbug1XKRZGLBqX0H05CvZOnd9GNOtDrl9u2oYKGL-QSGWKwWGA&ccb=10-5&oh=00_Af4AJRpQWZoB6R3xJ8ECDGJIdWztRMb7eH9GVknK38XWXw&oe=6A3937BB&_nc_sid=201bca",
        "SOURCE_URL": "https://www.mapillary.com/app/?pKey=998708154203382",
        "SAMPLE_MUNICIPALITY": "Medford",
        "SAMPLE_STREET_NAME": "SALEM STREET",
        "SAMPLE_SEGMENT_ID": 387197,
        "SAMPLE_LAT": 42.4196706983323,
        "SAMPLE_LNG": -71.1014593173332
      }
    },
    {
      "type": "Feature",
      "geometry": {
        "type": "Point",
        "coordinates": [
          -71.100980456392,
          42.419525117194
        ]
      },
      "properties": {
        "PROVIDER": "mapillary",
        "IMAGE_ID": "760747234622811",
        "SEQUENCE_ID": "tiuXlnJLi8CZcHPd65K-Lw",
        "CAPTURED_AT": 1507117501493,
        "HEADING": 354.9944152832,
        "IMAGE_THUMB_URL": "https://scontent-bos5-1.xx.fbcdn.net/m1/v/t6/An-1xTV6kRSuXqobj43T7oIWc3zEM0_84qqBmiRxsF8vKcq2qIgHGm6sa7nZKHLIc-QxJ4zPNA6wjmHI5UN3yEim2yv7Ax9roj2ypXaMCEoFQg6yKdwRqBuVDAYYuVSFKnGeAGEi5cL6F45Rff8kNw?stp=s256x192&edm=AOnQwmMEAAAA&_nc_gid=sAewYauPqZzxPLZHzJTnuA&_nc_oc=Adq2ViY85dNNHLvJTjIHL13b-hFGZdn-TFyl6cpT_nmeJbNU7Z22JdeeNA5e1BAnX-4&ccb=10-5&oh=00_Af7QBLzGt9NdX6MRy3NyKpBzlA_e6J3QEIexPJnIO6mP3Q&oe=6A394C68&_nc_sid=201bca",
        "IMAGE_PREVIEW_URL": "https://scontent-bos5-1.xx.fbcdn.net/m1/v/t6/An-1xTV6kRSuXqobj43T7oIWc3zEM0_84qqBmiRxsF8vKcq2qIgHGm6sa7nZKHLIc-QxJ4zPNA6wjmHI5UN3yEim2yv7Ax9roj2ypXaMCEoFQg6yKdwRqBuVDAYYuVSFKnGeAGEi5cL6F45Rff8kNw?stp=s1024x768&edm=AOnQwmMEAAAA&_nc_gid=sAewYauPqZzxPLZHzJTnuA&_nc_oc=Adq2ViY85dNNHLvJTjIHL13b-hFGZdn-TFyl6cpT_nmeJbNU7Z22JdeeNA5e1BAnX-4&ccb=10-5&oh=00_Af4a60SU3mcYzC6fah6uSa5N_zhMu2Iq4s5A2JugWhYogg&oe=6A394C68&_nc_sid=201bca",
        "IMAGE_ORIGINAL_URL": "https://scontent-bos5-1.xx.fbcdn.net/m1/v/t6/An-1xTV6kRSuXqobj43T7oIWc3zEM0_84qqBmiRxsF8vKcq2qIgHGm6sa7nZKHLIc-QxJ4zPNA6wjmHI5UN3yEim2yv7Ax9roj2ypXaMCEoFQg6yKdwRqBuVDAYYuVSFKnGeAGEi5cL6F45Rff8kNw?edm=AOnQwmMEAAAA&_nc_gid=sAewYauPqZzxPLZHzJTnuA&_nc_oc=Adq2ViY85dNNHLvJTjIHL13b-hFGZdn-TFyl6cpT_nmeJbNU7Z22JdeeNA5e1BAnX-4&ccb=10-5&oh=00_Af5rCmuwcOJXLL-Q6dnWP38NBRLQW5TpEzKFzmiefu6dAg&oe=6A394C68&_nc_sid=201bca",
        "SOURCE_URL": "https://www.mapillary.com/app/?pKey=760747234622811",
        "SAMPLE_MUNICIPALITY": "Medford",
        "SAMPLE_STREET_NAME": "SALEM STREET",
        "SAMPLE_SEGMENT_ID": 387197,
        "SAMPLE_LAT": 42.4196706983323,
        "SAMPLE_LNG": -71.1014593173332
      }
    },
    {
      "type": "Feature",
      "geometry": {
        "type": "Point",
        "coordinates": [
          -71.100985720073,
          42.41955236861
        ]
      },
      "properties": {
        "PROVIDER": "mapillary",
        "IMAGE_ID": "973363140066450",
        "SEQUENCE_ID": "tiuXlnJLi8CZcHPd65K-Lw",
        "CAPTURED_AT": 1507117502350,
        "HEADING": 348.25378417969,
        "IMAGE_THUMB_URL": "https://scontent-bos5-1.xx.fbcdn.net/m1/v/t6/An-4yGjTexGOTlu1Ic-agaJlx19xvuhTvhmbIcf507pyUsb3EBSyNOgibAaricEbdkXw7kAZn-B-xapUZhi8HFotMvIiZewPrUt9FBLYuI5Zz16BGRCp91Hyl9yshumxrHRG2rgaA-wSg-o5OO_G6Q?stp=s256x192&edm=AOnQwmMEAAAA&_nc_gid=sAewYauPqZzxPLZHzJTnuA&_nc_oc=AdpIusvNyVFNKDYMdMe-Kncgy0XBmzRkdHmoNJ5SGamUBFXNvZ1OiKkaUCugKKMTK34&ccb=10-5&oh=00_Af40CQWA5Wg6YEjgFZTY6AxEEWA8r-RMpGvRNaGjb0zbOw&oe=6A394FD9&_nc_sid=201bca",
        "IMAGE_PREVIEW_URL": "https://scontent-bos5-1.xx.fbcdn.net/m1/v/t6/An-4yGjTexGOTlu1Ic-agaJlx19xvuhTvhmbIcf507pyUsb3EBSyNOgibAaricEbdkXw7kAZn-B-xapUZhi8HFotMvIiZewPrUt9FBLYuI5Zz16BGRCp91Hyl9yshumxrHRG2rgaA-wSg-o5OO_G6Q?stp=s1024x768&edm=AOnQwmMEAAAA&_nc_gid=sAewYauPqZzxPLZHzJTnuA&_nc_oc=AdpIusvNyVFNKDYMdMe-Kncgy0XBmzRkdHmoNJ5SGamUBFXNvZ1OiKkaUCugKKMTK34&ccb=10-5&oh=00_Af7QFwIWVzUqegDNtoUH_5x5SNP0QRvZsepEGxumRBlwSw&oe=6A394FD9&_nc_sid=201bca",
        "IMAGE_ORIGINAL_URL": "https://scontent-bos5-1.xx.fbcdn.net/m1/v/t6/An-4yGjTexGOTlu1Ic-agaJlx19xvuhTvhmbIcf507pyUsb3EBSyNOgibAaricEbdkXw7kAZn-B-xapUZhi8HFotMvIiZewPrUt9FBLYuI5Zz16BGRCp91Hyl9yshumxrHRG2rgaA-wSg-o5OO_G6Q?edm=AOnQwmMEAAAA&_nc_gid=sAewYauPqZzxPLZHzJTnuA&_nc_oc=AdpIusvNyVFNKDYMdMe-Kncgy0XBmzRkdHmoNJ5SGamUBFXNvZ1OiKkaUCugKKMTK34&ccb=10-5&oh=00_Af50zUa2TAThxCrxoRSuR2BWszhSABw0aSgbjxeLbLTFVg&oe=6A394FD9&_nc_sid=201bca",
        "SOURCE_URL": "https://www.mapillary.com/app/?pKey=973363140066450",
        "SAMPLE_MUNICIPALITY": "Medford",
        "SAMPLE_STREET_NAME": "SALEM STREET",
        "SAMPLE_SEGMENT_ID": 387197,
        "SAMPLE_LAT": 42.4196706983323,
        "SAMPLE_LNG": -71.1014593173332
      }
    },
    {
      "type": "Feature",
      "geometry": {
        "type": "Point",
        "coordinates": [
          -71.09224474243,
          42.422521980153
        ]
      },
      "properties": {
        "PROVIDER": "mapillary",
        "IMAGE_ID": "139406448161589",
        "SEQUENCE_ID": "UM0vPsdnanG-AQZFGcqOng",
        "CAPTURED_AT": 1506972538900,
        "HEADING": 242.11380618119,
        "IMAGE_THUMB_URL": "https://scontent-bos5-1.xx.fbcdn.net/m1/v/t6/An9Y5AMpLng1jWnxTZWmGcYG84EgmI-p3BDZMCQ8hbDrqoMPq3ANKLTLiCiUL1AiCxrmtp92bY0jWhcHOzEGzcIRh1mx_eCjiNcOA7t6-DhWNseW9njfZyNw80tOJzU7Aq8YG39J83hkci7hLK2t-iA?stp=s256x144&edm=AOnQwmMEAAAA&_nc_gid=z2Yx1AiCbwCxBR85PXEXrQ&_nc_oc=AdqWh0oChbAHNEhOr7zrW4OeYOT60exuW0AEiAcTaXphtiXxz67pMLZvbh3JIgboYm0&ccb=10-5&oh=00_Af6-6U7zLYeu2CzlR2xjLFksR4PJsCiV4acdldPnH26k4Q&oe=6A39605F&_nc_sid=201bca",
        "IMAGE_PREVIEW_URL": "https://scontent-bos5-1.xx.fbcdn.net/m1/v/t6/An9Y5AMpLng1jWnxTZWmGcYG84EgmI-p3BDZMCQ8hbDrqoMPq3ANKLTLiCiUL1AiCxrmtp92bY0jWhcHOzEGzcIRh1mx_eCjiNcOA7t6-DhWNseW9njfZyNw80tOJzU7Aq8YG39J83hkci7hLK2t-iA?stp=s1024x576&edm=AOnQwmMEAAAA&_nc_gid=z2Yx1AiCbwCxBR85PXEXrQ&_nc_oc=AdqWh0oChbAHNEhOr7zrW4OeYOT60exuW0AEiAcTaXphtiXxz67pMLZvbh3JIgboYm0&ccb=10-5&oh=00_Af4aFdF0bdz-Q25WczCjxEx1QHAUz7GIaAJTU3wMR1f-LA&oe=6A39605F&_nc_sid=201bca",
        "IMAGE_ORIGINAL_URL": "https://scontent-bos5-1.xx.fbcdn.net/m1/v/t6/An9Y5AMpLng1jWnxTZWmGcYG84EgmI-p3BDZMCQ8hbDrqoMPq3ANKLTLiCiUL1AiCxrmtp92bY0jWhcHOzEGzcIRh1mx_eCjiNcOA7t6-DhWNseW9njfZyNw80tOJzU7Aq8YG39J83hkci7hLK2t-iA?edm=AOnQwmMEAAAA&_nc_gid=z2Yx1AiCbwCxBR85PXEXrQ&_nc_oc=AdqWh0oChbAHNEhOr7zrW4OeYOT60exuW0AEiAcTaXphtiXxz67pMLZvbh3JIgboYm0&ccb=10-5&oh=00_Af6ncLFoOwui6YUNvcb20X_aB8YqDFF8hcMfvbe87OmQPQ&oe=6A39605F&_nc_sid=201bca",
        "SOURCE_URL": "https://www.mapillary.com/app/?pKey=139406448161589",
        "SAMPLE_MUNICIPALITY": "Medford",
        "SAMPLE_STREET_NAME": "SALEM STREET",
        "SAMPLE_SEGMENT_ID": 387207,
        "SAMPLE_LAT": 42.4226051741928,
        "SAMPLE_LNG": -71.0920219961998
      }
    },
    {
      "type": "Feature",
      "geometry": {
        "type": "Point",
        "coordinates": [
          -71.090341814952,
          42.423697450686
        ]
      },
      "properties": {
        "PROVIDER": "mapillary",
        "IMAGE_ID": "300224494960401",
        "SEQUENCE_ID": "UM0vPsdnanG-AQZFGcqOng",
        "CAPTURED_AT": 1506972508200,
        "HEADING": 233.03468925122,
        "IMAGE_THUMB_URL": "https://scontent-bos5-1.xx.fbcdn.net/m1/v/t6/An-98UZf_feuzxp90LtXho8A89O6qBuiPB6S5f3KshGpxsqgrAQLBt7oP-w4iNuSPKBN0jwz_iiGr_9XuDnkOxMwzUV6Sb8p6NkJYejafzxBj21ockG6m95wqFSM7kYI8UOEErO22nsl_i3pz_MeGw?stp=s256x144&edm=AOnQwmMEAAAA&_nc_gid=3RECCr0DVwObv1a5ogMNLw&_nc_oc=AdqA-woIvLPxSZAltIMY5fvxzkQE15Eg6r_fk1AsXK1z30AL4WwYn7nNxGIvxz6HukA&ccb=10-5&oh=00_Af63s1md7K-_z_y1Se8LXAKc4J-SErs3aeyAn7SPrfxgQw&oe=6A396741&_nc_sid=201bca",
        "IMAGE_PREVIEW_URL": "https://scontent-bos5-1.xx.fbcdn.net/m1/v/t6/An-98UZf_feuzxp90LtXho8A89O6qBuiPB6S5f3KshGpxsqgrAQLBt7oP-w4iNuSPKBN0jwz_iiGr_9XuDnkOxMwzUV6Sb8p6NkJYejafzxBj21ockG6m95wqFSM7kYI8UOEErO22nsl_i3pz_MeGw?stp=s1024x576&edm=AOnQwmMEAAAA&_nc_gid=3RECCr0DVwObv1a5ogMNLw&_nc_oc=AdqA-woIvLPxSZAltIMY5fvxzkQE15Eg6r_fk1AsXK1z30AL4WwYn7nNxGIvxz6HukA&ccb=10-5&oh=00_Af5lo5rjG3OPHnLEz2xBCRqUCCnSzVvo5ugib7ELPLbmXQ&oe=6A396741&_nc_sid=201bca",
        "IMAGE_ORIGINAL_URL": "https://scontent-bos5-1.xx.fbcdn.net/m1/v/t6/An-98UZf_feuzxp90LtXho8A89O6qBuiPB6S5f3KshGpxsqgrAQLBt7oP-w4iNuSPKBN0jwz_iiGr_9XuDnkOxMwzUV6Sb8p6NkJYejafzxBj21ockG6m95wqFSM7kYI8UOEErO22nsl_i3pz_MeGw?edm=AOnQwmMEAAAA&_nc_gid=3RECCr0DVwObv1a5ogMNLw&_nc_oc=AdqA-woIvLPxSZAltIMY5fvxzkQE15Eg6r_fk1AsXK1z30AL4WwYn7nNxGIvxz6HukA&ccb=10-5&oh=00_Af4eP35DN42PJNvanwpf3xvQgfpYZosMRkXcutQxP0FI6A&oe=6A396741&_nc_sid=201bca",
        "SOURCE_URL": "https://www.mapillary.com/app/?pKey=300224494960401",
        "SAMPLE_MUNICIPALITY": "Medford",
        "SAMPLE_STREET_NAME": "SALEM STREET",
        "SAMPLE_SEGMENT_ID": 387426,
        "SAMPLE_LAT": 42.423143511065,
        "SAMPLE_LNG": -71.091191861986
      }
    },
    {
      "type": "Feature",
      "geometry": {
        "type": "Point",
        "coordinates": [
          -71.109742833667,
          42.418184123619
        ]
      },
      "properties": {
        "PROVIDER": "mapillary",
        "IMAGE_ID": "134307861978757",
        "SEQUENCE_ID": "-HUCkmCr5e84kG2F8fKFMQ",
        "CAPTURED_AT": 1506972796400,
        "HEADING": 251.73903659089,
        "IMAGE_THUMB_URL": "https://scontent-bos5-1.xx.fbcdn.net/m1/v/t6/An9R6ru-fEo1OL8gQsb8jHRfHfskZ-uxtGBNpY5joihe0yrhuvVgUdWbEfcniUZarJR0ogSzW3KyOtobTgQgV_TRAEFEEgYhc9g1mmPFtk9kxofeDMSiSqG6-uP8IAwaV-Ng06ZP_xnA3nPNcaaXdCc?stp=s256x144&edm=AOnQwmMEAAAA&_nc_gid=v7R6nVsFMNYidjUL8oXx4g&_nc_oc=AdrkTLdY6CeF9MYPYcAOU45YSeprZMRDNHyNKcbWEpFjRygj2mnuaXbV_9T_Z_aM0zQ&ccb=10-5&oh=00_Af7q9AyW3q90GSMIbCfkLZpxiuojvZ5tBgHqBoL1nR0dzA&oe=6A39434E&_nc_sid=201bca",
        "IMAGE_PREVIEW_URL": "https://scontent-bos5-1.xx.fbcdn.net/m1/v/t6/An9R6ru-fEo1OL8gQsb8jHRfHfskZ-uxtGBNpY5joihe0yrhuvVgUdWbEfcniUZarJR0ogSzW3KyOtobTgQgV_TRAEFEEgYhc9g1mmPFtk9kxofeDMSiSqG6-uP8IAwaV-Ng06ZP_xnA3nPNcaaXdCc?stp=s1024x576&edm=AOnQwmMEAAAA&_nc_gid=v7R6nVsFMNYidjUL8oXx4g&_nc_oc=AdrkTLdY6CeF9MYPYcAOU45YSeprZMRDNHyNKcbWEpFjRygj2mnuaXbV_9T_Z_aM0zQ&ccb=10-5&oh=00_Af4KSuOv1NQidGNeXR0iKl-p3jNWhg2FrP9pzmc1qWONhw&oe=6A39434E&_nc_sid=201bca",
        "IMAGE_ORIGINAL_URL": "https://scontent-bos5-1.xx.fbcdn.net/m1/v/t6/An9R6ru-fEo1OL8gQsb8jHRfHfskZ-uxtGBNpY5joihe0yrhuvVgUdWbEfcniUZarJR0ogSzW3KyOtobTgQgV_TRAEFEEgYhc9g1mmPFtk9kxofeDMSiSqG6-uP8IAwaV-Ng06ZP_xnA3nPNcaaXdCc?edm=AOnQwmMEAAAA&_nc_gid=v7R6nVsFMNYidjUL8oXx4g&_nc_oc=AdrkTLdY6CeF9MYPYcAOU45YSeprZMRDNHyNKcbWEpFjRygj2mnuaXbV_9T_Z_aM0zQ&ccb=10-5&oh=00_Af6obQexNIG0OmljDgi40HxT0R7a-PzT-4ltvdp04uXaxw&oe=6A39434E&_nc_sid=201bca",
        "SOURCE_URL": "https://www.mapillary.com/app/?pKey=134307861978757",
        "SAMPLE_MUNICIPALITY": "Medford",
        "SAMPLE_STREET_NAME": "SALEM STREET",
        "SAMPLE_SEGMENT_ID": 391686,
        "SAMPLE_LAT": 42.4182872962507,
        "SAMPLE_LNG": -71.1096562878131
      }
    },
    {
      "type": "Feature",
      "geometry": {
        "type": "Point",
        "coordinates": [
          -71.110139210547,
          42.418362910817
        ]
      },
      "properties": {
        "PROVIDER": "mapillary",
        "IMAGE_ID": "197880475334648",
        "SEQUENCE_ID": "W9t3L0Pv6CAlyKvDTThgIw",
        "CAPTURED_AT": 1426090809000,
        "HEADING": 109.7633,
        "IMAGE_THUMB_URL": "https://scontent-bos5-1.xx.fbcdn.net/m1/v/t6/An-xsOFcbTAaIYBRVmXsQK1fXyCXSwbeDe3bBrizcxy2THpz-dzc8PD6x-nOU5n9E6IR8r-vG6bnEZe3A4cyZmrnAFcic8Y-kZ3ugptYUW5SeDBRnQJJ7B5fK1rU2rUlVZmi43mofcp_VEfa1O8ZMw?stp=s256x192&edm=AOnQwmMEAAAA&_nc_gid=v7R6nVsFMNYidjUL8oXx4g&_nc_oc=Adp5rhfrEIAgoOldVTJNun3L3mQUktAAACHMjlm4w2Njm9iLzh4nDApBHrgn7DAOPxs&ccb=10-5&oh=00_Af7crw2AaCDZRKnXqH5rb0eyJWQ_cdaUi6HifAWYdTcTPw&oe=6A3948B9&_nc_sid=201bca",
        "IMAGE_PREVIEW_URL": "https://scontent-bos5-1.xx.fbcdn.net/m1/v/t6/An-xsOFcbTAaIYBRVmXsQK1fXyCXSwbeDe3bBrizcxy2THpz-dzc8PD6x-nOU5n9E6IR8r-vG6bnEZe3A4cyZmrnAFcic8Y-kZ3ugptYUW5SeDBRnQJJ7B5fK1rU2rUlVZmi43mofcp_VEfa1O8ZMw?stp=s1024x768&edm=AOnQwmMEAAAA&_nc_gid=v7R6nVsFMNYidjUL8oXx4g&_nc_oc=Adp5rhfrEIAgoOldVTJNun3L3mQUktAAACHMjlm4w2Njm9iLzh4nDApBHrgn7DAOPxs&ccb=10-5&oh=00_Af4vXAxU2lew3CCtpSHeoezkv-ZLoraw6_ynWOJ1LcriLQ&oe=6A3948B9&_nc_sid=201bca",
        "IMAGE_ORIGINAL_URL": "https://scontent-bos5-1.xx.fbcdn.net/m1/v/t6/An-xsOFcbTAaIYBRVmXsQK1fXyCXSwbeDe3bBrizcxy2THpz-dzc8PD6x-nOU5n9E6IR8r-vG6bnEZe3A4cyZmrnAFcic8Y-kZ3ugptYUW5SeDBRnQJJ7B5fK1rU2rUlVZmi43mofcp_VEfa1O8ZMw?edm=AOnQwmMEAAAA&_nc_gid=v7R6nVsFMNYidjUL8oXx4g&_nc_oc=Adp5rhfrEIAgoOldVTJNun3L3mQUktAAACHMjlm4w2Njm9iLzh4nDApBHrgn7DAOPxs&ccb=10-5&oh=00_Af5m2wCmYG5lriilP6iAR-dSgVMdYTg16QdjDbP8ZfwBMA&oe=6A3948B9&_nc_sid=201bca",
        "SOURCE_URL": "https://www.mapillary.com/app/?pKey=197880475334648",
        "SAMPLE_MUNICIPALITY": "Medford",
        "SAMPLE_STREET_NAME": "SALEM STREET",
        "SAMPLE_SEGMENT_ID": 391686,
        "SAMPLE_LAT": 42.4182872962507,
        "SAMPLE_LNG": -71.1096562878131
      }
    },
    {
      "type": "Feature",
      "geometry": {
        "type": "Point",
        "coordinates": [
          -71.11035233764,
          42.41842885378
        ]
      },
      "properties": {
        "PROVIDER": "mapillary",
        "IMAGE_ID": "368306764571287",
        "SEQUENCE_ID": "tmb6p2upm5qgywstiqvbv9",
        "CAPTURED_AT": 1426088418000,
        "HEADING": 118.6593,
        "IMAGE_THUMB_URL": "https://scontent-bos5-1.xx.fbcdn.net/m1/v/t6/An-23Mv0UL_99MInkeCUUtTB7cWVP9WPTvfbAOzb98-opC9kD-dSimYMOzuf0m3AHfLPUbtK5aJMiAG05SaeStfxFrf1zkLeAihE_PMKVU0NT7VPDysZtppCi0r4IUEYJUfgw8F4zso5MlngQTUS4A?stp=s256x192&edm=AOnQwmMEAAAA&_nc_gid=v7R6nVsFMNYidjUL8oXx4g&_nc_oc=AdoNe_ldI0CrucWklv-tSKiNTrbG1_i8LDFPPIe3OCTkNIT1ZTmca_OwBTziYkLDta0&ccb=10-5&oh=00_Af4qZkRzXpu7SnHxRLMFV_SmcujEpCkZxCQX_gPkakHS0A&oe=6A39538D&_nc_sid=201bca",
        "IMAGE_PREVIEW_URL": "https://scontent-bos5-1.xx.fbcdn.net/m1/v/t6/An-23Mv0UL_99MInkeCUUtTB7cWVP9WPTvfbAOzb98-opC9kD-dSimYMOzuf0m3AHfLPUbtK5aJMiAG05SaeStfxFrf1zkLeAihE_PMKVU0NT7VPDysZtppCi0r4IUEYJUfgw8F4zso5MlngQTUS4A?stp=s1024x768&edm=AOnQwmMEAAAA&_nc_gid=v7R6nVsFMNYidjUL8oXx4g&_nc_oc=AdoNe_ldI0CrucWklv-tSKiNTrbG1_i8LDFPPIe3OCTkNIT1ZTmca_OwBTziYkLDta0&ccb=10-5&oh=00_Af6VhVHRp8Lk8viKQwKz7SWb5T6SLworDyXBrMq0WMSKHw&oe=6A39538D&_nc_sid=201bca",
        "IMAGE_ORIGINAL_URL": "https://scontent-bos5-1.xx.fbcdn.net/m1/v/t6/An-23Mv0UL_99MInkeCUUtTB7cWVP9WPTvfbAOzb98-opC9kD-dSimYMOzuf0m3AHfLPUbtK5aJMiAG05SaeStfxFrf1zkLeAihE_PMKVU0NT7VPDysZtppCi0r4IUEYJUfgw8F4zso5MlngQTUS4A?edm=AOnQwmMEAAAA&_nc_gid=v7R6nVsFMNYidjUL8oXx4g&_nc_oc=AdoNe_ldI0CrucWklv-tSKiNTrbG1_i8LDFPPIe3OCTkNIT1ZTmca_OwBTziYkLDta0&ccb=10-5&oh=00_Af6HrQA1S35br_D6sFu7ZKirikPB6W3LqA48KBYmzurS8w&oe=6A39538D&_nc_sid=201bca",
        "SOURCE_URL": "https://www.mapillary.com/app/?pKey=368306764571287",
        "SAMPLE_MUNICIPALITY": "Medford",
        "SAMPLE_STREET_NAME": "SALEM STREET",
        "SAMPLE_SEGMENT_ID": 391686,
        "SAMPLE_LAT": 42.4182872962507,
        "SAMPLE_LNG": -71.1096562878131
      }
    },
    {
      "type": "Feature",
      "geometry": {
        "type": "Point",
        "coordinates": [
          -71.110318368987,
          42.418418006491
        ]
      },
      "properties": {
        "PROVIDER": "mapillary",
        "IMAGE_ID": "489985432246655",
        "SEQUENCE_ID": "W9t3L0Pv6CAlyKvDTThgIw",
        "CAPTURED_AT": 1426090803000,
        "HEADING": 118.1979,
        "IMAGE_THUMB_URL": "https://scontent-bos5-1.xx.fbcdn.net/m1/v/t6/An_uTEWEyXR9RHKlEIToPa64EbvESpEKgG6p0SdT8bWtmixPeYMKgfmmLir4-6O00TpC07ltXfdDORXJEN9roLrO42yew2-qMJCwBxAWer5hpKVk39XFA40peHI7HibItVmLXTJq7d9tgbp-8zujVA?stp=s256x192&edm=AOnQwmMEAAAA&_nc_gid=v7R6nVsFMNYidjUL8oXx4g&_nc_oc=AdrWr1dU7YzrGM67xLwl0rHXdoyvuTLbMxSvp6UTsLqFH86dMgS6HsT0cZ5tRyShKfk&ccb=10-5&oh=00_Af4YkRmPCq0oSL9VL9lXkvjTcfBmJ7tPupTF-23h_ftH0g&oe=6A396169&_nc_sid=201bca",
        "IMAGE_PREVIEW_URL": "https://scontent-bos5-1.xx.fbcdn.net/m1/v/t6/An_uTEWEyXR9RHKlEIToPa64EbvESpEKgG6p0SdT8bWtmixPeYMKgfmmLir4-6O00TpC07ltXfdDORXJEN9roLrO42yew2-qMJCwBxAWer5hpKVk39XFA40peHI7HibItVmLXTJq7d9tgbp-8zujVA?stp=s1024x768&edm=AOnQwmMEAAAA&_nc_gid=v7R6nVsFMNYidjUL8oXx4g&_nc_oc=AdrWr1dU7YzrGM67xLwl0rHXdoyvuTLbMxSvp6UTsLqFH86dMgS6HsT0cZ5tRyShKfk&ccb=10-5&oh=00_Af66fa73FqGjbrvs83_l5hObknfK1-Ri7TSYR9l-mpiglg&oe=6A396169&_nc_sid=201bca",
        "IMAGE_ORIGINAL_URL": "https://scontent-bos5-1.xx.fbcdn.net/m1/v/t6/An_uTEWEyXR9RHKlEIToPa64EbvESpEKgG6p0SdT8bWtmixPeYMKgfmmLir4-6O00TpC07ltXfdDORXJEN9roLrO42yew2-qMJCwBxAWer5hpKVk39XFA40peHI7HibItVmLXTJq7d9tgbp-8zujVA?edm=AOnQwmMEAAAA&_nc_gid=v7R6nVsFMNYidjUL8oXx4g&_nc_oc=AdrWr1dU7YzrGM67xLwl0rHXdoyvuTLbMxSvp6UTsLqFH86dMgS6HsT0cZ5tRyShKfk&ccb=10-5&oh=00_Af7IAT3bvpDGbkSJ3ozX-OyKAuiw7eO888AL8EnGGJc6pA&oe=6A396169&_nc_sid=201bca",
        "SOURCE_URL": "https://www.mapillary.com/app/?pKey=489985432246655",
        "SAMPLE_MUNICIPALITY": "Medford",
        "SAMPLE_STREET_NAME": "SALEM STREET",
        "SAMPLE_SEGMENT_ID": 391686,
        "SAMPLE_LAT": 42.4182872962507,
        "SAMPLE_LNG": -71.1096562878131
      }
    },
    {
      "type": "Feature",
      "geometry": {
        "type": "Point",
        "coordinates": [
          -71.110235582871,
          42.418391975034
        ]
      },
      "properties": {
        "PROVIDER": "mapillary",
        "IMAGE_ID": "2828931857373674",
        "SEQUENCE_ID": "tmb6p2upm5qgywstiqvbv9",
        "CAPTURED_AT": 1426088423000,
        "HEADING": 117.6638,
        "IMAGE_THUMB_URL": "https://scontent-bos5-1.xx.fbcdn.net/m1/v/t6/An-AlaeQra74MMRP_bwwUFcR1rd9-uD2IDk8qNRw23DwUJBBb-7BLpG0zRGh_4K94_rMM5RPmb5CyMGOO5xnLNttPwVw42IBOlhDeqQQ92urtjxgRcDTKBRU5PcEdmw-L4LqTACtHfPidkz-oXqXnw?stp=s256x192&edm=AOnQwmMEAAAA&_nc_gid=v7R6nVsFMNYidjUL8oXx4g&_nc_oc=Adr8VD4wlK5-_vHOy948e62H1v976ZSGkcdbmmfNqyEEOcs7quy_8zJeU7VjqJpcE4c&ccb=10-5&oh=00_Af683IIsBW5idbDXeBGauiwILdMym__KkrkrnCu4cQgfvw&oe=6A395810&_nc_sid=201bca",
        "IMAGE_PREVIEW_URL": "https://scontent-bos5-1.xx.fbcdn.net/m1/v/t6/An-AlaeQra74MMRP_bwwUFcR1rd9-uD2IDk8qNRw23DwUJBBb-7BLpG0zRGh_4K94_rMM5RPmb5CyMGOO5xnLNttPwVw42IBOlhDeqQQ92urtjxgRcDTKBRU5PcEdmw-L4LqTACtHfPidkz-oXqXnw?stp=s1024x768&edm=AOnQwmMEAAAA&_nc_gid=v7R6nVsFMNYidjUL8oXx4g&_nc_oc=Adr8VD4wlK5-_vHOy948e62H1v976ZSGkcdbmmfNqyEEOcs7quy_8zJeU7VjqJpcE4c&ccb=10-5&oh=00_Af6vNeYOOjzUTewFV101FzC4UGr7qbWlAvcTj4PT0QxS_g&oe=6A395810&_nc_sid=201bca",
        "IMAGE_ORIGINAL_URL": "https://scontent-bos5-1.xx.fbcdn.net/m1/v/t6/An-AlaeQra74MMRP_bwwUFcR1rd9-uD2IDk8qNRw23DwUJBBb-7BLpG0zRGh_4K94_rMM5RPmb5CyMGOO5xnLNttPwVw42IBOlhDeqQQ92urtjxgRcDTKBRU5PcEdmw-L4LqTACtHfPidkz-oXqXnw?edm=AOnQwmMEAAAA&_nc_gid=v7R6nVsFMNYidjUL8oXx4g&_nc_oc=Adr8VD4wlK5-_vHOy948e62H1v976ZSGkcdbmmfNqyEEOcs7quy_8zJeU7VjqJpcE4c&ccb=10-5&oh=00_Af7LFSJg-u81VN1UB0wPlBGyu2dVCFzekBupseQViI6jmA&oe=6A395810&_nc_sid=201bca",
        "SOURCE_URL": "https://www.mapillary.com/app/?pKey=2828931857373674",
        "SAMPLE_MUNICIPALITY": "Medford",
        "SAMPLE_STREET_NAME": "SALEM STREET",
        "SAMPLE_SEGMENT_ID": 391686,
        "SAMPLE_LAT": 42.4182872962507,
        "SAMPLE_LNG": -71.1096562878131
      }
    },
    {
      "type": "Feature",
      "geometry": {
        "type": "Point",
        "coordinates": [
          -71.110379631277,
          42.418435363489
        ]
      },
      "properties": {
        "PROVIDER": "mapillary",
        "IMAGE_ID": "456174885650216",
        "SEQUENCE_ID": "W9t3L0Pv6CAlyKvDTThgIw",
        "CAPTURED_AT": 1426090801000,
        "HEADING": 117.1932,
        "IMAGE_THUMB_URL": "https://scontent-bos5-1.xx.fbcdn.net/m1/v/t6/An969MXTWGi90PzJOZH7sza_88EYTavUtrit2R_nYlURQE-xQphqxnQZU86WvArnn1T1NlSJeHtA4uu4dG4V5cpsEbbzZyzhHu9quxJWzHwfR_tYnYphMR6JJeK1unoSA53_PEXpIfIM7BBiBHsuEQ?stp=s256x192&edm=AOnQwmMEAAAA&_nc_gid=v7R6nVsFMNYidjUL8oXx4g&_nc_oc=Adql2TXTUgc1GCc501Wm62JKL1TW42Bk9iOQCa0noxedNz8jZpdMwCvlaAU2xmG6AX0&ccb=10-5&oh=00_Af791lHlAGOZyrFNCu1J4YEX-YULvbTyEYRGi0n4jidLlQ&oe=6A395F50&_nc_sid=201bca",
        "IMAGE_PREVIEW_URL": "https://scontent-bos5-1.xx.fbcdn.net/m1/v/t6/An969MXTWGi90PzJOZH7sza_88EYTavUtrit2R_nYlURQE-xQphqxnQZU86WvArnn1T1NlSJeHtA4uu4dG4V5cpsEbbzZyzhHu9quxJWzHwfR_tYnYphMR6JJeK1unoSA53_PEXpIfIM7BBiBHsuEQ?stp=s1024x768&edm=AOnQwmMEAAAA&_nc_gid=v7R6nVsFMNYidjUL8oXx4g&_nc_oc=Adql2TXTUgc1GCc501Wm62JKL1TW42Bk9iOQCa0noxedNz8jZpdMwCvlaAU2xmG6AX0&ccb=10-5&oh=00_Af6DRR79R7MYn79jEJtLnRiCp-16oIo0Ohbk_jCzM3d8sA&oe=6A395F50&_nc_sid=201bca",
        "IMAGE_ORIGINAL_URL": "https://scontent-bos5-1.xx.fbcdn.net/m1/v/t6/An969MXTWGi90PzJOZH7sza_88EYTavUtrit2R_nYlURQE-xQphqxnQZU86WvArnn1T1NlSJeHtA4uu4dG4V5cpsEbbzZyzhHu9quxJWzHwfR_tYnYphMR6JJeK1unoSA53_PEXpIfIM7BBiBHsuEQ?edm=AOnQwmMEAAAA&_nc_gid=v7R6nVsFMNYidjUL8oXx4g&_nc_oc=Adql2TXTUgc1GCc501Wm62JKL1TW42Bk9iOQCa0noxedNz8jZpdMwCvlaAU2xmG6AX0&ccb=10-5&oh=00_Af7mO128rmGcfyHNcmMdZkCzrX1Ehgk9jKLIGfjFAhTm2w&oe=6A395F50&_nc_sid=201bca",
        "SOURCE_URL": "https://www.mapillary.com/app/?pKey=456174885650216",
        "SAMPLE_MUNICIPALITY": "Medford",
        "SAMPLE_STREET_NAME": "SALEM STREET",
        "SAMPLE_SEGMENT_ID": 391686,
        "SAMPLE_LAT": 42.4182872962507,
        "SAMPLE_LNG": -71.1096562878131
      }
    },
    {
      "type": "Feature",
      "geometry": {
        "type": "Point",
        "coordinates": [
          -71.109888754378,
          42.418390725747
        ]
      },
      "properties": {
        "PROVIDER": "mapillary",
        "IMAGE_ID": "814861132568117",
        "SEQUENCE_ID": "W9t3L0Pv6CAlyKvDTThgIw",
        "CAPTURED_AT": 1426090501000,
        "HEADING": 271.9952,
        "IMAGE_THUMB_URL": "https://scontent-bos5-1.xx.fbcdn.net/m1/v/t6/An9oAOJTrg5i51VCY9yb2hhIqOWZWKbbJBS4V-3wkK6RbeFPfCz4SUC2Sn774dub_GY0VYG5LlrzMiQTbSb7yB4ZEZ7tJGd6hlu2jfSoqQHdW9fz6Mg-qZKtKQ1jrHfChtKgYgL2ImW8vKzL5xfy5A?stp=s256x192&edm=AOnQwmMEAAAA&_nc_gid=v7R6nVsFMNYidjUL8oXx4g&_nc_oc=AdqPQ2hVnaCtzhpuT3I79KwsB1rj_Go2wTWgi4muS34fPrvicgoTYBYEBowzv7pkRL4&ccb=10-5&oh=00_Af5fFV-tOwTD6E5fOR6r6kBvf_zWvKV2ESy49Qiq_IFqCA&oe=6A393E15&_nc_sid=201bca",
        "IMAGE_PREVIEW_URL": "https://scontent-bos5-1.xx.fbcdn.net/m1/v/t6/An9oAOJTrg5i51VCY9yb2hhIqOWZWKbbJBS4V-3wkK6RbeFPfCz4SUC2Sn774dub_GY0VYG5LlrzMiQTbSb7yB4ZEZ7tJGd6hlu2jfSoqQHdW9fz6Mg-qZKtKQ1jrHfChtKgYgL2ImW8vKzL5xfy5A?stp=s1024x768&edm=AOnQwmMEAAAA&_nc_gid=v7R6nVsFMNYidjUL8oXx4g&_nc_oc=AdqPQ2hVnaCtzhpuT3I79KwsB1rj_Go2wTWgi4muS34fPrvicgoTYBYEBowzv7pkRL4&ccb=10-5&oh=00_Af4VgVjMUGYBH-VEpPUIJWu1RTgi4dTvqBkvXAa9lZ2Vfg&oe=6A393E15&_nc_sid=201bca",
        "IMAGE_ORIGINAL_URL": "https://scontent-bos5-1.xx.fbcdn.net/m1/v/t6/An9oAOJTrg5i51VCY9yb2hhIqOWZWKbbJBS4V-3wkK6RbeFPfCz4SUC2Sn774dub_GY0VYG5LlrzMiQTbSb7yB4ZEZ7tJGd6hlu2jfSoqQHdW9fz6Mg-qZKtKQ1jrHfChtKgYgL2ImW8vKzL5xfy5A?edm=AOnQwmMEAAAA&_nc_gid=v7R6nVsFMNYidjUL8oXx4g&_nc_oc=AdqPQ2hVnaCtzhpuT3I79KwsB1rj_Go2wTWgi4muS34fPrvicgoTYBYEBowzv7pkRL4&ccb=10-5&oh=00_Af5yHBMCqJRu1SEy9qC4QyFxPo5IkG6w8iJI6YPHG3Xg2Q&oe=6A393E15&_nc_sid=201bca",
        "SOURCE_URL": "https://www.mapillary.com/app/?pKey=814861132568117",
        "SAMPLE_MUNICIPALITY": "Medford",
        "SAMPLE_STREET_NAME": "SALEM STREET",
        "SAMPLE_SEGMENT_ID": 391686,
        "SAMPLE_LAT": 42.4182872962507,
        "SAMPLE_LNG": -71.1096562878131
      }
    },
    {
      "type": "Feature",
      "geometry": {
        "type": "Point",
        "coordinates": [
          -71.110507145014,
          42.418524269774
        ]
      },
      "properties": {
        "PROVIDER": "mapillary",
        "IMAGE_ID": "173470318005821",
        "SEQUENCE_ID": "W9t3L0Pv6CAlyKvDTThgIw",
        "CAPTURED_AT": 1426090515000,
        "HEADING": 270.0906,
        "IMAGE_THUMB_URL": "https://scontent-bos5-1.xx.fbcdn.net/m1/v/t6/An8U3yPGmhFwj0AmB7oBI_JXHhUK__3wxgPbRYi6yn3-1U98Lj7VGcv1_gn6Q3vG-9kUF0ZLWZBlAhlnVl0FS96dK6bYzLia8en5MZyQD5_9Cyf-MmWgRNUjd-DsBs090Ahrt0nk1778Zhqd_q11d1A?stp=s256x192&edm=AOnQwmMEAAAA&_nc_gid=v7R6nVsFMNYidjUL8oXx4g&_nc_oc=AdrszPDpZQY-ZPFrIbtK5CbwKZuxttF61IXpOjkyVRWTEPM6iUSf3V0t0JbqFyeEjYc&ccb=10-5&oh=00_Af47c1LtuIzY7Zya471Gwa3EgtTqG3DsjOzGlDsTVZ8lJw&oe=6A3941AA&_nc_sid=201bca",
        "IMAGE_PREVIEW_URL": "https://scontent-bos5-1.xx.fbcdn.net/m1/v/t6/An8U3yPGmhFwj0AmB7oBI_JXHhUK__3wxgPbRYi6yn3-1U98Lj7VGcv1_gn6Q3vG-9kUF0ZLWZBlAhlnVl0FS96dK6bYzLia8en5MZyQD5_9Cyf-MmWgRNUjd-DsBs090Ahrt0nk1778Zhqd_q11d1A?stp=s1024x768&edm=AOnQwmMEAAAA&_nc_gid=v7R6nVsFMNYidjUL8oXx4g&_nc_oc=AdrszPDpZQY-ZPFrIbtK5CbwKZuxttF61IXpOjkyVRWTEPM6iUSf3V0t0JbqFyeEjYc&ccb=10-5&oh=00_Af7dlhvhG4JDm1cQR95OLUwzJw969f0Xo-gBND7OytAtwQ&oe=6A3941AA&_nc_sid=201bca",
        "IMAGE_ORIGINAL_URL": "https://scontent-bos5-1.xx.fbcdn.net/m1/v/t6/An8U3yPGmhFwj0AmB7oBI_JXHhUK__3wxgPbRYi6yn3-1U98Lj7VGcv1_gn6Q3vG-9kUF0ZLWZBlAhlnVl0FS96dK6bYzLia8en5MZyQD5_9Cyf-MmWgRNUjd-DsBs090Ahrt0nk1778Zhqd_q11d1A?edm=AOnQwmMEAAAA&_nc_gid=v7R6nVsFMNYidjUL8oXx4g&_nc_oc=AdrszPDpZQY-ZPFrIbtK5CbwKZuxttF61IXpOjkyVRWTEPM6iUSf3V0t0JbqFyeEjYc&ccb=10-5&oh=00_Af5sDGWR4tJGKslKbOhdBFehovnr60v27fwxl0CfckMjIg&oe=6A3941AA&_nc_sid=201bca",
        "SOURCE_URL": "https://www.mapillary.com/app/?pKey=173470318005821",
        "SAMPLE_MUNICIPALITY": "Medford",
        "SAMPLE_STREET_NAME": "SALEM STREET",
        "SAMPLE_SEGMENT_ID": 391686,
        "SAMPLE_LAT": 42.4182872962507,
        "SAMPLE_LNG": -71.1096562878131
      }
    },
    {
      "type": "Feature",
      "geometry": {
        "type": "Point",
        "coordinates": [
          -71.110163964247,
          42.418356311192
        ]
      },
      "properties": {
        "PROVIDER": "mapillary",
        "IMAGE_ID": "1393945397632633",
        "SEQUENCE_ID": "tmb6p2upm5qgywstiqvbv9",
        "CAPTURED_AT": 1426088476000,
        "HEADING": 116.5988,
        "IMAGE_THUMB_URL": "https://scontent-bos5-1.xx.fbcdn.net/m1/v/t6/An91JzsT7Dmb192T3N7EYpljSgzqWJBhHkTpftugEmky_9egaK4PcF9Jt7Ee-DLw7GkvcCflQZOzXIoMebxa1wIW0Bk4QiNuqjObdQ9KICvUeK7h0SRkJy-O90kkqAB89p6nXR9BJCi32iHiB8FX9t0?stp=s256x192&edm=AOnQwmMEAAAA&_nc_gid=v7R6nVsFMNYidjUL8oXx4g&_nc_oc=AdoGXoFfooWsMROhK4MuPr6cc_PIjDErzgNE4bYj9GToGdflI7hASBM3uG_qHIr6xeo&ccb=10-5&oh=00_Af7IRwCQ0AMKt74APnRMaRg32kpQdnnZjQh_RW_5HagOAg&oe=6A393A5B&_nc_sid=201bca",
        "IMAGE_PREVIEW_URL": "https://scontent-bos5-1.xx.fbcdn.net/m1/v/t6/An91JzsT7Dmb192T3N7EYpljSgzqWJBhHkTpftugEmky_9egaK4PcF9Jt7Ee-DLw7GkvcCflQZOzXIoMebxa1wIW0Bk4QiNuqjObdQ9KICvUeK7h0SRkJy-O90kkqAB89p6nXR9BJCi32iHiB8FX9t0?stp=s1024x768&edm=AOnQwmMEAAAA&_nc_gid=v7R6nVsFMNYidjUL8oXx4g&_nc_oc=AdoGXoFfooWsMROhK4MuPr6cc_PIjDErzgNE4bYj9GToGdflI7hASBM3uG_qHIr6xeo&ccb=10-5&oh=00_Af6tRZDvSP7MjK5myymROGvzgEUZG5maW42NzZmV3_rC7Q&oe=6A393A5B&_nc_sid=201bca",
        "IMAGE_ORIGINAL_URL": "https://scontent-bos5-1.xx.fbcdn.net/m1/v/t6/An91JzsT7Dmb192T3N7EYpljSgzqWJBhHkTpftugEmky_9egaK4PcF9Jt7Ee-DLw7GkvcCflQZOzXIoMebxa1wIW0Bk4QiNuqjObdQ9KICvUeK7h0SRkJy-O90kkqAB89p6nXR9BJCi32iHiB8FX9t0?edm=AOnQwmMEAAAA&_nc_gid=v7R6nVsFMNYidjUL8oXx4g&_nc_oc=AdoGXoFfooWsMROhK4MuPr6cc_PIjDErzgNE4bYj9GToGdflI7hASBM3uG_qHIr6xeo&ccb=10-5&oh=00_Af7S1bZp47JLhfH3OYXPt4MBKJ8xwyYUQbbxPFUob_gzyw&oe=6A393A5B&_nc_sid=201bca",
        "SOURCE_URL": "https://www.mapillary.com/app/?pKey=1393945397632633",
        "SAMPLE_MUNICIPALITY": "Medford",
        "SAMPLE_STREET_NAME": "SALEM STREET",
        "SAMPLE_SEGMENT_ID": 391686,
        "SAMPLE_LAT": 42.4182872962507,
        "SAMPLE_LNG": -71.1096562878131
      }
    },
    {
      "type": "Feature",
      "geometry": {
        "type": "Point",
        "coordinates": [
          -71.109404185959,
          42.418342606764
        ]
      },
      "properties": {
        "PROVIDER": "mapillary",
        "IMAGE_ID": "1109314212905629",
        "SEQUENCE_ID": "-HUCkmCr5e84kG2F8fKFMQ",
        "CAPTURED_AT": 1506972793300,
        "HEADING": 258.35284925333,
        "IMAGE_THUMB_URL": "https://scontent-bos5-1.xx.fbcdn.net/m1/v/t6/An_OyZ4KWl6ByuEiwrDvgUxs0hcy3BoC9P2nU-r9vWyPPFTTDM9k3gafTXNMUioiN4Uuk8wqm44LDQmbw0tezTmQ-dw6R1lFvMwXEX8a_JvkoSyqN4vOqs4g8Z-LsCx6KppqgzzbZ_ducHdvhy9jzPI?stp=s256x144&edm=AOnQwmMEAAAA&_nc_gid=v7R6nVsFMNYidjUL8oXx4g&_nc_oc=Adrx7N9am2quyy8b79vSwXdkQHNjrAtFN-ZakgiKt7tdXjd4EQ_NJ18RS1UZ44BaKi4&ccb=10-5&oh=00_Af5MmJyVlwxVJrnbDuL01ok_kz8QsIymUTYfgUUl6YTiBw&oe=6A395FC1&_nc_sid=201bca",
        "IMAGE_PREVIEW_URL": "https://scontent-bos5-1.xx.fbcdn.net/m1/v/t6/An_OyZ4KWl6ByuEiwrDvgUxs0hcy3BoC9P2nU-r9vWyPPFTTDM9k3gafTXNMUioiN4Uuk8wqm44LDQmbw0tezTmQ-dw6R1lFvMwXEX8a_JvkoSyqN4vOqs4g8Z-LsCx6KppqgzzbZ_ducHdvhy9jzPI?stp=s1024x576&edm=AOnQwmMEAAAA&_nc_gid=v7R6nVsFMNYidjUL8oXx4g&_nc_oc=Adrx7N9am2quyy8b79vSwXdkQHNjrAtFN-ZakgiKt7tdXjd4EQ_NJ18RS1UZ44BaKi4&ccb=10-5&oh=00_Af7-9kHpm-l_GxVHp98yB35y5_49Q06gCwyjVp6ZyeqbPQ&oe=6A395FC1&_nc_sid=201bca",
        "IMAGE_ORIGINAL_URL": "https://scontent-bos5-1.xx.fbcdn.net/m1/v/t6/An_OyZ4KWl6ByuEiwrDvgUxs0hcy3BoC9P2nU-r9vWyPPFTTDM9k3gafTXNMUioiN4Uuk8wqm44LDQmbw0tezTmQ-dw6R1lFvMwXEX8a_JvkoSyqN4vOqs4g8Z-LsCx6KppqgzzbZ_ducHdvhy9jzPI?edm=AOnQwmMEAAAA&_nc_gid=v7R6nVsFMNYidjUL8oXx4g&_nc_oc=Adrx7N9am2quyy8b79vSwXdkQHNjrAtFN-ZakgiKt7tdXjd4EQ_NJ18RS1UZ44BaKi4&ccb=10-5&oh=00_Af601Xo9Iv1C4hRkALVu4Z3WKFte8ow1OUTB5knZA4pc8A&oe=6A395FC1&_nc_sid=201bca",
        "SOURCE_URL": "https://www.mapillary.com/app/?pKey=1109314212905629",
        "SAMPLE_MUNICIPALITY": "Medford",
        "SAMPLE_STREET_NAME": "SALEM STREET",
        "SAMPLE_SEGMENT_ID": 391686,
        "SAMPLE_LAT": 42.4182872962507,
        "SAMPLE_LNG": -71.1096562878131
      }
    },
    {
      "type": "Feature",
      "geometry": {
        "type": "Point",
        "coordinates": [
          -71.110450072921,
          42.418456732014
        ]
      },
      "properties": {
        "PROVIDER": "mapillary",
        "IMAGE_ID": "327588405454874",
        "SEQUENCE_ID": "tmb6p2upm5qgywstiqvbv9",
        "CAPTURED_AT": 1426088416000,
        "HEADING": 114.4341,
        "IMAGE_THUMB_URL": "https://scontent-bos5-1.xx.fbcdn.net/m1/v/t6/An93ZFjrOLEgXrp11O92s_BYM_DDd5LKD84DrJ9e8gpNiAimP9h-uZRQjCwgKTjMi8JO4cXEg1t29IOjq9RAmRa8f6ijVIODWm59BfcWQkG3stckEnmdfL-ugpsBk2hWmNCRP8z4_k80igRb2f8Fqw?stp=s256x192&edm=AOnQwmMEAAAA&_nc_gid=v7R6nVsFMNYidjUL8oXx4g&_nc_oc=Adp17-iLMNDJfOSHcVnToznoXnR5oNHwQxysokULm89P8fpJmnubNAcil2ul_eA7xxc&ccb=10-5&oh=00_Af5iipVTw2fUNys33EWaQx0QVlL2tOsWbRsMbrgKVpluiA&oe=6A3938AE&_nc_sid=201bca",
        "IMAGE_PREVIEW_URL": "https://scontent-bos5-1.xx.fbcdn.net/m1/v/t6/An93ZFjrOLEgXrp11O92s_BYM_DDd5LKD84DrJ9e8gpNiAimP9h-uZRQjCwgKTjMi8JO4cXEg1t29IOjq9RAmRa8f6ijVIODWm59BfcWQkG3stckEnmdfL-ugpsBk2hWmNCRP8z4_k80igRb2f8Fqw?stp=s1024x768&edm=AOnQwmMEAAAA&_nc_gid=v7R6nVsFMNYidjUL8oXx4g&_nc_oc=Adp17-iLMNDJfOSHcVnToznoXnR5oNHwQxysokULm89P8fpJmnubNAcil2ul_eA7xxc&ccb=10-5&oh=00_Af7hBNLaCVpME4lgiWJnsLdR89SUfHcrOy0wJrgxa3oLNQ&oe=6A3938AE&_nc_sid=201bca",
        "IMAGE_ORIGINAL_URL": "https://scontent-bos5-1.xx.fbcdn.net/m1/v/t6/An93ZFjrOLEgXrp11O92s_BYM_DDd5LKD84DrJ9e8gpNiAimP9h-uZRQjCwgKTjMi8JO4cXEg1t29IOjq9RAmRa8f6ijVIODWm59BfcWQkG3stckEnmdfL-ugpsBk2hWmNCRP8z4_k80igRb2f8Fqw?edm=AOnQwmMEAAAA&_nc_gid=v7R6nVsFMNYidjUL8oXx4g&_nc_oc=Adp17-iLMNDJfOSHcVnToznoXnR5oNHwQxysokULm89P8fpJmnubNAcil2ul_eA7xxc&ccb=10-5&oh=00_Af5QmUl3Bkn-JHEi1IhLUzF9KbiqYK2RMAo1O3L3SGeebg&oe=6A3938AE&_nc_sid=201bca",
        "SOURCE_URL": "https://www.mapillary.com/app/?pKey=327588405454874",
        "SAMPLE_MUNICIPALITY": "Medford",
        "SAMPLE_STREET_NAME": "SALEM STREET",
        "SAMPLE_SEGMENT_ID": 391686,
        "SAMPLE_LAT": 42.4182872962507,
        "SAMPLE_LNG": -71.1096562878131
      }
    },
    {
      "type": "Feature",
      "geometry": {
        "type": "Point",
        "coordinates": [
          -71.110231601643,
          42.418464862484
        ]
      },
      "properties": {
        "PROVIDER": "mapillary",
        "IMAGE_ID": "1480569958958472",
        "SEQUENCE_ID": "W9t3L0Pv6CAlyKvDTThgIw",
        "CAPTURED_AT": 1426090509000,
        "HEADING": 280.4386,
        "IMAGE_THUMB_URL": "https://scontent-bos5-1.xx.fbcdn.net/m1/v/t6/An_frze5lKdShxxoQ8X5e_vAw3xqQZPrXsu1yE3aNYWc9kEKfDZ4K395LiLcGuoX9Q9QL92-z8t3Hlx53TMzAQ1coSuSrFkfZSTXMVDH4TzQelpmhVqoA67_7DR3sTCR4h0dP6pqhyBG0VKBIpnnfg?stp=s256x192&edm=AOnQwmMEAAAA&_nc_gid=v7R6nVsFMNYidjUL8oXx4g&_nc_oc=Adq7e3kAowUulow5ToJmvpgvGeWFPJIzx8w6Zu1ieBueF-Vnykq-wSOrR20u_EPt5M8&ccb=10-5&oh=00_Af6oJpHlu1VSQD5d_BEzyupzGEk6HfSN9VPjX54pjenJDQ&oe=6A3949E2&_nc_sid=201bca",
        "IMAGE_PREVIEW_URL": "https://scontent-bos5-1.xx.fbcdn.net/m1/v/t6/An_frze5lKdShxxoQ8X5e_vAw3xqQZPrXsu1yE3aNYWc9kEKfDZ4K395LiLcGuoX9Q9QL92-z8t3Hlx53TMzAQ1coSuSrFkfZSTXMVDH4TzQelpmhVqoA67_7DR3sTCR4h0dP6pqhyBG0VKBIpnnfg?stp=s1024x768&edm=AOnQwmMEAAAA&_nc_gid=v7R6nVsFMNYidjUL8oXx4g&_nc_oc=Adq7e3kAowUulow5ToJmvpgvGeWFPJIzx8w6Zu1ieBueF-Vnykq-wSOrR20u_EPt5M8&ccb=10-5&oh=00_Af5fzrZF6wNGWW-iJNViSMbOMpVjVOblE_0hUmHpYWvt_Q&oe=6A3949E2&_nc_sid=201bca",
        "IMAGE_ORIGINAL_URL": "https://scontent-bos5-1.xx.fbcdn.net/m1/v/t6/An_frze5lKdShxxoQ8X5e_vAw3xqQZPrXsu1yE3aNYWc9kEKfDZ4K395LiLcGuoX9Q9QL92-z8t3Hlx53TMzAQ1coSuSrFkfZSTXMVDH4TzQelpmhVqoA67_7DR3sTCR4h0dP6pqhyBG0VKBIpnnfg?edm=AOnQwmMEAAAA&_nc_gid=v7R6nVsFMNYidjUL8oXx4g&_nc_oc=Adq7e3kAowUulow5ToJmvpgvGeWFPJIzx8w6Zu1ieBueF-Vnykq-wSOrR20u_EPt5M8&ccb=10-5&oh=00_Af7QPDe08eEiPGsvtNY8u5nwvfIK-HB1XVR-giFZw4Dwmw&oe=6A3949E2&_nc_sid=201bca",
        "SOURCE_URL": "https://www.mapillary.com/app/?pKey=1480569958958472",
        "SAMPLE_MUNICIPALITY": "Medford",
        "SAMPLE_STREET_NAME": "SALEM STREET",
        "SAMPLE_SEGMENT_ID": 391686,
        "SAMPLE_LAT": 42.4182872962507,
        "SAMPLE_LNG": -71.1096562878131
      }
    },
    {
      "type": "Feature",
      "geometry": {
        "type": "Point",
        "coordinates": [
          -71.110214038661,
          42.418386551334
        ]
      },
      "properties": {
        "PROVIDER": "mapillary",
        "IMAGE_ID": "467104677929967",
        "SEQUENCE_ID": "W9t3L0Pv6CAlyKvDTThgIw",
        "CAPTURED_AT": 1426090807000,
        "HEADING": 111.9266,
        "IMAGE_THUMB_URL": "https://scontent-bos5-1.xx.fbcdn.net/m1/v/t6/An-xOor0cwd2eVUmFyPrqUifYW59sMLziTc9rG-GnviG7lI8N9Fe-wm5aZDFWg2zUFrOlFjxtqQkfPe4eub3WYU3LuPrlIA0JYFrhmgYvXEJT2SoAwoY6ovz4el-WnTIddkrjKUYmQljrvnrFFIP0w?stp=s256x192&edm=AOnQwmMEAAAA&_nc_gid=v7R6nVsFMNYidjUL8oXx4g&_nc_oc=AdqRP3h_gEqcKCJUMK5JT9BRhn8UDDkT-Kxk_-bs9uPNlBucoDUg9dJVo7JC_-WIYrg&ccb=10-5&oh=00_Af6MhvGLFqLYfhqvoq4nAYpuk0k5KSF5kM7Y1UdZbmzA7Q&oe=6A394380&_nc_sid=201bca",
        "IMAGE_PREVIEW_URL": "https://scontent-bos5-1.xx.fbcdn.net/m1/v/t6/An-xOor0cwd2eVUmFyPrqUifYW59sMLziTc9rG-GnviG7lI8N9Fe-wm5aZDFWg2zUFrOlFjxtqQkfPe4eub3WYU3LuPrlIA0JYFrhmgYvXEJT2SoAwoY6ovz4el-WnTIddkrjKUYmQljrvnrFFIP0w?stp=s1024x768&edm=AOnQwmMEAAAA&_nc_gid=v7R6nVsFMNYidjUL8oXx4g&_nc_oc=AdqRP3h_gEqcKCJUMK5JT9BRhn8UDDkT-Kxk_-bs9uPNlBucoDUg9dJVo7JC_-WIYrg&ccb=10-5&oh=00_Af5sBiHNgCRB5WXuLQAzL-fp-zeWu739Is9n-bEHfS_5bg&oe=6A394380&_nc_sid=201bca",
        "IMAGE_ORIGINAL_URL": "https://scontent-bos5-1.xx.fbcdn.net/m1/v/t6/An-xOor0cwd2eVUmFyPrqUifYW59sMLziTc9rG-GnviG7lI8N9Fe-wm5aZDFWg2zUFrOlFjxtqQkfPe4eub3WYU3LuPrlIA0JYFrhmgYvXEJT2SoAwoY6ovz4el-WnTIddkrjKUYmQljrvnrFFIP0w?edm=AOnQwmMEAAAA&_nc_gid=v7R6nVsFMNYidjUL8oXx4g&_nc_oc=AdqRP3h_gEqcKCJUMK5JT9BRhn8UDDkT-Kxk_-bs9uPNlBucoDUg9dJVo7JC_-WIYrg&ccb=10-5&oh=00_Af5-PRk_C68p4v97tNLcCYnB2V0SfNMx-rB94h22roxTvg&oe=6A394380&_nc_sid=201bca",
        "SOURCE_URL": "https://www.mapillary.com/app/?pKey=467104677929967",
        "SAMPLE_MUNICIPALITY": "Medford",
        "SAMPLE_STREET_NAME": "SALEM STREET",
        "SAMPLE_SEGMENT_ID": 391686,
        "SAMPLE_LAT": 42.4182872962507,
        "SAMPLE_LNG": -71.1096562878131
      }
    },
    {
      "type": "Feature",
      "geometry": {
        "type": "Point",
        "coordinates": [
          -71.11051024019,
          42.418469629413
        ]
      },
      "properties": {
        "PROVIDER": "mapillary",
        "IMAGE_ID": "917964302107910",
        "SEQUENCE_ID": "W9t3L0Pv6CAlyKvDTThgIw",
        "CAPTURED_AT": 1426090799000,
        "HEADING": 110.7868,
        "IMAGE_THUMB_URL": "https://scontent-bos5-1.xx.fbcdn.net/m1/v/t6/An8EWLlUssXhXnjx7-4K-IRPejN-E4GTi0YRs1sb3kWFyB32zobC0VEmBopUE51VrimaNuRYtO_KKw95THK_y3BhKEUf5eHI_JTJUHIEb3cmekXCOYnX2oyVQxg2frafKO4bK4XlE0V8-jkuczCULw?stp=s256x192&edm=AOnQwmMEAAAA&_nc_gid=v7R6nVsFMNYidjUL8oXx4g&_nc_oc=AdqMGS-aV4IR2TxCOeeLJTod8mnqek3cQkIogtCGpVcblTsoIOM6U0Fjwz2gs0DhDcQ&ccb=10-5&oh=00_Af4CsqdRbrLvbjcZJUmygOlXufl1CIgXF76AIcISM968GA&oe=6A39583F&_nc_sid=201bca",
        "IMAGE_PREVIEW_URL": "https://scontent-bos5-1.xx.fbcdn.net/m1/v/t6/An8EWLlUssXhXnjx7-4K-IRPejN-E4GTi0YRs1sb3kWFyB32zobC0VEmBopUE51VrimaNuRYtO_KKw95THK_y3BhKEUf5eHI_JTJUHIEb3cmekXCOYnX2oyVQxg2frafKO4bK4XlE0V8-jkuczCULw?stp=s1024x768&edm=AOnQwmMEAAAA&_nc_gid=v7R6nVsFMNYidjUL8oXx4g&_nc_oc=AdqMGS-aV4IR2TxCOeeLJTod8mnqek3cQkIogtCGpVcblTsoIOM6U0Fjwz2gs0DhDcQ&ccb=10-5&oh=00_Af4xQRFXZetcq8hHfZym8MOqjoAH_DRj61fjTr-Soop51Q&oe=6A39583F&_nc_sid=201bca",
        "IMAGE_ORIGINAL_URL": "https://scontent-bos5-1.xx.fbcdn.net/m1/v/t6/An8EWLlUssXhXnjx7-4K-IRPejN-E4GTi0YRs1sb3kWFyB32zobC0VEmBopUE51VrimaNuRYtO_KKw95THK_y3BhKEUf5eHI_JTJUHIEb3cmekXCOYnX2oyVQxg2frafKO4bK4XlE0V8-jkuczCULw?edm=AOnQwmMEAAAA&_nc_gid=v7R6nVsFMNYidjUL8oXx4g&_nc_oc=AdqMGS-aV4IR2TxCOeeLJTod8mnqek3cQkIogtCGpVcblTsoIOM6U0Fjwz2gs0DhDcQ&ccb=10-5&oh=00_Af7vQJHdr9BP7rNgsJICKNykrM3gloyD_YwUm5dkKvPphw&oe=6A39583F&_nc_sid=201bca",
        "SOURCE_URL": "https://www.mapillary.com/app/?pKey=917964302107910",
        "SAMPLE_MUNICIPALITY": "Medford",
        "SAMPLE_STREET_NAME": "SALEM STREET",
        "SAMPLE_SEGMENT_ID": 391686,
        "SAMPLE_LAT": 42.4182872962507,
        "SAMPLE_LNG": -71.1096562878131
      }
    },
    {
      "type": "Feature",
      "geometry": {
        "type": "Point",
        "coordinates": [
          -71.108822507349,
          42.41842155817
        ]
      },
      "properties": {
        "PROVIDER": "mapillary",
        "IMAGE_ID": "1388597448171452",
        "SEQUENCE_ID": "27ZH1q7NlN4c2vnsVDEreA",
        "CAPTURED_AT": 1520716440116,
        "HEADING": 257.97540283203,
        "IMAGE_THUMB_URL": "https://scontent-bos5-1.xx.fbcdn.net/m1/v/t6/An8YjWWRO3RbtTDt_wge6qAZXuKIHftz_ghp4IgVJ0UX_hDzEKZsHtHeF_53UqzwKBPw5W1I5V2-gjoCc64tFw6lTgFjAXHk3uBzRoQ5SgE2WhDj-6bC30Ywz7sEgUylvq7mY-uoAjwsbtexNjws8g?stp=s256x192&edm=AOnQwmMEAAAA&_nc_gid=v7R6nVsFMNYidjUL8oXx4g&_nc_oc=AdrR1WNy-uLmi_huY6rCmxC249I45mxvCcgctAvM5dseITQScV2Tu3DZDzG1tK8IVGY&ccb=10-5&oh=00_Af7meTUlCLq5q_KTghY-tSqfr-syNO1-5vBhOFLZt1dtmg&oe=6A393EB2&_nc_sid=201bca",
        "IMAGE_PREVIEW_URL": "https://scontent-bos5-1.xx.fbcdn.net/m1/v/t6/An8YjWWRO3RbtTDt_wge6qAZXuKIHftz_ghp4IgVJ0UX_hDzEKZsHtHeF_53UqzwKBPw5W1I5V2-gjoCc64tFw6lTgFjAXHk3uBzRoQ5SgE2WhDj-6bC30Ywz7sEgUylvq7mY-uoAjwsbtexNjws8g?stp=s1024x768&edm=AOnQwmMEAAAA&_nc_gid=v7R6nVsFMNYidjUL8oXx4g&_nc_oc=AdrR1WNy-uLmi_huY6rCmxC249I45mxvCcgctAvM5dseITQScV2Tu3DZDzG1tK8IVGY&ccb=10-5&oh=00_Af65YxPaHdhfL0SS1oK3SF93MUmfK3pHOnVXHINMKis65w&oe=6A393EB2&_nc_sid=201bca",
        "IMAGE_ORIGINAL_URL": "https://scontent-bos5-1.xx.fbcdn.net/m1/v/t6/An8YjWWRO3RbtTDt_wge6qAZXuKIHftz_ghp4IgVJ0UX_hDzEKZsHtHeF_53UqzwKBPw5W1I5V2-gjoCc64tFw6lTgFjAXHk3uBzRoQ5SgE2WhDj-6bC30Ywz7sEgUylvq7mY-uoAjwsbtexNjws8g?edm=AOnQwmMEAAAA&_nc_gid=v7R6nVsFMNYidjUL8oXx4g&_nc_oc=AdrR1WNy-uLmi_huY6rCmxC249I45mxvCcgctAvM5dseITQScV2Tu3DZDzG1tK8IVGY&ccb=10-5&oh=00_Af7C6ixz7Hx1rdeaymRFP6X8mbDSKtoZoPTvVNsA80qozQ&oe=6A393EB2&_nc_sid=201bca",
        "SOURCE_URL": "https://www.mapillary.com/app/?pKey=1388597448171452",
        "SAMPLE_MUNICIPALITY": "Medford",
        "SAMPLE_STREET_NAME": "SALEM STREET",
        "SAMPLE_SEGMENT_ID": 391686,
        "SAMPLE_LAT": 42.4182872962507,
        "SAMPLE_LNG": -71.1096562878131
      }
    },
    {
      "type": "Feature",
      "geometry": {
        "type": "Point",
        "coordinates": [
          -71.109222407333,
          42.418381611149
        ]
      },
      "properties": {
        "PROVIDER": "mapillary",
        "IMAGE_ID": "1440655796281411",
        "SEQUENCE_ID": "-HUCkmCr5e84kG2F8fKFMQ",
        "CAPTURED_AT": 1506972792000,
        "HEADING": 259.49868717509,
        "IMAGE_THUMB_URL": "https://scontent-bos5-1.xx.fbcdn.net/m1/v/t6/An_tSy4t5YQpNmgtRXW6AuEwle6DuWANoPYRHACP7e3UAZfXWOHtkjRO6LLZD1Iv37qdnrIMjyrjsbRHjElYrBbJ88QEkO4l-yO6mSmKaRni2aUDn6q16PGCmUvSZFtQ7AIhAOtXVpvTNXAA-5eZjAo?stp=s256x144&edm=AOnQwmMEAAAA&_nc_gid=v7R6nVsFMNYidjUL8oXx4g&_nc_oc=Adr6bVFrjUdGlc0sob9iUf3IU6h0vw8TzVUtq_iYJ6_XEv-JQOzMvbD_rwSbNnkCaAY&ccb=10-5&oh=00_Af7gMNPCEHzJ8Lgo7fq_bh_MrKSH72poTyhWRKmR4yAvNA&oe=6A39504A&_nc_sid=201bca",
        "IMAGE_PREVIEW_URL": "https://scontent-bos5-1.xx.fbcdn.net/m1/v/t6/An_tSy4t5YQpNmgtRXW6AuEwle6DuWANoPYRHACP7e3UAZfXWOHtkjRO6LLZD1Iv37qdnrIMjyrjsbRHjElYrBbJ88QEkO4l-yO6mSmKaRni2aUDn6q16PGCmUvSZFtQ7AIhAOtXVpvTNXAA-5eZjAo?stp=s1024x576&edm=AOnQwmMEAAAA&_nc_gid=v7R6nVsFMNYidjUL8oXx4g&_nc_oc=Adr6bVFrjUdGlc0sob9iUf3IU6h0vw8TzVUtq_iYJ6_XEv-JQOzMvbD_rwSbNnkCaAY&ccb=10-5&oh=00_Af5SADKDQIZtugmPCrsgPE2uH4CMLT7OpdmeyGFCLlataQ&oe=6A39504A&_nc_sid=201bca",
        "IMAGE_ORIGINAL_URL": "https://scontent-bos5-1.xx.fbcdn.net/m1/v/t6/An_tSy4t5YQpNmgtRXW6AuEwle6DuWANoPYRHACP7e3UAZfXWOHtkjRO6LLZD1Iv37qdnrIMjyrjsbRHjElYrBbJ88QEkO4l-yO6mSmKaRni2aUDn6q16PGCmUvSZFtQ7AIhAOtXVpvTNXAA-5eZjAo?edm=AOnQwmMEAAAA&_nc_gid=v7R6nVsFMNYidjUL8oXx4g&_nc_oc=Adr6bVFrjUdGlc0sob9iUf3IU6h0vw8TzVUtq_iYJ6_XEv-JQOzMvbD_rwSbNnkCaAY&ccb=10-5&oh=00_Af4AZsBXNFuKC-a1BqnmxpSQPwbQ14rdhSqcOPIoARcXYA&oe=6A39504A&_nc_sid=201bca",
        "SOURCE_URL": "https://www.mapillary.com/app/?pKey=1440655796281411",
        "SAMPLE_MUNICIPALITY": "Medford",
        "SAMPLE_STREET_NAME": "SALEM STREET",
        "SAMPLE_SEGMENT_ID": 391686,
        "SAMPLE_LAT": 42.4182872962507,
        "SAMPLE_LNG": -71.1096562878131
      }
    },
    {
      "type": "Feature",
      "geometry": {
        "type": "Point",
        "coordinates": [
          -71.110273183978,
          42.418404658186
        ]
      },
      "properties": {
        "PROVIDER": "mapillary",
        "IMAGE_ID": "901650677291139",
        "SEQUENCE_ID": "W9t3L0Pv6CAlyKvDTThgIw",
        "CAPTURED_AT": 1426090805000,
        "HEADING": 118.1979,
        "IMAGE_THUMB_URL": "https://scontent-bos5-1.xx.fbcdn.net/m1/v/t6/An-cTWSE4g_tYwyQuZMxmJx9UoShp3FyjgzsAxRWsFhsNNxitRft0IUTBiv6BkEbfOkeM9PqU3ib08pQiqZvBpbGOjhKBzMEgu2QspvELLeBgVBaREegvve-ENo69XZzYoUryxE8V_tPl-nL1fhR3g?stp=s256x192&edm=AOnQwmMEAAAA&_nc_gid=v7R6nVsFMNYidjUL8oXx4g&_nc_oc=AdpEWoXr1u09l-6w_XBM9-RAWRlFlpTkRb0H8nfR-HjcO4v2GOyoJR80Au2wgK8__78&ccb=10-5&oh=00_Af7qJaDxlM46hyDW6IqCMv_fWF7d4qWV52d6WFalNja26g&oe=6A393245&_nc_sid=201bca",
        "IMAGE_PREVIEW_URL": "https://scontent-bos5-1.xx.fbcdn.net/m1/v/t6/An-cTWSE4g_tYwyQuZMxmJx9UoShp3FyjgzsAxRWsFhsNNxitRft0IUTBiv6BkEbfOkeM9PqU3ib08pQiqZvBpbGOjhKBzMEgu2QspvELLeBgVBaREegvve-ENo69XZzYoUryxE8V_tPl-nL1fhR3g?stp=s1024x768&edm=AOnQwmMEAAAA&_nc_gid=v7R6nVsFMNYidjUL8oXx4g&_nc_oc=AdpEWoXr1u09l-6w_XBM9-RAWRlFlpTkRb0H8nfR-HjcO4v2GOyoJR80Au2wgK8__78&ccb=10-5&oh=00_Af47uOk7kiKTD627fqWxQJnJQ-JqnfiZNHbS0wlAvseIyA&oe=6A393245&_nc_sid=201bca",
        "IMAGE_ORIGINAL_URL": "https://scontent-bos5-1.xx.fbcdn.net/m1/v/t6/An-cTWSE4g_tYwyQuZMxmJx9UoShp3FyjgzsAxRWsFhsNNxitRft0IUTBiv6BkEbfOkeM9PqU3ib08pQiqZvBpbGOjhKBzMEgu2QspvELLeBgVBaREegvve-ENo69XZzYoUryxE8V_tPl-nL1fhR3g?edm=AOnQwmMEAAAA&_nc_gid=v7R6nVsFMNYidjUL8oXx4g&_nc_oc=AdpEWoXr1u09l-6w_XBM9-RAWRlFlpTkRb0H8nfR-HjcO4v2GOyoJR80Au2wgK8__78&ccb=10-5&oh=00_Af4qKC12uSyMt06RL6bd4AmbJAd0gpPiLj9gegjMRB43VA&oe=6A393245&_nc_sid=201bca",
        "SOURCE_URL": "https://www.mapillary.com/app/?pKey=901650677291139",
        "SAMPLE_MUNICIPALITY": "Medford",
        "SAMPLE_STREET_NAME": "SALEM STREET",
        "SAMPLE_SEGMENT_ID": 391686,
        "SAMPLE_LAT": 42.4182872962507,
        "SAMPLE_LNG": -71.1096562878131
      }
    },
    {
      "type": "Feature",
      "geometry": {
        "type": "Point",
        "coordinates": [
          -71.109982366573,
          42.418411466828
        ]
      },
      "properties": {
        "PROVIDER": "mapillary",
        "IMAGE_ID": "778778263013407",
        "SEQUENCE_ID": "W9t3L0Pv6CAlyKvDTThgIw",
        "CAPTURED_AT": 1426090503000,
        "HEADING": 276.092,
        "IMAGE_THUMB_URL": "https://scontent-bos5-1.xx.fbcdn.net/m1/v/t6/An_3LYxzcUi7FrngMO2HlFpjfntB8rJDMiW7eNuu-lixiWOe-vg8S6l-xS_sCISEI2chf-3uGrz-rfSZv0dt8js8PamlOvWcMvn5c1DBORtRSz-V7jTbnxLavbfPTTxAr7Q485oFmGhhW3V2zW7rXw?stp=s256x192&edm=AOnQwmMEAAAA&_nc_gid=v7R6nVsFMNYidjUL8oXx4g&_nc_oc=Adpqbq_3DtGSnp-ZM3Rq3P6Of4UuZ1Evum0jc8FZ6V0wf_ejYU6Hc7Otn_XyP4Nacio&ccb=10-5&oh=00_Af6W6JD2fvgHkJUjHcLAT_Xmm0fr-SsfRh_FF8yO0Gpd2A&oe=6A393B64&_nc_sid=201bca",
        "IMAGE_PREVIEW_URL": "https://scontent-bos5-1.xx.fbcdn.net/m1/v/t6/An_3LYxzcUi7FrngMO2HlFpjfntB8rJDMiW7eNuu-lixiWOe-vg8S6l-xS_sCISEI2chf-3uGrz-rfSZv0dt8js8PamlOvWcMvn5c1DBORtRSz-V7jTbnxLavbfPTTxAr7Q485oFmGhhW3V2zW7rXw?stp=s1024x768&edm=AOnQwmMEAAAA&_nc_gid=v7R6nVsFMNYidjUL8oXx4g&_nc_oc=Adpqbq_3DtGSnp-ZM3Rq3P6Of4UuZ1Evum0jc8FZ6V0wf_ejYU6Hc7Otn_XyP4Nacio&ccb=10-5&oh=00_Af5QdyCAjB3zF5cLriKQKbRmFqkLYWPdzwt__6nflicFIA&oe=6A393B64&_nc_sid=201bca",
        "IMAGE_ORIGINAL_URL": "https://scontent-bos5-1.xx.fbcdn.net/m1/v/t6/An_3LYxzcUi7FrngMO2HlFpjfntB8rJDMiW7eNuu-lixiWOe-vg8S6l-xS_sCISEI2chf-3uGrz-rfSZv0dt8js8PamlOvWcMvn5c1DBORtRSz-V7jTbnxLavbfPTTxAr7Q485oFmGhhW3V2zW7rXw?edm=AOnQwmMEAAAA&_nc_gid=v7R6nVsFMNYidjUL8oXx4g&_nc_oc=Adpqbq_3DtGSnp-ZM3Rq3P6Of4UuZ1Evum0jc8FZ6V0wf_ejYU6Hc7Otn_XyP4Nacio&ccb=10-5&oh=00_Af79pf5dBdbSSuJ-k8Umu1k6VuRelV0lovicDTMumzc8Aw&oe=6A393B64&_nc_sid=201bca",
        "SOURCE_URL": "https://www.mapillary.com/app/?pKey=778778263013407",
        "SAMPLE_MUNICIPALITY": "Medford",
        "SAMPLE_STREET_NAME": "SALEM STREET",
        "SAMPLE_SEGMENT_ID": 391686,
        "SAMPLE_LAT": 42.4182872962507,
        "SAMPLE_LNG": -71.1096562878131
      }
    },
    {
      "type": "Feature",
      "geometry": {
        "type": "Point",
        "coordinates": [
          -71.093410374184,
          42.422223259221
        ]
      },
      "properties": {
        "PROVIDER": "mapillary",
        "IMAGE_ID": "190820576218632",
        "SEQUENCE_ID": "UM0vPsdnanG-AQZFGcqOng",
        "CAPTURED_AT": 1506972548000,
        "HEADING": 256.82236957712,
        "IMAGE_THUMB_URL": "https://scontent-bos5-1.xx.fbcdn.net/m1/v/t6/An9t9mdEa6j-JzNzIVa5qSTDdL1JhOEgMZSuoX_8oRw4g-chx-Lt9JRTgrSEKpH-FT4yo9s70T8A27_74GpgLfLTfL22ea01mFOZDhnKJPpG3_3T-5bLAl2DdgdiJgUE-WMv0YlkuwZCdKBZ3qNGVg?stp=s256x144&edm=AOnQwmMEAAAA&_nc_gid=WdFUAeqVDfF_lzkJG1a5tw&_nc_oc=Ado5MAYWDYCD5V9Wuc9brALpJQaBRMo78uFEocK8VBCj03_S2t_GDJYsTTJDDGliJAc&ccb=10-5&oh=00_Af7SUTiwSWg3kf0SMXJR5Phk_6Dd00DNjLjw-0ILtTJs1w&oe=6A394806&_nc_sid=201bca",
        "IMAGE_PREVIEW_URL": "https://scontent-bos5-1.xx.fbcdn.net/m1/v/t6/An9t9mdEa6j-JzNzIVa5qSTDdL1JhOEgMZSuoX_8oRw4g-chx-Lt9JRTgrSEKpH-FT4yo9s70T8A27_74GpgLfLTfL22ea01mFOZDhnKJPpG3_3T-5bLAl2DdgdiJgUE-WMv0YlkuwZCdKBZ3qNGVg?stp=s1024x576&edm=AOnQwmMEAAAA&_nc_gid=WdFUAeqVDfF_lzkJG1a5tw&_nc_oc=Ado5MAYWDYCD5V9Wuc9brALpJQaBRMo78uFEocK8VBCj03_S2t_GDJYsTTJDDGliJAc&ccb=10-5&oh=00_Af5DcLmKOBYT2j1djxvgI9B4SogMube1Pfs7hxvEZlSCTQ&oe=6A394806&_nc_sid=201bca",
        "IMAGE_ORIGINAL_URL": "https://scontent-bos5-1.xx.fbcdn.net/m1/v/t6/An9t9mdEa6j-JzNzIVa5qSTDdL1JhOEgMZSuoX_8oRw4g-chx-Lt9JRTgrSEKpH-FT4yo9s70T8A27_74GpgLfLTfL22ea01mFOZDhnKJPpG3_3T-5bLAl2DdgdiJgUE-WMv0YlkuwZCdKBZ3qNGVg?edm=AOnQwmMEAAAA&_nc_gid=WdFUAeqVDfF_lzkJG1a5tw&_nc_oc=Ado5MAYWDYCD5V9Wuc9brALpJQaBRMo78uFEocK8VBCj03_S2t_GDJYsTTJDDGliJAc&ccb=10-5&oh=00_Af7blbnjAFZ8z3zajiUfel5LD021agtk2f51gUD6Rtivqw&oe=6A394806&_nc_sid=201bca",
        "SOURCE_URL": "https://www.mapillary.com/app/?pKey=190820576218632",
        "SAMPLE_MUNICIPALITY": "Medford",
        "SAMPLE_STREET_NAME": "SALEM STREET",
        "SAMPLE_SEGMENT_ID": 391694,
        "SAMPLE_LAT": 42.4223059322961,
        "SAMPLE_LNG": -71.0930039827877
      }
    },
    {
      "type": "Feature",
      "geometry": {
        "type": "Point",
        "coordinates": [
          -71.093148588638,
          42.422273858885
        ]
      },
      "properties": {
        "PROVIDER": "mapillary",
        "IMAGE_ID": "476806970101823",
        "SEQUENCE_ID": "UM0vPsdnanG-AQZFGcqOng",
        "CAPTURED_AT": 1506972546100,
        "HEADING": 255.0195198593,
        "IMAGE_THUMB_URL": "https://scontent-bos5-1.xx.fbcdn.net/m1/v/t6/An9AoU0HBsJUu8ufz4ani3EFA2Rl5PU8ab9ISWMJQNV2Do0GcGA7wNzjHnKx9pX3UAd3hW0pBN4UlSsyBjOT2zjdBwrfdQ6BaeLW3W7oyFalCuZEfmuvdTQ04eXXPpMO4VuxUvBg41t3SiaGFcG-SQ?stp=s256x144&edm=AOnQwmMEAAAA&_nc_gid=WdFUAeqVDfF_lzkJG1a5tw&_nc_oc=AdqVZsjoLtrvee1M_E6xpM96dBQFo_M8gG7Wy6D-OJxqYr0D3NMGgDO9rZ_3jGdj9r4&ccb=10-5&oh=00_Af6hH7MoISxgAXW8d3S2IHdOQUsZOkU6dHL0mJHMci3Q8w&oe=6A393F53&_nc_sid=201bca",
        "IMAGE_PREVIEW_URL": "https://scontent-bos5-1.xx.fbcdn.net/m1/v/t6/An9AoU0HBsJUu8ufz4ani3EFA2Rl5PU8ab9ISWMJQNV2Do0GcGA7wNzjHnKx9pX3UAd3hW0pBN4UlSsyBjOT2zjdBwrfdQ6BaeLW3W7oyFalCuZEfmuvdTQ04eXXPpMO4VuxUvBg41t3SiaGFcG-SQ?stp=s1024x576&edm=AOnQwmMEAAAA&_nc_gid=WdFUAeqVDfF_lzkJG1a5tw&_nc_oc=AdqVZsjoLtrvee1M_E6xpM96dBQFo_M8gG7Wy6D-OJxqYr0D3NMGgDO9rZ_3jGdj9r4&ccb=10-5&oh=00_Af6wdw1uJuvruob7m4RQNTUjBrGMCDTeAqKP0dMPaS4GVQ&oe=6A393F53&_nc_sid=201bca",
        "IMAGE_ORIGINAL_URL": "https://scontent-bos5-1.xx.fbcdn.net/m1/v/t6/An9AoU0HBsJUu8ufz4ani3EFA2Rl5PU8ab9ISWMJQNV2Do0GcGA7wNzjHnKx9pX3UAd3hW0pBN4UlSsyBjOT2zjdBwrfdQ6BaeLW3W7oyFalCuZEfmuvdTQ04eXXPpMO4VuxUvBg41t3SiaGFcG-SQ?edm=AOnQwmMEAAAA&_nc_gid=WdFUAeqVDfF_lzkJG1a5tw&_nc_oc=AdqVZsjoLtrvee1M_E6xpM96dBQFo_M8gG7Wy6D-OJxqYr0D3NMGgDO9rZ_3jGdj9r4&ccb=10-5&oh=00_Af4Rp-4tQgYDubyqWL-v3nkGn5GsX99d5Ru0YQEwWff1VA&oe=6A393F53&_nc_sid=201bca",
        "SOURCE_URL": "https://www.mapillary.com/app/?pKey=476806970101823",
        "SAMPLE_MUNICIPALITY": "Medford",
        "SAMPLE_STREET_NAME": "SALEM STREET",
        "SAMPLE_SEGMENT_ID": 391694,
        "SAMPLE_LAT": 42.4223059322961,
        "SAMPLE_LNG": -71.0930039827877
      }
    },
    {
      "type": "Feature",
      "geometry": {
        "type": "Point",
        "coordinates": [
          -71.092927961444,
          42.422322297497
        ]
      },
      "properties": {
        "PROVIDER": "mapillary",
        "IMAGE_ID": "1192000484591055",
        "SEQUENCE_ID": "UM0vPsdnanG-AQZFGcqOng",
        "CAPTURED_AT": 1506972544400,
        "HEADING": 253.62829480884,
        "IMAGE_THUMB_URL": "https://scontent-bos5-1.xx.fbcdn.net/m1/v/t6/An9wLMfg2UckLiBiR2GHTVoRpsoCufp_50FXNhaON98zYEZNI7yw1qR_rZteglpEIiwy2yEWYyPLPtfBG_7VyrAFB2eWHnsMv5He-ArWsQWnKQEEAGpUB4GVfAH4pKqHr7sx7IgamW9eBoTAdHMCow?stp=s256x144&edm=AOnQwmMEAAAA&_nc_gid=WdFUAeqVDfF_lzkJG1a5tw&_nc_oc=AdppHKz2qlDziG4wSKzZmumEB8GYebbVfzpW68qDroasUZy0oq78TK0dIfoqBGJn5Bo&ccb=10-5&oh=00_Af61GK9B1IRzrtEmM7xqVdld9sTR9Uyc3-BFngP-8pOWmA&oe=6A3947DF&_nc_sid=201bca",
        "IMAGE_PREVIEW_URL": "https://scontent-bos5-1.xx.fbcdn.net/m1/v/t6/An9wLMfg2UckLiBiR2GHTVoRpsoCufp_50FXNhaON98zYEZNI7yw1qR_rZteglpEIiwy2yEWYyPLPtfBG_7VyrAFB2eWHnsMv5He-ArWsQWnKQEEAGpUB4GVfAH4pKqHr7sx7IgamW9eBoTAdHMCow?stp=s1024x576&edm=AOnQwmMEAAAA&_nc_gid=WdFUAeqVDfF_lzkJG1a5tw&_nc_oc=AdppHKz2qlDziG4wSKzZmumEB8GYebbVfzpW68qDroasUZy0oq78TK0dIfoqBGJn5Bo&ccb=10-5&oh=00_Af7RHudEmrSMEO9rrRONw_hRMFoQNnvXJGgVY-ycdC55Fg&oe=6A3947DF&_nc_sid=201bca",
        "IMAGE_ORIGINAL_URL": "https://scontent-bos5-1.xx.fbcdn.net/m1/v/t6/An9wLMfg2UckLiBiR2GHTVoRpsoCufp_50FXNhaON98zYEZNI7yw1qR_rZteglpEIiwy2yEWYyPLPtfBG_7VyrAFB2eWHnsMv5He-ArWsQWnKQEEAGpUB4GVfAH4pKqHr7sx7IgamW9eBoTAdHMCow?edm=AOnQwmMEAAAA&_nc_gid=WdFUAeqVDfF_lzkJG1a5tw&_nc_oc=AdppHKz2qlDziG4wSKzZmumEB8GYebbVfzpW68qDroasUZy0oq78TK0dIfoqBGJn5Bo&ccb=10-5&oh=00_Af6J0M3cZnzX0BzNkajLOCj-fO-Inl4ggQmIawIkCrxl5A&oe=6A3947DF&_nc_sid=201bca",
        "SOURCE_URL": "https://www.mapillary.com/app/?pKey=1192000484591055",
        "SAMPLE_MUNICIPALITY": "Medford",
        "SAMPLE_STREET_NAME": "SALEM STREET",
        "SAMPLE_SEGMENT_ID": 391694,
        "SAMPLE_LAT": 42.4223059322961,
        "SAMPLE_LNG": -71.0930039827877
      }
    },
    {
      "type": "Feature",
      "geometry": {
        "type": "Point",
        "coordinates": [
          -71.09330528762,
          42.422243476911
        ]
      },
      "properties": {
        "PROVIDER": "mapillary",
        "IMAGE_ID": "460655948498408",
        "SEQUENCE_ID": "UM0vPsdnanG-AQZFGcqOng",
        "CAPTURED_AT": 1506972547300,
        "HEADING": 256.97743595605,
        "IMAGE_THUMB_URL": "https://scontent-bos5-1.xx.fbcdn.net/m1/v/t6/An_mC1r1_Yd4cK36bJuUpWHBy3fZxJ6C1vqD1Tee_UhSnACo6teg7K_hrn0coQSq6b8sbRhXUkFNhCYvmlbHQ02s_g8gETjCP_H_Mudi5N4aSri610iLucSyfMGMWdkcUopiPo0ymvJEpGK_3khzvA?stp=s256x144&edm=AOnQwmMEAAAA&_nc_gid=WdFUAeqVDfF_lzkJG1a5tw&_nc_oc=AdqKBd7jFKzfCJ3vHhDsL34TRjw48pvf-f3iowv2q_dr5yIQrQq1NjCOrKv6lq892uY&ccb=10-5&oh=00_Af6Aq0KLL7xRVNDvZKt-Zk0fY9eBykfUn6Vs3bZb-gmXSw&oe=6A39327F&_nc_sid=201bca",
        "IMAGE_PREVIEW_URL": "https://scontent-bos5-1.xx.fbcdn.net/m1/v/t6/An_mC1r1_Yd4cK36bJuUpWHBy3fZxJ6C1vqD1Tee_UhSnACo6teg7K_hrn0coQSq6b8sbRhXUkFNhCYvmlbHQ02s_g8gETjCP_H_Mudi5N4aSri610iLucSyfMGMWdkcUopiPo0ymvJEpGK_3khzvA?stp=s1024x576&edm=AOnQwmMEAAAA&_nc_gid=WdFUAeqVDfF_lzkJG1a5tw&_nc_oc=AdqKBd7jFKzfCJ3vHhDsL34TRjw48pvf-f3iowv2q_dr5yIQrQq1NjCOrKv6lq892uY&ccb=10-5&oh=00_Af6EYf7ZNYnQfWbbsH0Cko2y7URToV_qH_EDpSoNhKS59Q&oe=6A39327F&_nc_sid=201bca",
        "IMAGE_ORIGINAL_URL": "https://scontent-bos5-1.xx.fbcdn.net/m1/v/t6/An_mC1r1_Yd4cK36bJuUpWHBy3fZxJ6C1vqD1Tee_UhSnACo6teg7K_hrn0coQSq6b8sbRhXUkFNhCYvmlbHQ02s_g8gETjCP_H_Mudi5N4aSri610iLucSyfMGMWdkcUopiPo0ymvJEpGK_3khzvA?edm=AOnQwmMEAAAA&_nc_gid=WdFUAeqVDfF_lzkJG1a5tw&_nc_oc=AdqKBd7jFKzfCJ3vHhDsL34TRjw48pvf-f3iowv2q_dr5yIQrQq1NjCOrKv6lq892uY&ccb=10-5&oh=00_Af7OYD1mgn40YEQiZd6UWJ2KmrAIShjS9n5BUcPChNp1SA&oe=6A39327F&_nc_sid=201bca",
        "SOURCE_URL": "https://www.mapillary.com/app/?pKey=460655948498408",
        "SAMPLE_MUNICIPALITY": "Medford",
        "SAMPLE_STREET_NAME": "SALEM STREET",
        "SAMPLE_SEGMENT_ID": 391694,
        "SAMPLE_LAT": 42.4223059322961,
        "SAMPLE_LNG": -71.0930039827877
      }
    },
    {
      "type": "Feature",
      "geometry": {
        "type": "Point",
        "coordinates": [
          -71.092683967002,
          42.422381521616
        ]
      },
      "properties": {
        "PROVIDER": "mapillary",
        "IMAGE_ID": "166278065415363",
        "SEQUENCE_ID": "UM0vPsdnanG-AQZFGcqOng",
        "CAPTURED_AT": 1506972542500,
        "HEADING": 249.37910334698,
        "IMAGE_THUMB_URL": "https://scontent-bos5-1.xx.fbcdn.net/m1/v/t6/An-d87X8xwlQ38ZLCCLHMY0q4viAJfg8pO0UWmzKbYZ0Y081mj0TAGfqaw_4MRpO2yvuJDoqhfVJhHU_iFLn20Gbct6P-a4FPtW1MGWTPR-XxoZL11X1vabaZSmmkAFI5phuKL-xGzw88tIkqzPIqQ?stp=s256x144&edm=AOnQwmMEAAAA&_nc_gid=WdFUAeqVDfF_lzkJG1a5tw&_nc_oc=Adrch8F8-ndlaj267yk7sMk_funqyMhAdCFetwTbDgLZ30KpXizEqhLBhn5IfqNeARs&ccb=10-5&oh=00_Af63t6qRmTa-xvajmgpffLjqhjlkznkBjjh076QZ33USwA&oe=6A3942D4&_nc_sid=201bca",
        "IMAGE_PREVIEW_URL": "https://scontent-bos5-1.xx.fbcdn.net/m1/v/t6/An-d87X8xwlQ38ZLCCLHMY0q4viAJfg8pO0UWmzKbYZ0Y081mj0TAGfqaw_4MRpO2yvuJDoqhfVJhHU_iFLn20Gbct6P-a4FPtW1MGWTPR-XxoZL11X1vabaZSmmkAFI5phuKL-xGzw88tIkqzPIqQ?stp=s1024x576&edm=AOnQwmMEAAAA&_nc_gid=WdFUAeqVDfF_lzkJG1a5tw&_nc_oc=Adrch8F8-ndlaj267yk7sMk_funqyMhAdCFetwTbDgLZ30KpXizEqhLBhn5IfqNeARs&ccb=10-5&oh=00_Af4rJeSQoRrSwDNbGFOswa8Mwl3Hf1APqnrRQSfD5FJ_mA&oe=6A3942D4&_nc_sid=201bca",
        "IMAGE_ORIGINAL_URL": "https://scontent-bos5-1.xx.fbcdn.net/m1/v/t6/An-d87X8xwlQ38ZLCCLHMY0q4viAJfg8pO0UWmzKbYZ0Y081mj0TAGfqaw_4MRpO2yvuJDoqhfVJhHU_iFLn20Gbct6P-a4FPtW1MGWTPR-XxoZL11X1vabaZSmmkAFI5phuKL-xGzw88tIkqzPIqQ?edm=AOnQwmMEAAAA&_nc_gid=WdFUAeqVDfF_lzkJG1a5tw&_nc_oc=Adrch8F8-ndlaj267yk7sMk_funqyMhAdCFetwTbDgLZ30KpXizEqhLBhn5IfqNeARs&ccb=10-5&oh=00_Af4q2nwb1HC5w5O4PyVsxem1sTXmvV7vRuxNfrN9mhCH1Q&oe=6A3942D4&_nc_sid=201bca",
        "SOURCE_URL": "https://www.mapillary.com/app/?pKey=166278065415363",
        "SAMPLE_MUNICIPALITY": "Medford",
        "SAMPLE_STREET_NAME": "SALEM STREET",
        "SAMPLE_SEGMENT_ID": 391694,
        "SAMPLE_LAT": 42.4223059322961,
        "SAMPLE_LNG": -71.0930039827877
      }
    },
    {
      "type": "Feature",
      "geometry": {
        "type": "Point",
        "coordinates": [
          -71.092992701689,
          42.422307778002
        ]
      },
      "properties": {
        "PROVIDER": "mapillary",
        "IMAGE_ID": "1362799954093162",
        "SEQUENCE_ID": "UM0vPsdnanG-AQZFGcqOng",
        "CAPTURED_AT": 1506972544900,
        "HEADING": 253.62815499134,
        "IMAGE_THUMB_URL": "https://scontent-bos5-1.xx.fbcdn.net/m1/v/t6/An84KqMdZZloRTgVJJV5M1RI4ibo94Dn5vEgY3WKeO-1KTpj3lpYOmICaR2SC3OFjho_e3K3NJw5ZaJ4Fz2RnzGV0-lnfi_t6acPkG7AG25GRAlpYaJBpUlYLrZXl-GTg2NTx2PbniGyju8yuagJCw?stp=s256x144&edm=AOnQwmMEAAAA&_nc_gid=WdFUAeqVDfF_lzkJG1a5tw&_nc_oc=AdqrKdlxF6qakL_frbsgrsMZQh4BHC3HO4JVPx5F8IsNIo_sC-fJB6Pa_HDPaXvd8sM&ccb=10-5&oh=00_Af4flCvTxGyPQS56f6rtNagDs7pCEqzfs2ssT8MVLU-APQ&oe=6A3935B6&_nc_sid=201bca",
        "IMAGE_PREVIEW_URL": "https://scontent-bos5-1.xx.fbcdn.net/m1/v/t6/An84KqMdZZloRTgVJJV5M1RI4ibo94Dn5vEgY3WKeO-1KTpj3lpYOmICaR2SC3OFjho_e3K3NJw5ZaJ4Fz2RnzGV0-lnfi_t6acPkG7AG25GRAlpYaJBpUlYLrZXl-GTg2NTx2PbniGyju8yuagJCw?stp=s1024x576&edm=AOnQwmMEAAAA&_nc_gid=WdFUAeqVDfF_lzkJG1a5tw&_nc_oc=AdqrKdlxF6qakL_frbsgrsMZQh4BHC3HO4JVPx5F8IsNIo_sC-fJB6Pa_HDPaXvd8sM&ccb=10-5&oh=00_Af5nMPsypXDx2TLaHDEh9HTRuUKxiuh9C4cg15rJLHW0Rg&oe=6A3935B6&_nc_sid=201bca",
        "IMAGE_ORIGINAL_URL": "https://scontent-bos5-1.xx.fbcdn.net/m1/v/t6/An84KqMdZZloRTgVJJV5M1RI4ibo94Dn5vEgY3WKeO-1KTpj3lpYOmICaR2SC3OFjho_e3K3NJw5ZaJ4Fz2RnzGV0-lnfi_t6acPkG7AG25GRAlpYaJBpUlYLrZXl-GTg2NTx2PbniGyju8yuagJCw?edm=AOnQwmMEAAAA&_nc_gid=WdFUAeqVDfF_lzkJG1a5tw&_nc_oc=AdqrKdlxF6qakL_frbsgrsMZQh4BHC3HO4JVPx5F8IsNIo_sC-fJB6Pa_HDPaXvd8sM&ccb=10-5&oh=00_Af5QhtXetAHPz7KEcs0xpC3wvFX4zVUZLp2m2tgR0vB6GA&oe=6A3935B6&_nc_sid=201bca",
        "SOURCE_URL": "https://www.mapillary.com/app/?pKey=1362799954093162",
        "SAMPLE_MUNICIPALITY": "Medford",
        "SAMPLE_STREET_NAME": "SALEM STREET",
        "SAMPLE_SEGMENT_ID": 391694,
        "SAMPLE_LAT": 42.4223059322961,
        "SAMPLE_LNG": -71.0930039827877
      }
    },
    {
      "type": "Feature",
      "geometry": {
        "type": "Point",
        "coordinates": [
          -71.09346609048,
          42.422212901211
        ]
      },
      "properties": {
        "PROVIDER": "mapillary",
        "IMAGE_ID": "140515921417299",
        "SEQUENCE_ID": "UM0vPsdnanG-AQZFGcqOng",
        "CAPTURED_AT": 1506972548400,
        "HEADING": 256.82224630459,
        "IMAGE_THUMB_URL": "https://scontent-bos5-1.xx.fbcdn.net/m1/v/t6/An8L5DmjDQDKo7oQcK6MHfsHraIIESctdpZqBnaYnTiMyxP8S-0w6bsb1xVSrEeuLoyzhrsgOaQYcIo_jS__Qem7YWhuANQZmAAwy4M-5xV6y7yPHZ-mY_5GNRBjtaUboPgd0nEh0BLSG7nyLzq54ic?stp=s256x144&edm=AOnQwmMEAAAA&_nc_gid=WdFUAeqVDfF_lzkJG1a5tw&_nc_oc=Adp2KQKTQVXhz6VlOVHxz1OZipPORWSYZ6iMM2j7HaixrHYQ3un4GYGMo8KRfGfRzfA&ccb=10-5&oh=00_Af7AAWHtQ2ES8bGcg-RpFyPrpasdpeGbTEUBFcgnul_S6Q&oe=6A39631D&_nc_sid=201bca",
        "IMAGE_PREVIEW_URL": "https://scontent-bos5-1.xx.fbcdn.net/m1/v/t6/An8L5DmjDQDKo7oQcK6MHfsHraIIESctdpZqBnaYnTiMyxP8S-0w6bsb1xVSrEeuLoyzhrsgOaQYcIo_jS__Qem7YWhuANQZmAAwy4M-5xV6y7yPHZ-mY_5GNRBjtaUboPgd0nEh0BLSG7nyLzq54ic?stp=s1024x576&edm=AOnQwmMEAAAA&_nc_gid=WdFUAeqVDfF_lzkJG1a5tw&_nc_oc=Adp2KQKTQVXhz6VlOVHxz1OZipPORWSYZ6iMM2j7HaixrHYQ3un4GYGMo8KRfGfRzfA&ccb=10-5&oh=00_Af6x8NUs5cDxCO_UmJlQv4TX9S5DcGCpzrUrOujSnuqxBw&oe=6A39631D&_nc_sid=201bca",
        "IMAGE_ORIGINAL_URL": "https://scontent-bos5-1.xx.fbcdn.net/m1/v/t6/An8L5DmjDQDKo7oQcK6MHfsHraIIESctdpZqBnaYnTiMyxP8S-0w6bsb1xVSrEeuLoyzhrsgOaQYcIo_jS__Qem7YWhuANQZmAAwy4M-5xV6y7yPHZ-mY_5GNRBjtaUboPgd0nEh0BLSG7nyLzq54ic?edm=AOnQwmMEAAAA&_nc_gid=WdFUAeqVDfF_lzkJG1a5tw&_nc_oc=Adp2KQKTQVXhz6VlOVHxz1OZipPORWSYZ6iMM2j7HaixrHYQ3un4GYGMo8KRfGfRzfA&ccb=10-5&oh=00_Af4WhON5rBhK44gMo1Ns1CwzSwgGwzU0aj_GmvTUE03I1A&oe=6A39631D&_nc_sid=201bca",
        "SOURCE_URL": "https://www.mapillary.com/app/?pKey=140515921417299",
        "SAMPLE_MUNICIPALITY": "Medford",
        "SAMPLE_STREET_NAME": "SALEM STREET",
        "SAMPLE_SEGMENT_ID": 391694,
        "SAMPLE_LAT": 42.4223059322961,
        "SAMPLE_LNG": -71.0930039827877
      }
    },
    {
      "type": "Feature",
      "geometry": {
        "type": "Point",
        "coordinates": [
          -71.092914940748,
          42.422325196227
        ]
      },
      "properties": {
        "PROVIDER": "mapillary",
        "IMAGE_ID": "232817001930092",
        "SEQUENCE_ID": "UM0vPsdnanG-AQZFGcqOng",
        "CAPTURED_AT": 1506972544300,
        "HEADING": 253.62806932868,
        "IMAGE_THUMB_URL": "https://scontent-bos5-1.xx.fbcdn.net/m1/v/t6/An-woQOZZTSAowdg7RqNiDdvPXn8Co-num2FhQqky2PyjvZp9s6LGbBF6m3R9_Jm_zzWy8u3R0GYR4VNKBjLx1oBbsUN8JB3NSW5ibb773xLGEbPRNS1hB7tyAvzvbpSAbuWEi8s5ttAyo5OD1f-dnA?stp=s256x144&edm=AOnQwmMEAAAA&_nc_gid=WdFUAeqVDfF_lzkJG1a5tw&_nc_oc=AdrMIJu_W2wA4UEoh5poQJIlhkhBNzHi34_Pem81vbA0alH7Rgaj8nca8suWZtStGLc&ccb=10-5&oh=00_Af4IBsvzzMuydAaZObmxJKucILeQ36ewvq24NPOWHbQAAw&oe=6A394117&_nc_sid=201bca",
        "IMAGE_PREVIEW_URL": "https://scontent-bos5-1.xx.fbcdn.net/m1/v/t6/An-woQOZZTSAowdg7RqNiDdvPXn8Co-num2FhQqky2PyjvZp9s6LGbBF6m3R9_Jm_zzWy8u3R0GYR4VNKBjLx1oBbsUN8JB3NSW5ibb773xLGEbPRNS1hB7tyAvzvbpSAbuWEi8s5ttAyo5OD1f-dnA?stp=s1024x576&edm=AOnQwmMEAAAA&_nc_gid=WdFUAeqVDfF_lzkJG1a5tw&_nc_oc=AdrMIJu_W2wA4UEoh5poQJIlhkhBNzHi34_Pem81vbA0alH7Rgaj8nca8suWZtStGLc&ccb=10-5&oh=00_Af6LMlAxmgYkAvqgj88ZGsCYJzR0rOu62I3eabhFgXvCQg&oe=6A394117&_nc_sid=201bca",
        "IMAGE_ORIGINAL_URL": "https://scontent-bos5-1.xx.fbcdn.net/m1/v/t6/An-woQOZZTSAowdg7RqNiDdvPXn8Co-num2FhQqky2PyjvZp9s6LGbBF6m3R9_Jm_zzWy8u3R0GYR4VNKBjLx1oBbsUN8JB3NSW5ibb773xLGEbPRNS1hB7tyAvzvbpSAbuWEi8s5ttAyo5OD1f-dnA?edm=AOnQwmMEAAAA&_nc_gid=WdFUAeqVDfF_lzkJG1a5tw&_nc_oc=AdrMIJu_W2wA4UEoh5poQJIlhkhBNzHi34_Pem81vbA0alH7Rgaj8nca8suWZtStGLc&ccb=10-5&oh=00_Af4w647ySG6HRa5DKx4VZqO3A2VdApYtripMcnJjFJgcqw&oe=6A394117&_nc_sid=201bca",
        "SOURCE_URL": "https://www.mapillary.com/app/?pKey=232817001930092",
        "SAMPLE_MUNICIPALITY": "Medford",
        "SAMPLE_STREET_NAME": "SALEM STREET",
        "SAMPLE_SEGMENT_ID": 391694,
        "SAMPLE_LAT": 42.4223059322961,
        "SAMPLE_LNG": -71.0930039827877
      }
    },
    {
      "type": "Feature",
      "geometry": {
        "type": "Point",
        "coordinates": [
          -71.092475904939,
          42.422439404969
        ]
      },
      "properties": {
        "PROVIDER": "mapillary",
        "IMAGE_ID": "3996698017057286",
        "SEQUENCE_ID": "UM0vPsdnanG-AQZFGcqOng",
        "CAPTURED_AT": 1506972540900,
        "HEADING": 247.51428750972,
        "IMAGE_THUMB_URL": "https://scontent-bos5-1.xx.fbcdn.net/m1/v/t6/An_FnUqtvg9dru2aG71Mgbd2GSGRp5H6OG-hKXVuTcBuffuYuoJzGISCv0sPDVx_TwwO7M9TRVkw2UAWQV-A1y2kcYbgUuFhzZt7Pr-r_LwXb5ucKX5wc0kPJI29_PepkIqSLcJltlCGwDJliv9zeCw?stp=s256x144&edm=AOnQwmMEAAAA&_nc_gid=WdFUAeqVDfF_lzkJG1a5tw&_nc_oc=AdrwNkHy5Kuk1aas33JxTZSa30X8NbXi1GOKpt8xFbakamtlCv8FCpQAwkC2_RAvC9E&ccb=10-5&oh=00_Af6Jr9-sfxhT1DSDhIjgSNdyHZSBA8ThsYharf_-tnlzYA&oe=6A3953E1&_nc_sid=201bca",
        "IMAGE_PREVIEW_URL": "https://scontent-bos5-1.xx.fbcdn.net/m1/v/t6/An_FnUqtvg9dru2aG71Mgbd2GSGRp5H6OG-hKXVuTcBuffuYuoJzGISCv0sPDVx_TwwO7M9TRVkw2UAWQV-A1y2kcYbgUuFhzZt7Pr-r_LwXb5ucKX5wc0kPJI29_PepkIqSLcJltlCGwDJliv9zeCw?stp=s1024x576&edm=AOnQwmMEAAAA&_nc_gid=WdFUAeqVDfF_lzkJG1a5tw&_nc_oc=AdrwNkHy5Kuk1aas33JxTZSa30X8NbXi1GOKpt8xFbakamtlCv8FCpQAwkC2_RAvC9E&ccb=10-5&oh=00_Af50QUL-b4XT38kwYNg4Rww8wzJIBupkrh3Nyo5mQqLEFw&oe=6A3953E1&_nc_sid=201bca",
        "IMAGE_ORIGINAL_URL": "https://scontent-bos5-1.xx.fbcdn.net/m1/v/t6/An_FnUqtvg9dru2aG71Mgbd2GSGRp5H6OG-hKXVuTcBuffuYuoJzGISCv0sPDVx_TwwO7M9TRVkw2UAWQV-A1y2kcYbgUuFhzZt7Pr-r_LwXb5ucKX5wc0kPJI29_PepkIqSLcJltlCGwDJliv9zeCw?edm=AOnQwmMEAAAA&_nc_gid=WdFUAeqVDfF_lzkJG1a5tw&_nc_oc=AdrwNkHy5Kuk1aas33JxTZSa30X8NbXi1GOKpt8xFbakamtlCv8FCpQAwkC2_RAvC9E&ccb=10-5&oh=00_Af5EB2ZUlD87pvCScujGC7fbTSzn6fcOflJyKGR9FRdu6w&oe=6A3953E1&_nc_sid=201bca",
        "SOURCE_URL": "https://www.mapillary.com/app/?pKey=3996698017057286",
        "SAMPLE_MUNICIPALITY": "Medford",
        "SAMPLE_STREET_NAME": "SALEM STREET",
        "SAMPLE_SEGMENT_ID": 391694,
        "SAMPLE_LAT": 42.4223059322961,
        "SAMPLE_LNG": -71.0930039827877
      }
    },
    {
      "type": "Feature",
      "geometry": {
        "type": "Point",
        "coordinates": [
          -71.09294096615,
          42.422319408105
        ]
      },
      "properties": {
        "PROVIDER": "mapillary",
        "IMAGE_ID": "1205624513230919",
        "SEQUENCE_ID": "UM0vPsdnanG-AQZFGcqOng",
        "CAPTURED_AT": 1506972544500,
        "HEADING": 253.62803973316,
        "IMAGE_THUMB_URL": "https://scontent-bos5-1.xx.fbcdn.net/m1/v/t6/An_PiBIQ_2KdR_r7a4gamxDUtLqIzaK-isn3d3CFhLG3rtn79UA8EbHsnalBu-EevTLv6zEzhlkjAyY98nd1Koi5hLejUVk80byakCKGfsOonq4i16PdDHoCCes8LD1rdAA-5-GjpA2TLNRGdtEbXi4?stp=s256x144&edm=AOnQwmMEAAAA&_nc_gid=WdFUAeqVDfF_lzkJG1a5tw&_nc_oc=AdrjzAxqp0rbY8Y95mExO9DI0ap43-zyoXU1DZJyThm3CfJgtqlVVHexww_YdNpn2LQ&ccb=10-5&oh=00_Af7wiOWfVvt3CrkAh2JV_qdD5IxxU4mLC1EVmtul3qUl-A&oe=6A393583&_nc_sid=201bca",
        "IMAGE_PREVIEW_URL": "https://scontent-bos5-1.xx.fbcdn.net/m1/v/t6/An_PiBIQ_2KdR_r7a4gamxDUtLqIzaK-isn3d3CFhLG3rtn79UA8EbHsnalBu-EevTLv6zEzhlkjAyY98nd1Koi5hLejUVk80byakCKGfsOonq4i16PdDHoCCes8LD1rdAA-5-GjpA2TLNRGdtEbXi4?stp=s1024x576&edm=AOnQwmMEAAAA&_nc_gid=WdFUAeqVDfF_lzkJG1a5tw&_nc_oc=AdrjzAxqp0rbY8Y95mExO9DI0ap43-zyoXU1DZJyThm3CfJgtqlVVHexww_YdNpn2LQ&ccb=10-5&oh=00_Af6mDbd0wl1-No_dgt3k5SO9yjr9WCsCBYNsLrZxfMKDUg&oe=6A393583&_nc_sid=201bca",
        "IMAGE_ORIGINAL_URL": "https://scontent-bos5-1.xx.fbcdn.net/m1/v/t6/An_PiBIQ_2KdR_r7a4gamxDUtLqIzaK-isn3d3CFhLG3rtn79UA8EbHsnalBu-EevTLv6zEzhlkjAyY98nd1Koi5hLejUVk80byakCKGfsOonq4i16PdDHoCCes8LD1rdAA-5-GjpA2TLNRGdtEbXi4?edm=AOnQwmMEAAAA&_nc_gid=WdFUAeqVDfF_lzkJG1a5tw&_nc_oc=AdrjzAxqp0rbY8Y95mExO9DI0ap43-zyoXU1DZJyThm3CfJgtqlVVHexww_YdNpn2LQ&ccb=10-5&oh=00_Af5uMici9GgqFG5FNS5iZnZEb134Vz3c60_dIO4Noq0Wdw&oe=6A393583&_nc_sid=201bca",
        "SOURCE_URL": "https://www.mapillary.com/app/?pKey=1205624513230919",
        "SAMPLE_MUNICIPALITY": "Medford",
        "SAMPLE_STREET_NAME": "SALEM STREET",
        "SAMPLE_SEGMENT_ID": 391694,
        "SAMPLE_LAT": 42.4223059322961,
        "SAMPLE_LNG": -71.0930039827877
      }
    },
    {
      "type": "Feature",
      "geometry": {
        "type": "Point",
        "coordinates": [
          -71.093161503869,
          42.422271129967
        ]
      },
      "properties": {
        "PROVIDER": "mapillary",
        "IMAGE_ID": "1613694488831221",
        "SEQUENCE_ID": "UM0vPsdnanG-AQZFGcqOng",
        "CAPTURED_AT": 1506972546200,
        "HEADING": 255.01922238188,
        "IMAGE_THUMB_URL": "https://scontent-bos5-1.xx.fbcdn.net/m1/v/t6/An_-wIeEC2jdL-JUmAGtjKh2BkCVA9uB3CA1WdxhZl--PjQKoUq_-ZCBpR-6TGclweD3vIWgVXpoDDwG61L4sCyNseUd7aVJD0cgvsO4L7KTMIQBn42slMdMGTqI0uov4FmzNC0za4Gezxh12n2ScQ?stp=s256x144&edm=AOnQwmMEAAAA&_nc_gid=WdFUAeqVDfF_lzkJG1a5tw&_nc_oc=Adq3qgKw6JiRePz1sELX9c75rjWaMn3mvAMK535D3eivuOBnFEdPcmtFX7NOJptFsq8&ccb=10-5&oh=00_Af5BV4pWNfr5RnAOfdo79lp_kYeLNXg3k0mx4Cbqv0vm7A&oe=6A3962D8&_nc_sid=201bca",
        "IMAGE_PREVIEW_URL": "https://scontent-bos5-1.xx.fbcdn.net/m1/v/t6/An_-wIeEC2jdL-JUmAGtjKh2BkCVA9uB3CA1WdxhZl--PjQKoUq_-ZCBpR-6TGclweD3vIWgVXpoDDwG61L4sCyNseUd7aVJD0cgvsO4L7KTMIQBn42slMdMGTqI0uov4FmzNC0za4Gezxh12n2ScQ?stp=s1024x576&edm=AOnQwmMEAAAA&_nc_gid=WdFUAeqVDfF_lzkJG1a5tw&_nc_oc=Adq3qgKw6JiRePz1sELX9c75rjWaMn3mvAMK535D3eivuOBnFEdPcmtFX7NOJptFsq8&ccb=10-5&oh=00_Af4fmPz17JOOem0JWxBvLNoHa60_iJ11vVuWdeIY8GMm0Q&oe=6A3962D8&_nc_sid=201bca",
        "IMAGE_ORIGINAL_URL": "https://scontent-bos5-1.xx.fbcdn.net/m1/v/t6/An_-wIeEC2jdL-JUmAGtjKh2BkCVA9uB3CA1WdxhZl--PjQKoUq_-ZCBpR-6TGclweD3vIWgVXpoDDwG61L4sCyNseUd7aVJD0cgvsO4L7KTMIQBn42slMdMGTqI0uov4FmzNC0za4Gezxh12n2ScQ?edm=AOnQwmMEAAAA&_nc_gid=WdFUAeqVDfF_lzkJG1a5tw&_nc_oc=Adq3qgKw6JiRePz1sELX9c75rjWaMn3mvAMK535D3eivuOBnFEdPcmtFX7NOJptFsq8&ccb=10-5&oh=00_Af5swKpigIpvjeHwSdeWAOFc06EUTzFOpf5zOFMUUBYZ9A&oe=6A3962D8&_nc_sid=201bca",
        "SOURCE_URL": "https://www.mapillary.com/app/?pKey=1613694488831221",
        "SAMPLE_MUNICIPALITY": "Medford",
        "SAMPLE_STREET_NAME": "SALEM STREET",
        "SAMPLE_SEGMENT_ID": 391694,
        "SAMPLE_LAT": 42.4223059322961,
        "SAMPLE_LNG": -71.0930039827877
      }
    },
    {
      "type": "Feature",
      "geometry": {
        "type": "Point",
        "coordinates": [
          -71.093590450829,
          42.422190509268
        ]
      },
      "properties": {
        "PROVIDER": "mapillary",
        "IMAGE_ID": "265751101898826",
        "SEQUENCE_ID": "UM0vPsdnanG-AQZFGcqOng",
        "CAPTURED_AT": 1506972549400,
        "HEADING": 256.82227720126,
        "IMAGE_THUMB_URL": "https://scontent-bos5-1.xx.fbcdn.net/m1/v/t6/An8NwF3GQ0utjsNOQQZq2XaMtBwEWs8u3wHMytcgsa1yanwNuHp4cKenY2JNB8CwDULTf75qjQORcQSsuA_-bvSTJQFf7h6-WyP9vjggYzJkfXlz61W31fdjAhqEwYEaQqdLgmRwyJYp7BOJsEH7xTM?stp=s256x144&edm=AOnQwmMEAAAA&_nc_gid=WdFUAeqVDfF_lzkJG1a5tw&_nc_oc=AdobWCz6uCx3U1Xi69IeAK9C4ayz-KhIrfrbALj7OeDDP1cG56niSqiEfltwna06CmM&ccb=10-5&oh=00_Af6sO7u7EMURdOOAKlGGCiMr6lHP4bVKJ3Lbi6SFGk0D0A&oe=6A396640&_nc_sid=201bca",
        "IMAGE_PREVIEW_URL": "https://scontent-bos5-1.xx.fbcdn.net/m1/v/t6/An8NwF3GQ0utjsNOQQZq2XaMtBwEWs8u3wHMytcgsa1yanwNuHp4cKenY2JNB8CwDULTf75qjQORcQSsuA_-bvSTJQFf7h6-WyP9vjggYzJkfXlz61W31fdjAhqEwYEaQqdLgmRwyJYp7BOJsEH7xTM?stp=s1024x576&edm=AOnQwmMEAAAA&_nc_gid=WdFUAeqVDfF_lzkJG1a5tw&_nc_oc=AdobWCz6uCx3U1Xi69IeAK9C4ayz-KhIrfrbALj7OeDDP1cG56niSqiEfltwna06CmM&ccb=10-5&oh=00_Af5a-SHAXf96OBicvZmwtWr6F6TuBtMAdHW5Hz889OOdGg&oe=6A396640&_nc_sid=201bca",
        "IMAGE_ORIGINAL_URL": "https://scontent-bos5-1.xx.fbcdn.net/m1/v/t6/An8NwF3GQ0utjsNOQQZq2XaMtBwEWs8u3wHMytcgsa1yanwNuHp4cKenY2JNB8CwDULTf75qjQORcQSsuA_-bvSTJQFf7h6-WyP9vjggYzJkfXlz61W31fdjAhqEwYEaQqdLgmRwyJYp7BOJsEH7xTM?edm=AOnQwmMEAAAA&_nc_gid=WdFUAeqVDfF_lzkJG1a5tw&_nc_oc=AdobWCz6uCx3U1Xi69IeAK9C4ayz-KhIrfrbALj7OeDDP1cG56niSqiEfltwna06CmM&ccb=10-5&oh=00_Af6K7y7jCOMkoMqwQ4KM8Da0cytrJqUCyQc6PE6cEwS3Ew&oe=6A396640&_nc_sid=201bca",
        "SOURCE_URL": "https://www.mapillary.com/app/?pKey=265751101898826",
        "SAMPLE_MUNICIPALITY": "Medford",
        "SAMPLE_STREET_NAME": "SALEM STREET",
        "SAMPLE_SEGMENT_ID": 391694,
        "SAMPLE_LAT": 42.4223059322961,
        "SAMPLE_LNG": -71.0930039827877
      }
    },
    {
      "type": "Feature",
      "geometry": {
        "type": "Point",
        "coordinates": [
          -71.093252261425,
          42.422253224899
        ]
      },
      "properties": {
        "PROVIDER": "mapillary",
        "IMAGE_ID": "5312388785503007",
        "SEQUENCE_ID": "UM0vPsdnanG-AQZFGcqOng",
        "CAPTURED_AT": 1506972546900,
        "HEADING": 255.0193756879,
        "IMAGE_THUMB_URL": "https://scontent-bos5-1.xx.fbcdn.net/m1/v/t6/An8NSrNFYUEfJZwun-NN3pC4FKSB4cRL-KwaSuhWTDpMBoJvjekrnjuWE_Ddkc_BAFdEKBSvaWCr5qLUmSytfSSL1Zis-YX8XuxdqF-c1n8PZzUp6W7VO213PAxmzL9UUHxmiD8AHNgTPNWfmIYK6r8?stp=s256x144&edm=AOnQwmMEAAAA&_nc_gid=WdFUAeqVDfF_lzkJG1a5tw&_nc_oc=Adr1RjeRWCI1S-Apl9s4zhxe2pPtxdMmuEKBeUxoYM1OrzEWWOjRdBiYPmtFTFuPvBU&ccb=10-5&oh=00_Af5YgmziDtdKAQ6nGyVkZf7GyTPMsC6-9owuc1rBKRy2kg&oe=6A394B6F&_nc_sid=201bca",
        "IMAGE_PREVIEW_URL": "https://scontent-bos5-1.xx.fbcdn.net/m1/v/t6/An8NSrNFYUEfJZwun-NN3pC4FKSB4cRL-KwaSuhWTDpMBoJvjekrnjuWE_Ddkc_BAFdEKBSvaWCr5qLUmSytfSSL1Zis-YX8XuxdqF-c1n8PZzUp6W7VO213PAxmzL9UUHxmiD8AHNgTPNWfmIYK6r8?stp=s1024x576&edm=AOnQwmMEAAAA&_nc_gid=WdFUAeqVDfF_lzkJG1a5tw&_nc_oc=Adr1RjeRWCI1S-Apl9s4zhxe2pPtxdMmuEKBeUxoYM1OrzEWWOjRdBiYPmtFTFuPvBU&ccb=10-5&oh=00_Af5bc15Mk89wTR1kW_MsGbqm5VsExBr5l_lQKuhijIXGsQ&oe=6A394B6F&_nc_sid=201bca",
        "IMAGE_ORIGINAL_URL": "https://scontent-bos5-1.xx.fbcdn.net/m1/v/t6/An8NSrNFYUEfJZwun-NN3pC4FKSB4cRL-KwaSuhWTDpMBoJvjekrnjuWE_Ddkc_BAFdEKBSvaWCr5qLUmSytfSSL1Zis-YX8XuxdqF-c1n8PZzUp6W7VO213PAxmzL9UUHxmiD8AHNgTPNWfmIYK6r8?edm=AOnQwmMEAAAA&_nc_gid=WdFUAeqVDfF_lzkJG1a5tw&_nc_oc=Adr1RjeRWCI1S-Apl9s4zhxe2pPtxdMmuEKBeUxoYM1OrzEWWOjRdBiYPmtFTFuPvBU&ccb=10-5&oh=00_Af7hbF7fCgpiSNvExNa0uV_hnzuk8865i0hxbAOshVU0ng&oe=6A394B6F&_nc_sid=201bca",
        "SOURCE_URL": "https://www.mapillary.com/app/?pKey=5312388785503007",
        "SAMPLE_MUNICIPALITY": "Medford",
        "SAMPLE_STREET_NAME": "SALEM STREET",
        "SAMPLE_SEGMENT_ID": 391694,
        "SAMPLE_LAT": 42.4223059322961,
        "SAMPLE_LNG": -71.0930039827877
      }
    },
    {
      "type": "Feature",
      "geometry": {
        "type": "Point",
        "coordinates": [
          -71.092901869252,
          42.422328141153
        ]
      },
      "properties": {
        "PROVIDER": "mapillary",
        "IMAGE_ID": "203742734673225",
        "SEQUENCE_ID": "UM0vPsdnanG-AQZFGcqOng",
        "CAPTURED_AT": 1506972544200,
        "HEADING": 253.62814984851,
        "IMAGE_THUMB_URL": "https://scontent-bos5-1.xx.fbcdn.net/m1/v/t6/An8NE2UZTrEFo7uFfHyUfzOVkMUa664JqGGmzSicNZ2CLfKyapVSnWS9HOzpWB9dl60lfrb2iY7yTerGZ9ACdh-8BpnU57U_LQl_6biX6Q5K0Yqajg7kUjXf3BlgsV0-K8vnnQMJ987Hw_pBQ9QR8dI?stp=s256x144&edm=AOnQwmMEAAAA&_nc_gid=WdFUAeqVDfF_lzkJG1a5tw&_nc_oc=AdrlcXEcR_8ZNQ-d0TlgmADr2fV_tTMs5I2ksQ7oY1fUhPU45uBTZPYvEViNkWKHPdQ&ccb=10-5&oh=00_Af459laHrBkbph109Sv6SZDniS1dQmxMUAYv4N4utDGvDg&oe=6A3962F3&_nc_sid=201bca",
        "IMAGE_PREVIEW_URL": "https://scontent-bos5-1.xx.fbcdn.net/m1/v/t6/An8NE2UZTrEFo7uFfHyUfzOVkMUa664JqGGmzSicNZ2CLfKyapVSnWS9HOzpWB9dl60lfrb2iY7yTerGZ9ACdh-8BpnU57U_LQl_6biX6Q5K0Yqajg7kUjXf3BlgsV0-K8vnnQMJ987Hw_pBQ9QR8dI?stp=s1024x576&edm=AOnQwmMEAAAA&_nc_gid=WdFUAeqVDfF_lzkJG1a5tw&_nc_oc=AdrlcXEcR_8ZNQ-d0TlgmADr2fV_tTMs5I2ksQ7oY1fUhPU45uBTZPYvEViNkWKHPdQ&ccb=10-5&oh=00_Af5bAY2mw63BFhlMvT7cFxkz2HHBuJgeQ6D1NvEJnQz7uw&oe=6A3962F3&_nc_sid=201bca",
        "IMAGE_ORIGINAL_URL": "https://scontent-bos5-1.xx.fbcdn.net/m1/v/t6/An8NE2UZTrEFo7uFfHyUfzOVkMUa664JqGGmzSicNZ2CLfKyapVSnWS9HOzpWB9dl60lfrb2iY7yTerGZ9ACdh-8BpnU57U_LQl_6biX6Q5K0Yqajg7kUjXf3BlgsV0-K8vnnQMJ987Hw_pBQ9QR8dI?edm=AOnQwmMEAAAA&_nc_gid=WdFUAeqVDfF_lzkJG1a5tw&_nc_oc=AdrlcXEcR_8ZNQ-d0TlgmADr2fV_tTMs5I2ksQ7oY1fUhPU45uBTZPYvEViNkWKHPdQ&ccb=10-5&oh=00_Af7i9cmzaNtOzs5pTQipso7LBM_tFHoAl185u58XvD2ksw&oe=6A3962F3&_nc_sid=201bca",
        "SOURCE_URL": "https://www.mapillary.com/app/?pKey=203742734673225",
        "SAMPLE_MUNICIPALITY": "Medford",
        "SAMPLE_STREET_NAME": "SALEM STREET",
        "SAMPLE_SEGMENT_ID": 391694,
        "SAMPLE_LAT": 42.4223059322961,
        "SAMPLE_LNG": -71.0930039827877
      }
    },
    {
      "type": "Feature",
      "geometry": {
        "type": "Point",
        "coordinates": [
          -71.09327785626,
          42.422248410532
        ]
      },
      "properties": {
        "PROVIDER": "mapillary",
        "IMAGE_ID": "214327760124537",
        "SEQUENCE_ID": "UM0vPsdnanG-AQZFGcqOng",
        "CAPTURED_AT": 1506972547100,
        "HEADING": 256.9774350198,
        "IMAGE_THUMB_URL": "https://scontent-bos5-1.xx.fbcdn.net/m1/v/t6/An9SRAyBeG0kqKjjz7wG_kayJJtuenM0PuQjd72C_er_OgOO-3UXVjV4QkDJ7wLO_EQPu72lQB2yndT6gDIDVo7g4Xcb3DbyV3im5pybwv3SzLh6TRvZsfrHiPK5TId1IdkiNESY424P_BUFbtDw9A?stp=s256x144&edm=AOnQwmMEAAAA&_nc_gid=WdFUAeqVDfF_lzkJG1a5tw&_nc_oc=AdruJEMbqavsUIDdoVeoUw2ivXbiZtpQrJCVTyGmG9HI2yBMttd_vpKWorTkQizBSoE&ccb=10-5&oh=00_Af4qX9bIZfIVjni1hckFKRr_WpHnrEquWRyUlFowMxplTQ&oe=6A393C70&_nc_sid=201bca",
        "IMAGE_PREVIEW_URL": "https://scontent-bos5-1.xx.fbcdn.net/m1/v/t6/An9SRAyBeG0kqKjjz7wG_kayJJtuenM0PuQjd72C_er_OgOO-3UXVjV4QkDJ7wLO_EQPu72lQB2yndT6gDIDVo7g4Xcb3DbyV3im5pybwv3SzLh6TRvZsfrHiPK5TId1IdkiNESY424P_BUFbtDw9A?stp=s1024x576&edm=AOnQwmMEAAAA&_nc_gid=WdFUAeqVDfF_lzkJG1a5tw&_nc_oc=AdruJEMbqavsUIDdoVeoUw2ivXbiZtpQrJCVTyGmG9HI2yBMttd_vpKWorTkQizBSoE&ccb=10-5&oh=00_Af5IRQlFsFA8VRC3JLVUA0XOtF8lb-HM2wgNeFmXgaymGQ&oe=6A393C70&_nc_sid=201bca",
        "IMAGE_ORIGINAL_URL": "https://scontent-bos5-1.xx.fbcdn.net/m1/v/t6/An9SRAyBeG0kqKjjz7wG_kayJJtuenM0PuQjd72C_er_OgOO-3UXVjV4QkDJ7wLO_EQPu72lQB2yndT6gDIDVo7g4Xcb3DbyV3im5pybwv3SzLh6TRvZsfrHiPK5TId1IdkiNESY424P_BUFbtDw9A?edm=AOnQwmMEAAAA&_nc_gid=WdFUAeqVDfF_lzkJG1a5tw&_nc_oc=AdruJEMbqavsUIDdoVeoUw2ivXbiZtpQrJCVTyGmG9HI2yBMttd_vpKWorTkQizBSoE&ccb=10-5&oh=00_Af7D85KP04jRh_bZbyMPTYltoCJWlzfgbq95k22jySImRg&oe=6A393C70&_nc_sid=201bca",
        "SOURCE_URL": "https://www.mapillary.com/app/?pKey=214327760124537",
        "SAMPLE_MUNICIPALITY": "Medford",
        "SAMPLE_STREET_NAME": "SALEM STREET",
        "SAMPLE_SEGMENT_ID": 391694,
        "SAMPLE_LAT": 42.4223059322961,
        "SAMPLE_LNG": -71.0930039827877
      }
    },
    {
      "type": "Feature",
      "geometry": {
        "type": "Point",
        "coordinates": [
          -71.093479460042,
          42.422210421964
        ]
      },
      "properties": {
        "PROVIDER": "mapillary",
        "IMAGE_ID": "473738400346137",
        "SEQUENCE_ID": "UM0vPsdnanG-AQZFGcqOng",
        "CAPTURED_AT": 1506972548500,
        "HEADING": 256.82222058482,
        "IMAGE_THUMB_URL": "https://scontent-bos5-1.xx.fbcdn.net/m1/v/t6/An_1_ZqkI9SdmvqFXSt1EJ4yuxDgPKVsvXedQsA9Ib3_aKRzSfPgtRHWKNuRvOchkIPOseK_RCx0urn96f8SQNGpSWvSLmo71Bhox7Nb9X8eRH7EgORus5xK_hVlgBveQdIm0PdW9tMVcQUizCd7VA?stp=s256x144&edm=AOnQwmMEAAAA&_nc_gid=WdFUAeqVDfF_lzkJG1a5tw&_nc_oc=AdpzwsXDpbpOOPzeOILA0hTAHQUeUqB6Q8CRfFtAp7TSGovF7ew2-mP5VQ2M-we2vUM&ccb=10-5&oh=00_Af6IEBcYGCaMfHbjKD-JDJsabC0dEQ48sSwFDgZouW-mvQ&oe=6A396066&_nc_sid=201bca",
        "IMAGE_PREVIEW_URL": "https://scontent-bos5-1.xx.fbcdn.net/m1/v/t6/An_1_ZqkI9SdmvqFXSt1EJ4yuxDgPKVsvXedQsA9Ib3_aKRzSfPgtRHWKNuRvOchkIPOseK_RCx0urn96f8SQNGpSWvSLmo71Bhox7Nb9X8eRH7EgORus5xK_hVlgBveQdIm0PdW9tMVcQUizCd7VA?stp=s1024x576&edm=AOnQwmMEAAAA&_nc_gid=WdFUAeqVDfF_lzkJG1a5tw&_nc_oc=AdpzwsXDpbpOOPzeOILA0hTAHQUeUqB6Q8CRfFtAp7TSGovF7ew2-mP5VQ2M-we2vUM&ccb=10-5&oh=00_Af6usR_Kr87c565w8dNj5zhpl3wLFLr2s_4LOphQDFSyqw&oe=6A396066&_nc_sid=201bca",
        "IMAGE_ORIGINAL_URL": "https://scontent-bos5-1.xx.fbcdn.net/m1/v/t6/An_1_ZqkI9SdmvqFXSt1EJ4yuxDgPKVsvXedQsA9Ib3_aKRzSfPgtRHWKNuRvOchkIPOseK_RCx0urn96f8SQNGpSWvSLmo71Bhox7Nb9X8eRH7EgORus5xK_hVlgBveQdIm0PdW9tMVcQUizCd7VA?edm=AOnQwmMEAAAA&_nc_gid=WdFUAeqVDfF_lzkJG1a5tw&_nc_oc=AdpzwsXDpbpOOPzeOILA0hTAHQUeUqB6Q8CRfFtAp7TSGovF7ew2-mP5VQ2M-we2vUM&ccb=10-5&oh=00_Af47VXEPiwC5tsuFWwPTuc1XvoM5l_nl5jhHlWbVFLXxfA&oe=6A396066&_nc_sid=201bca",
        "SOURCE_URL": "https://www.mapillary.com/app/?pKey=473738400346137",
        "SAMPLE_MUNICIPALITY": "Medford",
        "SAMPLE_STREET_NAME": "SALEM STREET",
        "SAMPLE_SEGMENT_ID": 391694,
        "SAMPLE_LAT": 42.4223059322961,
        "SAMPLE_LNG": -71.0930039827877
      }
    },
    {
      "type": "Feature",
      "geometry": {
        "type": "Point",
        "coordinates": [
          -71.093492598161,
          42.422208035002
        ]
      },
      "properties": {
        "PROVIDER": "mapillary",
        "IMAGE_ID": "1903031189846710",
        "SEQUENCE_ID": "UM0vPsdnanG-AQZFGcqOng",
        "CAPTURED_AT": 1506972548600,
        "HEADING": 256.82227341485,
        "IMAGE_THUMB_URL": "https://scontent-bos5-1.xx.fbcdn.net/m1/v/t6/An8P91Bz7haJgnpPGo33Txyn_DkUpLnbUBiQ-o4zLD5v-on7hEaWmC9sy36D25ujS2j7REzbqDlV2Vjb89ENkt5-mFwf6i24NLBPqDlb8Q6lNTKoiewQS3Mu-pUe7k2PfuypcpnVnAov7DhRhzEuZQ?stp=s256x144&edm=AOnQwmMEAAAA&_nc_gid=WdFUAeqVDfF_lzkJG1a5tw&_nc_oc=AdoMtrNL8W9JHiee_V_tN0kkYQ22mjf7itG6Mo6Bgf9qijXY76go5SG9omEFd7GpHnU&ccb=10-5&oh=00_Af5QTT24Uz0C4WTbWKcw8rfw9Pqt--fvHPiqu0kWte2MZA&oe=6A395AA7&_nc_sid=201bca",
        "IMAGE_PREVIEW_URL": "https://scontent-bos5-1.xx.fbcdn.net/m1/v/t6/An8P91Bz7haJgnpPGo33Txyn_DkUpLnbUBiQ-o4zLD5v-on7hEaWmC9sy36D25ujS2j7REzbqDlV2Vjb89ENkt5-mFwf6i24NLBPqDlb8Q6lNTKoiewQS3Mu-pUe7k2PfuypcpnVnAov7DhRhzEuZQ?stp=s1024x576&edm=AOnQwmMEAAAA&_nc_gid=WdFUAeqVDfF_lzkJG1a5tw&_nc_oc=AdoMtrNL8W9JHiee_V_tN0kkYQ22mjf7itG6Mo6Bgf9qijXY76go5SG9omEFd7GpHnU&ccb=10-5&oh=00_Af6WZzXpID2RQ3EMJNRX5ROyksf1lMv4xoN061ZL-80Aww&oe=6A395AA7&_nc_sid=201bca",
        "IMAGE_ORIGINAL_URL": "https://scontent-bos5-1.xx.fbcdn.net/m1/v/t6/An8P91Bz7haJgnpPGo33Txyn_DkUpLnbUBiQ-o4zLD5v-on7hEaWmC9sy36D25ujS2j7REzbqDlV2Vjb89ENkt5-mFwf6i24NLBPqDlb8Q6lNTKoiewQS3Mu-pUe7k2PfuypcpnVnAov7DhRhzEuZQ?edm=AOnQwmMEAAAA&_nc_gid=WdFUAeqVDfF_lzkJG1a5tw&_nc_oc=AdoMtrNL8W9JHiee_V_tN0kkYQ22mjf7itG6Mo6Bgf9qijXY76go5SG9omEFd7GpHnU&ccb=10-5&oh=00_Af5n7e8sUZdYYj2l9mySf-rsrKr8mJkgiB45lfsd43hD6Q&oe=6A395AA7&_nc_sid=201bca",
        "SOURCE_URL": "https://www.mapillary.com/app/?pKey=1903031189846710",
        "SAMPLE_MUNICIPALITY": "Medford",
        "SAMPLE_STREET_NAME": "SALEM STREET",
        "SAMPLE_SEGMENT_ID": 391694,
        "SAMPLE_LAT": 42.4223059322961,
        "SAMPLE_LNG": -71.0930039827877
      }
    },
    {
      "type": "Feature",
      "geometry": {
        "type": "Point",
        "coordinates": [
          -71.092875699591,
          42.422334174438
        ]
      },
      "properties": {
        "PROVIDER": "mapillary",
        "IMAGE_ID": "3899995303381023",
        "SEQUENCE_ID": "UM0vPsdnanG-AQZFGcqOng",
        "CAPTURED_AT": 1506972544000,
        "HEADING": 253.62817944174,
        "IMAGE_THUMB_URL": "https://scontent-bos5-1.xx.fbcdn.net/m1/v/t6/An94L9CibYtX-1-hpDWbtC1h4h_btT7jr4tfEqti2h2cOUJnog6hNdYmdPBewYpCxHGpKzda1iQr_DUOAp4gSdZJRbpYh7M4Mr_OjQZOD9OIigMO3pdhwMyk5jFGDOnDkkQ5B24fwgMLf_Hz-_gsNA?stp=s256x144&edm=AOnQwmMEAAAA&_nc_gid=WdFUAeqVDfF_lzkJG1a5tw&_nc_oc=Adqzf6OXkSnHfUguN1jd74B7-70GgMGorWJSHaJcvMMMp95bWU3nysq4qMzOlnntm4Y&ccb=10-5&oh=00_Af6T-_Rlkv6_bXXqE3Ux3ADbUnqsYDxaRCld63zL620qVQ&oe=6A394F2B&_nc_sid=201bca",
        "IMAGE_PREVIEW_URL": "https://scontent-bos5-1.xx.fbcdn.net/m1/v/t6/An94L9CibYtX-1-hpDWbtC1h4h_btT7jr4tfEqti2h2cOUJnog6hNdYmdPBewYpCxHGpKzda1iQr_DUOAp4gSdZJRbpYh7M4Mr_OjQZOD9OIigMO3pdhwMyk5jFGDOnDkkQ5B24fwgMLf_Hz-_gsNA?stp=s1024x576&edm=AOnQwmMEAAAA&_nc_gid=WdFUAeqVDfF_lzkJG1a5tw&_nc_oc=Adqzf6OXkSnHfUguN1jd74B7-70GgMGorWJSHaJcvMMMp95bWU3nysq4qMzOlnntm4Y&ccb=10-5&oh=00_Af63KawAmZrn2RHlx1vN37pUAWHNWALDzW2yughdejke3Q&oe=6A394F2B&_nc_sid=201bca",
        "IMAGE_ORIGINAL_URL": "https://scontent-bos5-1.xx.fbcdn.net/m1/v/t6/An94L9CibYtX-1-hpDWbtC1h4h_btT7jr4tfEqti2h2cOUJnog6hNdYmdPBewYpCxHGpKzda1iQr_DUOAp4gSdZJRbpYh7M4Mr_OjQZOD9OIigMO3pdhwMyk5jFGDOnDkkQ5B24fwgMLf_Hz-_gsNA?edm=AOnQwmMEAAAA&_nc_gid=WdFUAeqVDfF_lzkJG1a5tw&_nc_oc=Adqzf6OXkSnHfUguN1jd74B7-70GgMGorWJSHaJcvMMMp95bWU3nysq4qMzOlnntm4Y&ccb=10-5&oh=00_Af5PvT0GSRay9k-47WPa8iS8KrCmFspmb_E58_I0ePMVAg&oe=6A394F2B&_nc_sid=201bca",
        "SOURCE_URL": "https://www.mapillary.com/app/?pKey=3899995303381023",
        "SAMPLE_MUNICIPALITY": "Medford",
        "SAMPLE_STREET_NAME": "SALEM STREET",
        "SAMPLE_SEGMENT_ID": 391694,
        "SAMPLE_LAT": 42.4223059322961,
        "SAMPLE_LNG": -71.0930039827877
      }
    },
    {
      "type": "Feature",
      "geometry": {
        "type": "Point",
        "coordinates": [
          -71.093265090204,
          42.422250809422
        ]
      },
      "properties": {
        "PROVIDER": "mapillary",
        "IMAGE_ID": "271114707920352",
        "SEQUENCE_ID": "UM0vPsdnanG-AQZFGcqOng",
        "CAPTURED_AT": 1506972547000,
        "HEADING": 256.97743451195,
        "IMAGE_THUMB_URL": "https://scontent-bos5-1.xx.fbcdn.net/m1/v/t6/An--CdxSuOkCMnSBRnp23tbMh5lhkEbWop__dJGhLNV_t3uKTezt6URbF0UYSAFFhtUldHCbtRDmoLyYW7ySTm3lohXOHP5XCls86cullLcyRfRq0fKGpKrlNaoSD52yFEMPabw4ksvjQDx3iiMdzw?stp=s256x144&edm=AOnQwmMEAAAA&_nc_gid=WdFUAeqVDfF_lzkJG1a5tw&_nc_oc=AdoMkYds3W4OI_6kdBSM4Ixc_cKbptnKMqi0BQWx-XpQ4sseKbUQtUMwdFbl3ALCWgg&ccb=10-5&oh=00_Af5DR-Zh4a926GyDc35C49UOo-RTULj8j0Kl9IO8r2GsrA&oe=6A3958EB&_nc_sid=201bca",
        "IMAGE_PREVIEW_URL": "https://scontent-bos5-1.xx.fbcdn.net/m1/v/t6/An--CdxSuOkCMnSBRnp23tbMh5lhkEbWop__dJGhLNV_t3uKTezt6URbF0UYSAFFhtUldHCbtRDmoLyYW7ySTm3lohXOHP5XCls86cullLcyRfRq0fKGpKrlNaoSD52yFEMPabw4ksvjQDx3iiMdzw?stp=s1024x576&edm=AOnQwmMEAAAA&_nc_gid=WdFUAeqVDfF_lzkJG1a5tw&_nc_oc=AdoMkYds3W4OI_6kdBSM4Ixc_cKbptnKMqi0BQWx-XpQ4sseKbUQtUMwdFbl3ALCWgg&ccb=10-5&oh=00_Af5rXfvP37VZDbdCDMI9VPc2P3JUGjhfuSC3pnyZxEWQqA&oe=6A3958EB&_nc_sid=201bca",
        "IMAGE_ORIGINAL_URL": "https://scontent-bos5-1.xx.fbcdn.net/m1/v/t6/An--CdxSuOkCMnSBRnp23tbMh5lhkEbWop__dJGhLNV_t3uKTezt6URbF0UYSAFFhtUldHCbtRDmoLyYW7ySTm3lohXOHP5XCls86cullLcyRfRq0fKGpKrlNaoSD52yFEMPabw4ksvjQDx3iiMdzw?edm=AOnQwmMEAAAA&_nc_gid=WdFUAeqVDfF_lzkJG1a5tw&_nc_oc=AdoMkYds3W4OI_6kdBSM4Ixc_cKbptnKMqi0BQWx-XpQ4sseKbUQtUMwdFbl3ALCWgg&ccb=10-5&oh=00_Af6shyGlYaHprS0iV7G-lFsdgQqe0Ofa7fPxBRcTlSDMig&oe=6A3958EB&_nc_sid=201bca",
        "SOURCE_URL": "https://www.mapillary.com/app/?pKey=271114707920352",
        "SAMPLE_MUNICIPALITY": "Medford",
        "SAMPLE_STREET_NAME": "SALEM STREET",
        "SAMPLE_SEGMENT_ID": 391694,
        "SAMPLE_LAT": 42.4223059322961,
        "SAMPLE_LNG": -71.0930039827877
      }
    },
    {
      "type": "Feature",
      "geometry": {
        "type": "Point",
        "coordinates": [
          -71.092809796572,
          42.422349615299
        ]
      },
      "properties": {
        "PROVIDER": "mapillary",
        "IMAGE_ID": "512693763236944",
        "SEQUENCE_ID": "UM0vPsdnanG-AQZFGcqOng",
        "CAPTURED_AT": 1506972543500,
        "HEADING": 251.95416452322,
        "IMAGE_THUMB_URL": "https://scontent-bos5-1.xx.fbcdn.net/m1/v/t6/An8vPgaPdf6hbb4IAM5ex5IH6rzLkPQt8kyG44bJhy1M3Xsht5qvGZurMGtBEbTvZlzltKnYUzHCeyv4ipEw8dEYFbubio9fGtnlWlAX0YjKMTVJSQnUU-9tfF30Aw6LlvekNpjxMGJiZiI6WuoPXw?stp=s256x144&edm=AOnQwmMEAAAA&_nc_gid=WdFUAeqVDfF_lzkJG1a5tw&_nc_oc=AdqO40I3kALhZ1kAD98hNgAmX3LMNSACbSw-OfGqgAUZlxwfd0qNZUIosieXX4hrHng&ccb=10-5&oh=00_Af5whDlRaqTke4Ky8XFIwyBhmCeoZ_fjBJbHnqQdk0VMmw&oe=6A39586C&_nc_sid=201bca",
        "IMAGE_PREVIEW_URL": "https://scontent-bos5-1.xx.fbcdn.net/m1/v/t6/An8vPgaPdf6hbb4IAM5ex5IH6rzLkPQt8kyG44bJhy1M3Xsht5qvGZurMGtBEbTvZlzltKnYUzHCeyv4ipEw8dEYFbubio9fGtnlWlAX0YjKMTVJSQnUU-9tfF30Aw6LlvekNpjxMGJiZiI6WuoPXw?stp=s1024x576&edm=AOnQwmMEAAAA&_nc_gid=WdFUAeqVDfF_lzkJG1a5tw&_nc_oc=AdqO40I3kALhZ1kAD98hNgAmX3LMNSACbSw-OfGqgAUZlxwfd0qNZUIosieXX4hrHng&ccb=10-5&oh=00_Af6JmlD0cxpPB3Rxs8tAk3JF1USPYNUIOp2Fjh5c-zuH_Q&oe=6A39586C&_nc_sid=201bca",
        "IMAGE_ORIGINAL_URL": "https://scontent-bos5-1.xx.fbcdn.net/m1/v/t6/An8vPgaPdf6hbb4IAM5ex5IH6rzLkPQt8kyG44bJhy1M3Xsht5qvGZurMGtBEbTvZlzltKnYUzHCeyv4ipEw8dEYFbubio9fGtnlWlAX0YjKMTVJSQnUU-9tfF30Aw6LlvekNpjxMGJiZiI6WuoPXw?edm=AOnQwmMEAAAA&_nc_gid=WdFUAeqVDfF_lzkJG1a5tw&_nc_oc=AdqO40I3kALhZ1kAD98hNgAmX3LMNSACbSw-OfGqgAUZlxwfd0qNZUIosieXX4hrHng&ccb=10-5&oh=00_Af5MlvTYm2QOPY0EX1QpzGJpX7KrCf6HnrRta6DCSw9j4Q&oe=6A39586C&_nc_sid=201bca",
        "SOURCE_URL": "https://www.mapillary.com/app/?pKey=512693763236944",
        "SAMPLE_MUNICIPALITY": "Medford",
        "SAMPLE_STREET_NAME": "SALEM STREET",
        "SAMPLE_SEGMENT_ID": 391694,
        "SAMPLE_LAT": 42.4223059322961,
        "SAMPLE_LNG": -71.0930039827877
      }
    },
    {
      "type": "Feature",
      "geometry": {
        "type": "Point",
        "coordinates": [
          -71.093920522127,
          42.42213223464
        ]
      },
      "properties": {
        "PROVIDER": "mapillary",
        "IMAGE_ID": "1106014556550227",
        "SEQUENCE_ID": "29HE-Ccwwa-WXqJhPOSLlQ",
        "CAPTURED_AT": 1506972553100,
        "HEADING": 258.44370970225,
        "IMAGE_THUMB_URL": "https://scontent-bos5-1.xx.fbcdn.net/m1/v/t6/An_wG3iQh4oPiDYP1pHIT8g583k7pQgnKwWM01s81bBcPV8an6zKawbhxRqxkGEneV25ZTnjjR1n37mvTu5KLOpLq7ugraNsJnkY5buSokqtyINUf9bLslFeOhThckm4gzVagGajxdL8GDWitJQAHw?stp=s256x144&edm=AOnQwmMEAAAA&_nc_gid=iCt71ZK3-XI-1HCmRD9bEQ&_nc_oc=Adrg8D5Avv0Uoeu0vbogDx6ji2EiBTwjxGwANoLiUNkhp0LsumVC-ELv5-60-ekYFuY&ccb=10-5&oh=00_Af4VFblknN5qLS4XOAm_qLQx2DxRkSA-J8XAbcJwMPOvCw&oe=6A393A1A&_nc_sid=201bca",
        "IMAGE_PREVIEW_URL": "https://scontent-bos5-1.xx.fbcdn.net/m1/v/t6/An_wG3iQh4oPiDYP1pHIT8g583k7pQgnKwWM01s81bBcPV8an6zKawbhxRqxkGEneV25ZTnjjR1n37mvTu5KLOpLq7ugraNsJnkY5buSokqtyINUf9bLslFeOhThckm4gzVagGajxdL8GDWitJQAHw?stp=s1024x576&edm=AOnQwmMEAAAA&_nc_gid=iCt71ZK3-XI-1HCmRD9bEQ&_nc_oc=Adrg8D5Avv0Uoeu0vbogDx6ji2EiBTwjxGwANoLiUNkhp0LsumVC-ELv5-60-ekYFuY&ccb=10-5&oh=00_Af59pIJDGashewNbk3ViqlFOc4PIK3sPqP81L_LLQ8N91A&oe=6A393A1A&_nc_sid=201bca",
        "IMAGE_ORIGINAL_URL": "https://scontent-bos5-1.xx.fbcdn.net/m1/v/t6/An_wG3iQh4oPiDYP1pHIT8g583k7pQgnKwWM01s81bBcPV8an6zKawbhxRqxkGEneV25ZTnjjR1n37mvTu5KLOpLq7ugraNsJnkY5buSokqtyINUf9bLslFeOhThckm4gzVagGajxdL8GDWitJQAHw?edm=AOnQwmMEAAAA&_nc_gid=iCt71ZK3-XI-1HCmRD9bEQ&_nc_oc=Adrg8D5Avv0Uoeu0vbogDx6ji2EiBTwjxGwANoLiUNkhp0LsumVC-ELv5-60-ekYFuY&ccb=10-5&oh=00_Af4UZcJohe2ZDyd738h5GDSAhiGTXVS-OePP6YZd0HItMQ&oe=6A393A1A&_nc_sid=201bca",
        "SOURCE_URL": "https://www.mapillary.com/app/?pKey=1106014556550227",
        "SAMPLE_MUNICIPALITY": "Medford",
        "SAMPLE_STREET_NAME": "SALEM STREET",
        "SAMPLE_SEGMENT_ID": 391695,
        "SAMPLE_LAT": 42.4221387206014,
        "SAMPLE_LNG": -71.0939332864899
      }
    },
    {
      "type": "Feature",
      "geometry": {
        "type": "Point",
        "coordinates": [
          -71.094209928494,
          42.42208737556
        ]
      },
      "properties": {
        "PROVIDER": "mapillary",
        "IMAGE_ID": "211997940499392",
        "SEQUENCE_ID": "29HE-Ccwwa-WXqJhPOSLlQ",
        "CAPTURED_AT": 1506972556200,
        "HEADING": 253.9216761842,
        "IMAGE_THUMB_URL": "https://scontent-bos5-1.xx.fbcdn.net/m1/v/t6/An8VA1Q54tMDmlAqk2Ly7XMReKYvMmAM4C-7qwtrROgbN52SwOHmTvHozgKwc_1Y7xre-4mlM6YQL3MwjSZIXJX9X5XVas4gkl-LXSuLa-WneovSWxJc9GFjv1ttbcO9ty6T-03Vy2ZwsTw1_o103A?stp=s256x144&edm=AOnQwmMEAAAA&_nc_gid=iCt71ZK3-XI-1HCmRD9bEQ&_nc_oc=AdpHKqR4toSmdFzNCkIHLKgKgNy7hjDU9F1NNuEGhzxeP8ghNt3a9pE6QX-U_RQo9C4&ccb=10-5&oh=00_Af77pqWoSP8n_5SIxY1die0TLNNG5SSRxser5XY3SPloWg&oe=6A39449B&_nc_sid=201bca",
        "IMAGE_PREVIEW_URL": "https://scontent-bos5-1.xx.fbcdn.net/m1/v/t6/An8VA1Q54tMDmlAqk2Ly7XMReKYvMmAM4C-7qwtrROgbN52SwOHmTvHozgKwc_1Y7xre-4mlM6YQL3MwjSZIXJX9X5XVas4gkl-LXSuLa-WneovSWxJc9GFjv1ttbcO9ty6T-03Vy2ZwsTw1_o103A?stp=s1024x576&edm=AOnQwmMEAAAA&_nc_gid=iCt71ZK3-XI-1HCmRD9bEQ&_nc_oc=AdpHKqR4toSmdFzNCkIHLKgKgNy7hjDU9F1NNuEGhzxeP8ghNt3a9pE6QX-U_RQo9C4&ccb=10-5&oh=00_Af4Dffsc-Qe2mS0RyOa-18yL5TCvvFfFcAhZN0FnLlC1zg&oe=6A39449B&_nc_sid=201bca",
        "IMAGE_ORIGINAL_URL": "https://scontent-bos5-1.xx.fbcdn.net/m1/v/t6/An8VA1Q54tMDmlAqk2Ly7XMReKYvMmAM4C-7qwtrROgbN52SwOHmTvHozgKwc_1Y7xre-4mlM6YQL3MwjSZIXJX9X5XVas4gkl-LXSuLa-WneovSWxJc9GFjv1ttbcO9ty6T-03Vy2ZwsTw1_o103A?edm=AOnQwmMEAAAA&_nc_gid=iCt71ZK3-XI-1HCmRD9bEQ&_nc_oc=AdpHKqR4toSmdFzNCkIHLKgKgNy7hjDU9F1NNuEGhzxeP8ghNt3a9pE6QX-U_RQo9C4&ccb=10-5&oh=00_Af7CY6cW_LktJCO7E0zGw5mdMnFbAXd4midCZHVdgrhaZQ&oe=6A39449B&_nc_sid=201bca",
        "SOURCE_URL": "https://www.mapillary.com/app/?pKey=211997940499392",
        "SAMPLE_MUNICIPALITY": "Medford",
        "SAMPLE_STREET_NAME": "SALEM STREET",
        "SAMPLE_SEGMENT_ID": 391695,
        "SAMPLE_LAT": 42.4221387206014,
        "SAMPLE_LNG": -71.0939332864899
      }
    },
    {
      "type": "Feature",
      "geometry": {
        "type": "Point",
        "coordinates": [
          -71.093775438121,
          42.422157544856
        ]
      },
      "properties": {
        "PROVIDER": "mapillary",
        "IMAGE_ID": "310387333766271",
        "SEQUENCE_ID": "UM0vPsdnanG-AQZFGcqOng",
        "CAPTURED_AT": 1506972551300,
        "HEADING": 255.87881570362,
        "IMAGE_THUMB_URL": "https://scontent-bos5-1.xx.fbcdn.net/m1/v/t6/An_OnVhoSxwUaLogrVT5KpAMBLXh_8Ir_bPr6WRFy1SLWilSz-VU8cBc3jVwOVIu6U0cF68am_11THoZxIiydLc6vmCa37TAN5wVj7eS9NmVtAsWd_A_CHfKw6H5sxTG48v-xJLpRyEPj44LKY_v4A?stp=s256x144&edm=AOnQwmMEAAAA&_nc_gid=iCt71ZK3-XI-1HCmRD9bEQ&_nc_oc=Adomo-hdA6Yo8MFsKIWsWpoe0RvieWem48sCA6PjzTdhLtJ_6kh-puDod5yejyNtAEY&ccb=10-5&oh=00_Af53gimzCZr3ImNF17Q4CptfHAnls8OTwKsMBi1SK_q20Q&oe=6A395978&_nc_sid=201bca",
        "IMAGE_PREVIEW_URL": "https://scontent-bos5-1.xx.fbcdn.net/m1/v/t6/An_OnVhoSxwUaLogrVT5KpAMBLXh_8Ir_bPr6WRFy1SLWilSz-VU8cBc3jVwOVIu6U0cF68am_11THoZxIiydLc6vmCa37TAN5wVj7eS9NmVtAsWd_A_CHfKw6H5sxTG48v-xJLpRyEPj44LKY_v4A?stp=s1024x576&edm=AOnQwmMEAAAA&_nc_gid=iCt71ZK3-XI-1HCmRD9bEQ&_nc_oc=Adomo-hdA6Yo8MFsKIWsWpoe0RvieWem48sCA6PjzTdhLtJ_6kh-puDod5yejyNtAEY&ccb=10-5&oh=00_Af6e6s0OzpDnDNBQvZSv7ctEoqXq3OFr00x-lcDSaC2DIQ&oe=6A395978&_nc_sid=201bca",
        "IMAGE_ORIGINAL_URL": "https://scontent-bos5-1.xx.fbcdn.net/m1/v/t6/An_OnVhoSxwUaLogrVT5KpAMBLXh_8Ir_bPr6WRFy1SLWilSz-VU8cBc3jVwOVIu6U0cF68am_11THoZxIiydLc6vmCa37TAN5wVj7eS9NmVtAsWd_A_CHfKw6H5sxTG48v-xJLpRyEPj44LKY_v4A?edm=AOnQwmMEAAAA&_nc_gid=iCt71ZK3-XI-1HCmRD9bEQ&_nc_oc=Adomo-hdA6Yo8MFsKIWsWpoe0RvieWem48sCA6PjzTdhLtJ_6kh-puDod5yejyNtAEY&ccb=10-5&oh=00_Af6QHl8l8Ph1F8UbcqVlZaeNGhgP8qvBLCaSPqR3yGzaag&oe=6A395978&_nc_sid=201bca",
        "SOURCE_URL": "https://www.mapillary.com/app/?pKey=310387333766271",
        "SAMPLE_MUNICIPALITY": "Medford",
        "SAMPLE_STREET_NAME": "SALEM STREET",
        "SAMPLE_SEGMENT_ID": 391695,
        "SAMPLE_LAT": 42.4221387206014,
        "SAMPLE_LNG": -71.0939332864899
      }
    },
    {
      "type": "Feature",
      "geometry": {
        "type": "Point",
        "coordinates": [
          -71.093695181416,
          42.422171846932
        ]
      },
      "properties": {
        "PROVIDER": "mapillary",
        "IMAGE_ID": "285899466346899",
        "SEQUENCE_ID": "UM0vPsdnanG-AQZFGcqOng",
        "CAPTURED_AT": 1506972550400,
        "HEADING": 258.51381286942,
        "IMAGE_THUMB_URL": "https://scontent-bos5-1.xx.fbcdn.net/m1/v/t6/An-V4bQDTL5Svosi7-HXCjwO5naQutEFwBPSGJtgUDGwJT3zWoegQVRev9RFep_ULIvX2rwim2y6jqM0WJtEey-3yNT3RxPbFqJQXb1_M4AT3g7y3lQbMGAD2Gfn-U4mslu6gz8FV7OzEyQNYLn2Dw?stp=s256x144&edm=AOnQwmMEAAAA&_nc_gid=iCt71ZK3-XI-1HCmRD9bEQ&_nc_oc=AdpW30Hv4uHjUaFiNdoU7PrKwAlQt9wTL6dRN2uy8SzP92gZHEDRhheQnt6uKvJK7dE&ccb=10-5&oh=00_Af6hKcBGr4Lm5ULP1wqgjrARjX9GMuxTHgCEe_WpU0RJ1A&oe=6A395017&_nc_sid=201bca",
        "IMAGE_PREVIEW_URL": "https://scontent-bos5-1.xx.fbcdn.net/m1/v/t6/An-V4bQDTL5Svosi7-HXCjwO5naQutEFwBPSGJtgUDGwJT3zWoegQVRev9RFep_ULIvX2rwim2y6jqM0WJtEey-3yNT3RxPbFqJQXb1_M4AT3g7y3lQbMGAD2Gfn-U4mslu6gz8FV7OzEyQNYLn2Dw?stp=s1024x576&edm=AOnQwmMEAAAA&_nc_gid=iCt71ZK3-XI-1HCmRD9bEQ&_nc_oc=AdpW30Hv4uHjUaFiNdoU7PrKwAlQt9wTL6dRN2uy8SzP92gZHEDRhheQnt6uKvJK7dE&ccb=10-5&oh=00_Af5-9_osrweXNsZ0Zs0hT1dRIdCz8kKLyd-71fDSLiuAFQ&oe=6A395017&_nc_sid=201bca",
        "IMAGE_ORIGINAL_URL": "https://scontent-bos5-1.xx.fbcdn.net/m1/v/t6/An-V4bQDTL5Svosi7-HXCjwO5naQutEFwBPSGJtgUDGwJT3zWoegQVRev9RFep_ULIvX2rwim2y6jqM0WJtEey-3yNT3RxPbFqJQXb1_M4AT3g7y3lQbMGAD2Gfn-U4mslu6gz8FV7OzEyQNYLn2Dw?edm=AOnQwmMEAAAA&_nc_gid=iCt71ZK3-XI-1HCmRD9bEQ&_nc_oc=AdpW30Hv4uHjUaFiNdoU7PrKwAlQt9wTL6dRN2uy8SzP92gZHEDRhheQnt6uKvJK7dE&ccb=10-5&oh=00_Af7cioHoFXF9Jb3EagLPqschqu57km54phtcbw8cN-u6Wg&oe=6A395017&_nc_sid=201bca",
        "SOURCE_URL": "https://www.mapillary.com/app/?pKey=285899466346899",
        "SAMPLE_MUNICIPALITY": "Medford",
        "SAMPLE_STREET_NAME": "SALEM STREET",
        "SAMPLE_SEGMENT_ID": 391695,
        "SAMPLE_LAT": 42.4221387206014,
        "SAMPLE_LNG": -71.0939332864899
      }
    },
    {
      "type": "Feature",
      "geometry": {
        "type": "Point",
        "coordinates": [
          -71.094180122745,
          42.422092021402
        ]
      },
      "properties": {
        "PROVIDER": "mapillary",
        "IMAGE_ID": "875931739654041",
        "SEQUENCE_ID": "29HE-Ccwwa-WXqJhPOSLlQ",
        "CAPTURED_AT": 1506972555900,
        "HEADING": 257.56359768194,
        "IMAGE_THUMB_URL": "https://scontent-bos5-1.xx.fbcdn.net/m1/v/t6/An9T7n-y2K4ajl8c9FoeHhNe8ELV0wwpvfXTZSC5XOs-IBUg5eLSA7s7zwtr_bcflG1HUHP2U-a9C4frR-tGkWKX134LsMFl2MBDEXQnyx0SYkbA4vBSyM0_-rFAlL6ze2cn8ZyhziGgcgMrciCPIw?stp=s256x144&edm=AOnQwmMEAAAA&_nc_gid=iCt71ZK3-XI-1HCmRD9bEQ&_nc_oc=AdoOYylytpZwONIJA8ROyK1DvPbghgD8W6Tn7PgYrTKumlyS0-VDdT0BJF9W5IggvWA&ccb=10-5&oh=00_Af75uC6GiW-uQQ0G7kXgZVbyCv_kZbE0Jn4GTSypchtfKQ&oe=6A393309&_nc_sid=201bca",
        "IMAGE_PREVIEW_URL": "https://scontent-bos5-1.xx.fbcdn.net/m1/v/t6/An9T7n-y2K4ajl8c9FoeHhNe8ELV0wwpvfXTZSC5XOs-IBUg5eLSA7s7zwtr_bcflG1HUHP2U-a9C4frR-tGkWKX134LsMFl2MBDEXQnyx0SYkbA4vBSyM0_-rFAlL6ze2cn8ZyhziGgcgMrciCPIw?stp=s1024x576&edm=AOnQwmMEAAAA&_nc_gid=iCt71ZK3-XI-1HCmRD9bEQ&_nc_oc=AdoOYylytpZwONIJA8ROyK1DvPbghgD8W6Tn7PgYrTKumlyS0-VDdT0BJF9W5IggvWA&ccb=10-5&oh=00_Af7qbjvKvP7ocjUCuQ5q3Jc-OBsUR4zEebBXOAit7unQFg&oe=6A393309&_nc_sid=201bca",
        "IMAGE_ORIGINAL_URL": "https://scontent-bos5-1.xx.fbcdn.net/m1/v/t6/An9T7n-y2K4ajl8c9FoeHhNe8ELV0wwpvfXTZSC5XOs-IBUg5eLSA7s7zwtr_bcflG1HUHP2U-a9C4frR-tGkWKX134LsMFl2MBDEXQnyx0SYkbA4vBSyM0_-rFAlL6ze2cn8ZyhziGgcgMrciCPIw?edm=AOnQwmMEAAAA&_nc_gid=iCt71ZK3-XI-1HCmRD9bEQ&_nc_oc=AdoOYylytpZwONIJA8ROyK1DvPbghgD8W6Tn7PgYrTKumlyS0-VDdT0BJF9W5IggvWA&ccb=10-5&oh=00_Af6B7lpIV-xTufHHP72-zsjexnuWVFbLltJJdoExB9BHyA&oe=6A393309&_nc_sid=201bca",
        "SOURCE_URL": "https://www.mapillary.com/app/?pKey=875931739654041",
        "SAMPLE_MUNICIPALITY": "Medford",
        "SAMPLE_STREET_NAME": "SALEM STREET",
        "SAMPLE_SEGMENT_ID": 391695,
        "SAMPLE_LAT": 42.4221387206014,
        "SAMPLE_LNG": -71.0939332864899
      }
    },
    {
      "type": "Feature",
      "geometry": {
        "type": "Point",
        "coordinates": [
          -71.094240762227,
          42.422082573252
        ]
      },
      "properties": {
        "PROVIDER": "mapillary",
        "IMAGE_ID": "293177842219219",
        "SEQUENCE_ID": "29HE-Ccwwa-WXqJhPOSLlQ",
        "CAPTURED_AT": 1506972556500,
        "HEADING": 253.92167731284,
        "IMAGE_THUMB_URL": "https://scontent-bos5-1.xx.fbcdn.net/m1/v/t6/An-s2ycjhZ0IoSGOzpaVn87frPa2ldM7hDsvtnsmF30wkJV6Osz2X4cNwjJWsoN5qr8OIdd5IoF8vV8GyEuwcN-x1Ssa1jbUfl4tNjPlgPFK1M8uAoTX-04FGzQ89gavTIAGU6YHWdmPhlc0X1pi9P8?stp=s256x144&edm=AOnQwmMEAAAA&_nc_gid=iCt71ZK3-XI-1HCmRD9bEQ&_nc_oc=AdrVMOiJtzy8HhwGmAdESn2PSAPf15ub59fer61BYNlV3PhnvpZGYYsn_OxBOAkLfe8&ccb=10-5&oh=00_Af6dh7pumtcrvfOET9h_1XWLWpM5vuoLyFJpKTzB3I5bhA&oe=6A393ED1&_nc_sid=201bca",
        "IMAGE_PREVIEW_URL": "https://scontent-bos5-1.xx.fbcdn.net/m1/v/t6/An-s2ycjhZ0IoSGOzpaVn87frPa2ldM7hDsvtnsmF30wkJV6Osz2X4cNwjJWsoN5qr8OIdd5IoF8vV8GyEuwcN-x1Ssa1jbUfl4tNjPlgPFK1M8uAoTX-04FGzQ89gavTIAGU6YHWdmPhlc0X1pi9P8?stp=s1024x576&edm=AOnQwmMEAAAA&_nc_gid=iCt71ZK3-XI-1HCmRD9bEQ&_nc_oc=AdrVMOiJtzy8HhwGmAdESn2PSAPf15ub59fer61BYNlV3PhnvpZGYYsn_OxBOAkLfe8&ccb=10-5&oh=00_Af5Xf7hyhskUcBlrB1ON44IyTBj_07xDPhSPzfrgXnTb-g&oe=6A393ED1&_nc_sid=201bca",
        "IMAGE_ORIGINAL_URL": "https://scontent-bos5-1.xx.fbcdn.net/m1/v/t6/An-s2ycjhZ0IoSGOzpaVn87frPa2ldM7hDsvtnsmF30wkJV6Osz2X4cNwjJWsoN5qr8OIdd5IoF8vV8GyEuwcN-x1Ssa1jbUfl4tNjPlgPFK1M8uAoTX-04FGzQ89gavTIAGU6YHWdmPhlc0X1pi9P8?edm=AOnQwmMEAAAA&_nc_gid=iCt71ZK3-XI-1HCmRD9bEQ&_nc_oc=AdrVMOiJtzy8HhwGmAdESn2PSAPf15ub59fer61BYNlV3PhnvpZGYYsn_OxBOAkLfe8&ccb=10-5&oh=00_Af7KE6hO-KiAfMgKqsI4NxycuXJTAa-9fV2WjuijltwtbA&oe=6A393ED1&_nc_sid=201bca",
        "SOURCE_URL": "https://www.mapillary.com/app/?pKey=293177842219219",
        "SAMPLE_MUNICIPALITY": "Medford",
        "SAMPLE_STREET_NAME": "SALEM STREET",
        "SAMPLE_SEGMENT_ID": 391695,
        "SAMPLE_LAT": 42.4221387206014,
        "SAMPLE_LNG": -71.0939332864899
      }
    },
    {
      "type": "Feature",
      "geometry": {
        "type": "Point",
        "coordinates": [
          -71.093989539489,
          42.422121581925
        ]
      },
      "properties": {
        "PROVIDER": "mapillary",
        "IMAGE_ID": "168239118555303",
        "SEQUENCE_ID": "29HE-Ccwwa-WXqJhPOSLlQ",
        "CAPTURED_AT": 1506972553900,
        "HEADING": 258.44367626968,
        "IMAGE_THUMB_URL": "https://scontent-bos5-1.xx.fbcdn.net/m1/v/t6/An8ik4FS2ZRh72VEGF8dIEijREiyu5gh_-Yakb2T01xJVQIzwJh3r6CATkLAWfkcQoYWzqis4sxpvz_LWHRO64M-5xhF_2VZiOneWZCS69j5gU0DwR9piXrrjifxSuWMnv-M5Wy_meBVvSMspEigIg?stp=s256x144&edm=AOnQwmMEAAAA&_nc_gid=iCt71ZK3-XI-1HCmRD9bEQ&_nc_oc=AdpWjM6x1_WPaiMSDg6Eo4_NaoRCwjDJ7604aTXjHHtyj8wU5Pqhaxi3L8AhbRKqwMg&ccb=10-5&oh=00_Af7ab1EJgj23QyPglDTpHU9mD_NQm81hDXYxYxvJ8drXOg&oe=6A394DFB&_nc_sid=201bca",
        "IMAGE_PREVIEW_URL": "https://scontent-bos5-1.xx.fbcdn.net/m1/v/t6/An8ik4FS2ZRh72VEGF8dIEijREiyu5gh_-Yakb2T01xJVQIzwJh3r6CATkLAWfkcQoYWzqis4sxpvz_LWHRO64M-5xhF_2VZiOneWZCS69j5gU0DwR9piXrrjifxSuWMnv-M5Wy_meBVvSMspEigIg?stp=s1024x576&edm=AOnQwmMEAAAA&_nc_gid=iCt71ZK3-XI-1HCmRD9bEQ&_nc_oc=AdpWjM6x1_WPaiMSDg6Eo4_NaoRCwjDJ7604aTXjHHtyj8wU5Pqhaxi3L8AhbRKqwMg&ccb=10-5&oh=00_Af5f-hitwIKMElUStCBZMIAdYW-nFSPz0UhR7kHDYzIE7g&oe=6A394DFB&_nc_sid=201bca",
        "IMAGE_ORIGINAL_URL": "https://scontent-bos5-1.xx.fbcdn.net/m1/v/t6/An8ik4FS2ZRh72VEGF8dIEijREiyu5gh_-Yakb2T01xJVQIzwJh3r6CATkLAWfkcQoYWzqis4sxpvz_LWHRO64M-5xhF_2VZiOneWZCS69j5gU0DwR9piXrrjifxSuWMnv-M5Wy_meBVvSMspEigIg?edm=AOnQwmMEAAAA&_nc_gid=iCt71ZK3-XI-1HCmRD9bEQ&_nc_oc=AdpWjM6x1_WPaiMSDg6Eo4_NaoRCwjDJ7604aTXjHHtyj8wU5Pqhaxi3L8AhbRKqwMg&ccb=10-5&oh=00_Af7PaXqGRMqWuwAXCxMVriUekWwg_M0fXzcK2ha8AMcTUA&oe=6A394DFB&_nc_sid=201bca",
        "SOURCE_URL": "https://www.mapillary.com/app/?pKey=168239118555303",
        "SAMPLE_MUNICIPALITY": "Medford",
        "SAMPLE_STREET_NAME": "SALEM STREET",
        "SAMPLE_SEGMENT_ID": 391695,
        "SAMPLE_LAT": 42.4221387206014,
        "SAMPLE_LNG": -71.0939332864899
      }
    },
    {
      "type": "Feature",
      "geometry": {
        "type": "Point",
        "coordinates": [
          -71.093713962279,
          42.422168558195
        ]
      },
      "properties": {
        "PROVIDER": "mapillary",
        "IMAGE_ID": "3001660306751546",
        "SEQUENCE_ID": "UM0vPsdnanG-AQZFGcqOng",
        "CAPTURED_AT": 1506972550600,
        "HEADING": 258.51394552474,
        "IMAGE_THUMB_URL": "https://scontent-bos5-1.xx.fbcdn.net/m1/v/t6/An_wqbedqK1PfONNqqHbit-qA_yHj2YxdXULYnMBcPyP5K44vl0sE_mSOtHwueqDXIgpwULhQEG38NsmXVYN55lEn3lzC4apfMp5jNQQwWox-AqlmcfzwU9myuBU1LEs4-fs_ERIiIFV0p-c1mNx8Q?stp=s256x144&edm=AOnQwmMEAAAA&_nc_gid=iCt71ZK3-XI-1HCmRD9bEQ&_nc_oc=Adp2joqlvGnXqlyzDv22YGAP20c63fnqbYLo4NKMyGzrN5HMzXS8rBiLgMQMK3SyLVk&ccb=10-5&oh=00_Af4f6Blx7RHRWEzzxI6naCsodYvRzMQsCbDvnj8NMFmOkA&oe=6A39454C&_nc_sid=201bca",
        "IMAGE_PREVIEW_URL": "https://scontent-bos5-1.xx.fbcdn.net/m1/v/t6/An_wqbedqK1PfONNqqHbit-qA_yHj2YxdXULYnMBcPyP5K44vl0sE_mSOtHwueqDXIgpwULhQEG38NsmXVYN55lEn3lzC4apfMp5jNQQwWox-AqlmcfzwU9myuBU1LEs4-fs_ERIiIFV0p-c1mNx8Q?stp=s1024x576&edm=AOnQwmMEAAAA&_nc_gid=iCt71ZK3-XI-1HCmRD9bEQ&_nc_oc=Adp2joqlvGnXqlyzDv22YGAP20c63fnqbYLo4NKMyGzrN5HMzXS8rBiLgMQMK3SyLVk&ccb=10-5&oh=00_Af7Ez6qc1lyb0xwxz66Lr9Xq-mtXHS0jhDsNOZArhC4CNQ&oe=6A39454C&_nc_sid=201bca",
        "IMAGE_ORIGINAL_URL": "https://scontent-bos5-1.xx.fbcdn.net/m1/v/t6/An_wqbedqK1PfONNqqHbit-qA_yHj2YxdXULYnMBcPyP5K44vl0sE_mSOtHwueqDXIgpwULhQEG38NsmXVYN55lEn3lzC4apfMp5jNQQwWox-AqlmcfzwU9myuBU1LEs4-fs_ERIiIFV0p-c1mNx8Q?edm=AOnQwmMEAAAA&_nc_gid=iCt71ZK3-XI-1HCmRD9bEQ&_nc_oc=Adp2joqlvGnXqlyzDv22YGAP20c63fnqbYLo4NKMyGzrN5HMzXS8rBiLgMQMK3SyLVk&ccb=10-5&oh=00_Af5QLuwi2QEmOK2pDUMJc_ujua_AcI3dGRDpOfayfQhuDA&oe=6A39454C&_nc_sid=201bca",
        "SOURCE_URL": "https://www.mapillary.com/app/?pKey=3001660306751546",
        "SAMPLE_MUNICIPALITY": "Medford",
        "SAMPLE_STREET_NAME": "SALEM STREET",
        "SAMPLE_SEGMENT_ID": 391695,
        "SAMPLE_LAT": 42.4221387206014,
        "SAMPLE_LNG": -71.0939332864899
      }
    },
    {
      "type": "Feature",
      "geometry": {
        "type": "Point",
        "coordinates": [
          -71.094262001919,
          42.422079280624
        ]
      },
      "properties": {
        "PROVIDER": "mapillary",
        "IMAGE_ID": "194281352540872",
        "SEQUENCE_ID": "29HE-Ccwwa-WXqJhPOSLlQ",
        "CAPTURED_AT": 1506972556700,
        "HEADING": 253.9219863996,
        "IMAGE_THUMB_URL": "https://scontent-bos5-1.xx.fbcdn.net/m1/v/t6/An_BIuX1nN9-cfk5fhgDgEXwKziwi_9mkwXhGLDqRjR5nhuQYsK9taDdUip8wv7jkHN2McY0eXLxyBBNJf4zh8N7-QFh25FjNAyJ-Ka5BpvfNfrippQhDqhFESytDEzf43fhkmAgtgHQDH_hASSSpQ?stp=s256x144&edm=AOnQwmMEAAAA&_nc_gid=iCt71ZK3-XI-1HCmRD9bEQ&_nc_oc=AdpG4w1cuP9KF_t2mf8tabYLAwrMopL2VmPcHcwxzhxfWcl2WOoDqjKLYFKLTct5Ncc&ccb=10-5&oh=00_Af7aG2RVUh-ISalyKkOMLmsH8QFwdsGD5QElce6rZ5rWOA&oe=6A3968AB&_nc_sid=201bca",
        "IMAGE_PREVIEW_URL": "https://scontent-bos5-1.xx.fbcdn.net/m1/v/t6/An_BIuX1nN9-cfk5fhgDgEXwKziwi_9mkwXhGLDqRjR5nhuQYsK9taDdUip8wv7jkHN2McY0eXLxyBBNJf4zh8N7-QFh25FjNAyJ-Ka5BpvfNfrippQhDqhFESytDEzf43fhkmAgtgHQDH_hASSSpQ?stp=s1024x576&edm=AOnQwmMEAAAA&_nc_gid=iCt71ZK3-XI-1HCmRD9bEQ&_nc_oc=AdpG4w1cuP9KF_t2mf8tabYLAwrMopL2VmPcHcwxzhxfWcl2WOoDqjKLYFKLTct5Ncc&ccb=10-5&oh=00_Af6bWg3GAzNHs1U4daPkELdYWBPWW6djDIJgYSaW1KTtYg&oe=6A3968AB&_nc_sid=201bca",
        "IMAGE_ORIGINAL_URL": "https://scontent-bos5-1.xx.fbcdn.net/m1/v/t6/An_BIuX1nN9-cfk5fhgDgEXwKziwi_9mkwXhGLDqRjR5nhuQYsK9taDdUip8wv7jkHN2McY0eXLxyBBNJf4zh8N7-QFh25FjNAyJ-Ka5BpvfNfrippQhDqhFESytDEzf43fhkmAgtgHQDH_hASSSpQ?edm=AOnQwmMEAAAA&_nc_gid=iCt71ZK3-XI-1HCmRD9bEQ&_nc_oc=AdpG4w1cuP9KF_t2mf8tabYLAwrMopL2VmPcHcwxzhxfWcl2WOoDqjKLYFKLTct5Ncc&ccb=10-5&oh=00_Af5lcPTTC0OBMJqKk3AUtAmCPyQLoHLSZL-ZNg2aSjjpeg&oe=6A3968AB&_nc_sid=201bca",
        "SOURCE_URL": "https://www.mapillary.com/app/?pKey=194281352540872",
        "SAMPLE_MUNICIPALITY": "Medford",
        "SAMPLE_STREET_NAME": "SALEM STREET",
        "SAMPLE_SEGMENT_ID": 391695,
        "SAMPLE_LAT": 42.4221387206014,
        "SAMPLE_LNG": -71.0939332864899
      }
    },
    {
      "type": "Feature",
      "geometry": {
        "type": "Point",
        "coordinates": [
          -71.094283815834,
          42.422075926114
        ]
      },
      "properties": {
        "PROVIDER": "mapillary",
        "IMAGE_ID": "208381014220831",
        "SEQUENCE_ID": "29HE-Ccwwa-WXqJhPOSLlQ",
        "CAPTURED_AT": 1506972556900,
        "HEADING": 253.92147888836,
        "IMAGE_THUMB_URL": "https://scontent-bos5-1.xx.fbcdn.net/m1/v/t6/An9GZeqZHJBhnAjo2T0EkOxCTTQSYB9B6r4RshqpPVVqeGCQKYLx_25MffDkiCOJLPHMH5ZuCcnYZ_Z2ARQAZJflL-3MZLvYXPXTWCFftA-cH6d0Pqb0rc_phhrAN1sy9efKu7xWOMuZJgmeaqZhkA?stp=s256x144&edm=AOnQwmMEAAAA&_nc_gid=iCt71ZK3-XI-1HCmRD9bEQ&_nc_oc=AdpG4gCDlV9UAb3ovZZ4IUeaakRQsy990etms4qJv3vr_reoHHvLDBXnMkraW9gvzUA&ccb=10-5&oh=00_Af5xiqgmndojM7bOCnI8DDDt3Lv32o-6o80fkOgp8m1sgA&oe=6A394B6A&_nc_sid=201bca",
        "IMAGE_PREVIEW_URL": "https://scontent-bos5-1.xx.fbcdn.net/m1/v/t6/An9GZeqZHJBhnAjo2T0EkOxCTTQSYB9B6r4RshqpPVVqeGCQKYLx_25MffDkiCOJLPHMH5ZuCcnYZ_Z2ARQAZJflL-3MZLvYXPXTWCFftA-cH6d0Pqb0rc_phhrAN1sy9efKu7xWOMuZJgmeaqZhkA?stp=s1024x576&edm=AOnQwmMEAAAA&_nc_gid=iCt71ZK3-XI-1HCmRD9bEQ&_nc_oc=AdpG4gCDlV9UAb3ovZZ4IUeaakRQsy990etms4qJv3vr_reoHHvLDBXnMkraW9gvzUA&ccb=10-5&oh=00_Af7zcFFsofpIzbevICxsQag2VEiB9RYbEg4NEImTk5Y_DA&oe=6A394B6A&_nc_sid=201bca",
        "IMAGE_ORIGINAL_URL": "https://scontent-bos5-1.xx.fbcdn.net/m1/v/t6/An9GZeqZHJBhnAjo2T0EkOxCTTQSYB9B6r4RshqpPVVqeGCQKYLx_25MffDkiCOJLPHMH5ZuCcnYZ_Z2ARQAZJflL-3MZLvYXPXTWCFftA-cH6d0Pqb0rc_phhrAN1sy9efKu7xWOMuZJgmeaqZhkA?edm=AOnQwmMEAAAA&_nc_gid=iCt71ZK3-XI-1HCmRD9bEQ&_nc_oc=AdpG4gCDlV9UAb3ovZZ4IUeaakRQsy990etms4qJv3vr_reoHHvLDBXnMkraW9gvzUA&ccb=10-5&oh=00_Af4g-8sRizj0v10bB-Ihl34sNP4OyRg-gCBLPNqaPAG0wA&oe=6A394B6A&_nc_sid=201bca",
        "SOURCE_URL": "https://www.mapillary.com/app/?pKey=208381014220831",
        "SAMPLE_MUNICIPALITY": "Medford",
        "SAMPLE_STREET_NAME": "SALEM STREET",
        "SAMPLE_SEGMENT_ID": 391695,
        "SAMPLE_LAT": 42.4221387206014,
        "SAMPLE_LNG": -71.0939332864899
      }
    },
    {
      "type": "Feature",
      "geometry": {
        "type": "Point",
        "coordinates": [
          -71.094083865755,
          42.422106941915
        ]
      },
      "properties": {
        "PROVIDER": "mapillary",
        "IMAGE_ID": "220377353183616",
        "SEQUENCE_ID": "29HE-Ccwwa-WXqJhPOSLlQ",
        "CAPTURED_AT": 1506972554900,
        "HEADING": 253.04855536608,
        "IMAGE_THUMB_URL": "https://scontent-bos5-1.xx.fbcdn.net/m1/v/t6/An-Z5KRNIDyNH1S6acuulAnrhzYH71Zicp7Ur6dUu3KUGh3mmJOalQL5_59r-du5fBbc-3r3jdbIqJ_FA65jzZczP_slK2oAoNCvkElTOockPoKe2Uvw_zBwv9r9a7rBifgZZO0_NyxuHOwVJtHU2w?stp=s256x144&edm=AOnQwmMEAAAA&_nc_gid=iCt71ZK3-XI-1HCmRD9bEQ&_nc_oc=AdqnxtnU6k3FTjBoSVt2FaIKu59Yo05i6p7bzgFLyrFtMwprzDp8s6j015aOAEq9p-U&ccb=10-5&oh=00_Af5_Xqqr8L3zx9jXNbm0jdrW0y_T5xM_qJ3ruRbFDy3ZFw&oe=6A3955A3&_nc_sid=201bca",
        "IMAGE_PREVIEW_URL": "https://scontent-bos5-1.xx.fbcdn.net/m1/v/t6/An-Z5KRNIDyNH1S6acuulAnrhzYH71Zicp7Ur6dUu3KUGh3mmJOalQL5_59r-du5fBbc-3r3jdbIqJ_FA65jzZczP_slK2oAoNCvkElTOockPoKe2Uvw_zBwv9r9a7rBifgZZO0_NyxuHOwVJtHU2w?stp=s1024x576&edm=AOnQwmMEAAAA&_nc_gid=iCt71ZK3-XI-1HCmRD9bEQ&_nc_oc=AdqnxtnU6k3FTjBoSVt2FaIKu59Yo05i6p7bzgFLyrFtMwprzDp8s6j015aOAEq9p-U&ccb=10-5&oh=00_Af7IOIbkATf14RH6dIu59XWY29qHf41_bgCgG28qukPUIw&oe=6A3955A3&_nc_sid=201bca",
        "IMAGE_ORIGINAL_URL": "https://scontent-bos5-1.xx.fbcdn.net/m1/v/t6/An-Z5KRNIDyNH1S6acuulAnrhzYH71Zicp7Ur6dUu3KUGh3mmJOalQL5_59r-du5fBbc-3r3jdbIqJ_FA65jzZczP_slK2oAoNCvkElTOockPoKe2Uvw_zBwv9r9a7rBifgZZO0_NyxuHOwVJtHU2w?edm=AOnQwmMEAAAA&_nc_gid=iCt71ZK3-XI-1HCmRD9bEQ&_nc_oc=AdqnxtnU6k3FTjBoSVt2FaIKu59Yo05i6p7bzgFLyrFtMwprzDp8s6j015aOAEq9p-U&ccb=10-5&oh=00_Af7zZ2uOWNcNf19CTSgopFDkFKPek0Ooly1RbgAHZ-7-Gw&oe=6A3955A3&_nc_sid=201bca",
        "SOURCE_URL": "https://www.mapillary.com/app/?pKey=220377353183616",
        "SAMPLE_MUNICIPALITY": "Medford",
        "SAMPLE_STREET_NAME": "SALEM STREET",
        "SAMPLE_SEGMENT_ID": 391695,
        "SAMPLE_LAT": 42.4221387206014,
        "SAMPLE_LNG": -71.0939332864899
      }
    },
    {
      "type": "Feature",
      "geometry": {
        "type": "Point",
        "coordinates": [
          -71.094415629864,
          42.422055362558
        ]
      },
      "properties": {
        "PROVIDER": "mapillary",
        "IMAGE_ID": "624052335220659",
        "SEQUENCE_ID": "29HE-Ccwwa-WXqJhPOSLlQ",
        "CAPTURED_AT": 1506972558000,
        "HEADING": 257.27755311261,
        "IMAGE_THUMB_URL": "https://scontent-bos5-1.xx.fbcdn.net/m1/v/t6/An9UchKCGI5_6MNzoS8Q8QGQdPuMG5rz0TqNdTEWb8uFEneJeFuVnxXX9yivQRY-vBon0cuvYDrBX_EEaqm7Oc0BBsxL73T4VsjEqbPvt5wnwotWLLBBvem8M7kKyNc9xo2J0X3JNCT473_jQlarXg?stp=s256x144&edm=AOnQwmMEAAAA&_nc_gid=iCt71ZK3-XI-1HCmRD9bEQ&_nc_oc=AdpSh83_DApTGLOufKTOyHRP3SwVu8k2r8XcFWUGUhyYWbNut45RwOo3FL_94ojsi08&ccb=10-5&oh=00_Af5CcLw_1X43fEZUXGfMYaIkzs-nV0TfRnV6ZTGpwFUWOQ&oe=6A39386D&_nc_sid=201bca",
        "IMAGE_PREVIEW_URL": "https://scontent-bos5-1.xx.fbcdn.net/m1/v/t6/An9UchKCGI5_6MNzoS8Q8QGQdPuMG5rz0TqNdTEWb8uFEneJeFuVnxXX9yivQRY-vBon0cuvYDrBX_EEaqm7Oc0BBsxL73T4VsjEqbPvt5wnwotWLLBBvem8M7kKyNc9xo2J0X3JNCT473_jQlarXg?stp=s1024x576&edm=AOnQwmMEAAAA&_nc_gid=iCt71ZK3-XI-1HCmRD9bEQ&_nc_oc=AdpSh83_DApTGLOufKTOyHRP3SwVu8k2r8XcFWUGUhyYWbNut45RwOo3FL_94ojsi08&ccb=10-5&oh=00_Af70x3QDN3_g5S5q4q3pTVvSDZFBk4mnA6i0h-96sXL0Gw&oe=6A39386D&_nc_sid=201bca",
        "IMAGE_ORIGINAL_URL": "https://scontent-bos5-1.xx.fbcdn.net/m1/v/t6/An9UchKCGI5_6MNzoS8Q8QGQdPuMG5rz0TqNdTEWb8uFEneJeFuVnxXX9yivQRY-vBon0cuvYDrBX_EEaqm7Oc0BBsxL73T4VsjEqbPvt5wnwotWLLBBvem8M7kKyNc9xo2J0X3JNCT473_jQlarXg?edm=AOnQwmMEAAAA&_nc_gid=iCt71ZK3-XI-1HCmRD9bEQ&_nc_oc=AdpSh83_DApTGLOufKTOyHRP3SwVu8k2r8XcFWUGUhyYWbNut45RwOo3FL_94ojsi08&ccb=10-5&oh=00_Af5i9yizyMRzj0K_shqhs8rX__isy1QqAoiTvbhyEhIDkQ&oe=6A39386D&_nc_sid=201bca",
        "SOURCE_URL": "https://www.mapillary.com/app/?pKey=624052335220659",
        "SAMPLE_MUNICIPALITY": "Medford",
        "SAMPLE_STREET_NAME": "SALEM STREET",
        "SAMPLE_SEGMENT_ID": 391695,
        "SAMPLE_LAT": 42.4221387206014,
        "SAMPLE_LNG": -71.0939332864899
      }
    },
    {
      "type": "Feature",
      "geometry": {
        "type": "Point",
        "coordinates": [
          -71.093880049739,
          42.422138893195
        ]
      },
      "properties": {
        "PROVIDER": "mapillary",
        "IMAGE_ID": "1110731366076983",
        "SEQUENCE_ID": "29HE-Ccwwa-WXqJhPOSLlQ",
        "CAPTURED_AT": 1506972552333,
        "HEADING": 255.82559709746,
        "IMAGE_THUMB_URL": "https://scontent-bos5-1.xx.fbcdn.net/m1/v/t6/An8-TQETAOakH8QJ1LNxjOVYTgfD5ex3zqikt0kriAWoM7Ty7emeUWMXtU9tF2QoYr1tQ5wOQnbwpC9vJM9DHp7WY3J1ub1Jwuc86LJULr9CIvNAS5Mf6F8DV8fGb-Bc7rXdW5UOLprwPX9grSoXew?stp=s256x144&edm=AOnQwmMEAAAA&_nc_gid=iCt71ZK3-XI-1HCmRD9bEQ&_nc_oc=AdqZ-P3dY8GcE1l7gb5lPXqCzslmjuGDdKvRT_xbgzTevKqGqGRjBUjuzJtMXy938bs&ccb=10-5&oh=00_Af48PNYCliVdBuO-PKp2xpMWYSD8akoDJ2MWl3rC_0ihOA&oe=6A39363A&_nc_sid=201bca",
        "IMAGE_PREVIEW_URL": "https://scontent-bos5-1.xx.fbcdn.net/m1/v/t6/An8-TQETAOakH8QJ1LNxjOVYTgfD5ex3zqikt0kriAWoM7Ty7emeUWMXtU9tF2QoYr1tQ5wOQnbwpC9vJM9DHp7WY3J1ub1Jwuc86LJULr9CIvNAS5Mf6F8DV8fGb-Bc7rXdW5UOLprwPX9grSoXew?stp=s1024x576&edm=AOnQwmMEAAAA&_nc_gid=iCt71ZK3-XI-1HCmRD9bEQ&_nc_oc=AdqZ-P3dY8GcE1l7gb5lPXqCzslmjuGDdKvRT_xbgzTevKqGqGRjBUjuzJtMXy938bs&ccb=10-5&oh=00_Af5dxFjNgYcBItoQ6jnlaTtSrnm0dr0qnEENqtOp-FJwHQ&oe=6A39363A&_nc_sid=201bca",
        "IMAGE_ORIGINAL_URL": "https://scontent-bos5-1.xx.fbcdn.net/m1/v/t6/An8-TQETAOakH8QJ1LNxjOVYTgfD5ex3zqikt0kriAWoM7Ty7emeUWMXtU9tF2QoYr1tQ5wOQnbwpC9vJM9DHp7WY3J1ub1Jwuc86LJULr9CIvNAS5Mf6F8DV8fGb-Bc7rXdW5UOLprwPX9grSoXew?edm=AOnQwmMEAAAA&_nc_gid=iCt71ZK3-XI-1HCmRD9bEQ&_nc_oc=AdqZ-P3dY8GcE1l7gb5lPXqCzslmjuGDdKvRT_xbgzTevKqGqGRjBUjuzJtMXy938bs&ccb=10-5&oh=00_Af5OksZIHk2EEw8EoIEABfCfJIDv7TUO7ZcfynmfK1dPxQ&oe=6A39363A&_nc_sid=201bca",
        "SOURCE_URL": "https://www.mapillary.com/app/?pKey=1110731366076983",
        "SAMPLE_MUNICIPALITY": "Medford",
        "SAMPLE_STREET_NAME": "SALEM STREET",
        "SAMPLE_SEGMENT_ID": 391695,
        "SAMPLE_LAT": 42.4221387206014,
        "SAMPLE_LNG": -71.0939332864899
      }
    },
    {
      "type": "Feature",
      "geometry": {
        "type": "Point",
        "coordinates": [
          -71.093749745432,
          42.422162099597
        ]
      },
      "properties": {
        "PROVIDER": "mapillary",
        "IMAGE_ID": "2967554580158823",
        "SEQUENCE_ID": "UM0vPsdnanG-AQZFGcqOng",
        "CAPTURED_AT": 1506972551000,
        "HEADING": 255.87864049059,
        "IMAGE_THUMB_URL": "https://scontent-bos5-1.xx.fbcdn.net/m1/v/t6/An8cG0wpjEZUnn-RMOUTfiZ4e98GXwTyknFSsXGJdSjCBhobJDGj58PkH3aGzfIQGaDT9Hkg9SJlv0S6r7--S0yMCqJa96_yEu-AMLjwq9ARHsZPshMF63X_2TeapRjNhhzknzcmR1ehxW-OKMh7Qg?stp=s256x144&edm=AOnQwmMEAAAA&_nc_gid=iCt71ZK3-XI-1HCmRD9bEQ&_nc_oc=Adpa0QgfxwmmXASaceiUqVeI6DIQwXkx04IknLXFJySnvIAo3z7Wjy7owrvtE2txkzs&ccb=10-5&oh=00_Af5usJTV_lTAumiwXTl_wWWIfy0H9nvro4m7vlfjut4xlw&oe=6A3949E6&_nc_sid=201bca",
        "IMAGE_PREVIEW_URL": "https://scontent-bos5-1.xx.fbcdn.net/m1/v/t6/An8cG0wpjEZUnn-RMOUTfiZ4e98GXwTyknFSsXGJdSjCBhobJDGj58PkH3aGzfIQGaDT9Hkg9SJlv0S6r7--S0yMCqJa96_yEu-AMLjwq9ARHsZPshMF63X_2TeapRjNhhzknzcmR1ehxW-OKMh7Qg?stp=s1024x576&edm=AOnQwmMEAAAA&_nc_gid=iCt71ZK3-XI-1HCmRD9bEQ&_nc_oc=Adpa0QgfxwmmXASaceiUqVeI6DIQwXkx04IknLXFJySnvIAo3z7Wjy7owrvtE2txkzs&ccb=10-5&oh=00_Af6D88jrpNsi59n2vq73bxp1v0nmTAyTWRoKgZS91jk8Sg&oe=6A3949E6&_nc_sid=201bca",
        "IMAGE_ORIGINAL_URL": "https://scontent-bos5-1.xx.fbcdn.net/m1/v/t6/An8cG0wpjEZUnn-RMOUTfiZ4e98GXwTyknFSsXGJdSjCBhobJDGj58PkH3aGzfIQGaDT9Hkg9SJlv0S6r7--S0yMCqJa96_yEu-AMLjwq9ARHsZPshMF63X_2TeapRjNhhzknzcmR1ehxW-OKMh7Qg?edm=AOnQwmMEAAAA&_nc_gid=iCt71ZK3-XI-1HCmRD9bEQ&_nc_oc=Adpa0QgfxwmmXASaceiUqVeI6DIQwXkx04IknLXFJySnvIAo3z7Wjy7owrvtE2txkzs&ccb=10-5&oh=00_Af45g5jYMETik4W5Mnls_V4fUkLbJB6ruEpHZE7JsSyuug&oe=6A3949E6&_nc_sid=201bca",
        "SOURCE_URL": "https://www.mapillary.com/app/?pKey=2967554580158823",
        "SAMPLE_MUNICIPALITY": "Medford",
        "SAMPLE_STREET_NAME": "SALEM STREET",
        "SAMPLE_SEGMENT_ID": 391695,
        "SAMPLE_LAT": 42.4221387206014,
        "SAMPLE_LNG": -71.0939332864899
      }
    },
    {
      "type": "Feature",
      "geometry": {
        "type": "Point",
        "coordinates": [
          -71.093904219938,
          42.422134897406
        ]
      },
      "properties": {
        "PROVIDER": "mapillary",
        "IMAGE_ID": "2924190624525541",
        "SEQUENCE_ID": "29HE-Ccwwa-WXqJhPOSLlQ",
        "CAPTURED_AT": 1506972552833,
        "HEADING": 255.82563682245,
        "IMAGE_THUMB_URL": "https://scontent-bos5-1.xx.fbcdn.net/m1/v/t6/An9xOi2tjyULcImANdoQ-HmUjzibZYAmJh9ESCiaoWHqi-GSNvyfczxk_b3OfBJZsgbkZm8-DlNAjtOi44fqkgbpHsZ86BneSipSRRTtexSlel7cVRxj56aCKI3gct6We2E1hR7iL9MU7UJisij9eQ?stp=s256x144&edm=AOnQwmMEAAAA&_nc_gid=iCt71ZK3-XI-1HCmRD9bEQ&_nc_oc=Adrd3jptNqEsdPlVgaAWSQaKN3B7F8MkO9hUB5zP1pVeqsjAttkWj8KM2F4NclurXog&ccb=10-5&oh=00_Af6utQbjWnd0DimLQe6y-U3tiqlbYc05rsTl0za9Bsicow&oe=6A39438B&_nc_sid=201bca",
        "IMAGE_PREVIEW_URL": "https://scontent-bos5-1.xx.fbcdn.net/m1/v/t6/An9xOi2tjyULcImANdoQ-HmUjzibZYAmJh9ESCiaoWHqi-GSNvyfczxk_b3OfBJZsgbkZm8-DlNAjtOi44fqkgbpHsZ86BneSipSRRTtexSlel7cVRxj56aCKI3gct6We2E1hR7iL9MU7UJisij9eQ?stp=s1024x576&edm=AOnQwmMEAAAA&_nc_gid=iCt71ZK3-XI-1HCmRD9bEQ&_nc_oc=Adrd3jptNqEsdPlVgaAWSQaKN3B7F8MkO9hUB5zP1pVeqsjAttkWj8KM2F4NclurXog&ccb=10-5&oh=00_Af7yBZirREmEhcTOBoWBLRdXzkyc9UjTyHK0NYX-Hujzmg&oe=6A39438B&_nc_sid=201bca",
        "IMAGE_ORIGINAL_URL": "https://scontent-bos5-1.xx.fbcdn.net/m1/v/t6/An9xOi2tjyULcImANdoQ-HmUjzibZYAmJh9ESCiaoWHqi-GSNvyfczxk_b3OfBJZsgbkZm8-DlNAjtOi44fqkgbpHsZ86BneSipSRRTtexSlel7cVRxj56aCKI3gct6We2E1hR7iL9MU7UJisij9eQ?edm=AOnQwmMEAAAA&_nc_gid=iCt71ZK3-XI-1HCmRD9bEQ&_nc_oc=Adrd3jptNqEsdPlVgaAWSQaKN3B7F8MkO9hUB5zP1pVeqsjAttkWj8KM2F4NclurXog&ccb=10-5&oh=00_Af40xc53uAl8PcQpQFKsmJ6jGco4Qrvm18L2UJzXBGceag&oe=6A39438B&_nc_sid=201bca",
        "SOURCE_URL": "https://www.mapillary.com/app/?pKey=2924190624525541",
        "SAMPLE_MUNICIPALITY": "Medford",
        "SAMPLE_STREET_NAME": "SALEM STREET",
        "SAMPLE_SEGMENT_ID": 391695,
        "SAMPLE_LAT": 42.4221387206014,
        "SAMPLE_LNG": -71.0939332864899
      }
    },
    {
      "type": "Feature",
      "geometry": {
        "type": "Point",
        "coordinates": [
          -71.09362383828,
          42.422184496985
        ]
      },
      "properties": {
        "PROVIDER": "mapillary",
        "IMAGE_ID": "384350896023866",
        "SEQUENCE_ID": "UM0vPsdnanG-AQZFGcqOng",
        "CAPTURED_AT": 1506972549700,
        "HEADING": 256.82242997399,
        "IMAGE_THUMB_URL": "https://scontent-bos5-1.xx.fbcdn.net/m1/v/t6/An_Fdic4TpmlMJVqSw94Ltq1EQtUW3V-E6vooAyOVQTwEqhG76LXWaRLaR4nMt3FhVfr7950WY3Wa8cx8R8V2MQH8Ye5Bpx3VM2YLR9eOveZ7txAoV81r1j13prIZb76l5kHKF9V1vqdeA_JHIVgZg?stp=s256x144&edm=AOnQwmMEAAAA&_nc_gid=iCt71ZK3-XI-1HCmRD9bEQ&_nc_oc=AdpZiTcAV5LINV7mME49mrJVcA0Qtl9UJ0S4tLwSd-9H5KGlo8pS2XoQEg4qVMA9_SY&ccb=10-5&oh=00_Af4HZWYM7ixNBMt8sQc-UbY1TIxq2vaY_9adDfvj-RnD-w&oe=6A3954C7&_nc_sid=201bca",
        "IMAGE_PREVIEW_URL": "https://scontent-bos5-1.xx.fbcdn.net/m1/v/t6/An_Fdic4TpmlMJVqSw94Ltq1EQtUW3V-E6vooAyOVQTwEqhG76LXWaRLaR4nMt3FhVfr7950WY3Wa8cx8R8V2MQH8Ye5Bpx3VM2YLR9eOveZ7txAoV81r1j13prIZb76l5kHKF9V1vqdeA_JHIVgZg?stp=s1024x576&edm=AOnQwmMEAAAA&_nc_gid=iCt71ZK3-XI-1HCmRD9bEQ&_nc_oc=AdpZiTcAV5LINV7mME49mrJVcA0Qtl9UJ0S4tLwSd-9H5KGlo8pS2XoQEg4qVMA9_SY&ccb=10-5&oh=00_Af75FN4tYgDNIv54GT8CkchwJ1j5mJB5RCQaZb__aPuhsw&oe=6A3954C7&_nc_sid=201bca",
        "IMAGE_ORIGINAL_URL": "https://scontent-bos5-1.xx.fbcdn.net/m1/v/t6/An_Fdic4TpmlMJVqSw94Ltq1EQtUW3V-E6vooAyOVQTwEqhG76LXWaRLaR4nMt3FhVfr7950WY3Wa8cx8R8V2MQH8Ye5Bpx3VM2YLR9eOveZ7txAoV81r1j13prIZb76l5kHKF9V1vqdeA_JHIVgZg?edm=AOnQwmMEAAAA&_nc_gid=iCt71ZK3-XI-1HCmRD9bEQ&_nc_oc=AdpZiTcAV5LINV7mME49mrJVcA0Qtl9UJ0S4tLwSd-9H5KGlo8pS2XoQEg4qVMA9_SY&ccb=10-5&oh=00_Af4IKrLA2pjFStiONSsQfQWZsins2x3kkO2kDyw1nuUNEg&oe=6A3954C7&_nc_sid=201bca",
        "SOURCE_URL": "https://www.mapillary.com/app/?pKey=384350896023866",
        "SAMPLE_MUNICIPALITY": "Medford",
        "SAMPLE_STREET_NAME": "SALEM STREET",
        "SAMPLE_SEGMENT_ID": 391695,
        "SAMPLE_LAT": 42.4221387206014,
        "SAMPLE_LNG": -71.0939332864899
      }
    },
    {
      "type": "Feature",
      "geometry": {
        "type": "Point",
        "coordinates": [
          -71.09376693852,
          42.422159030712
        ]
      },
      "properties": {
        "PROVIDER": "mapillary",
        "IMAGE_ID": "302971451205483",
        "SEQUENCE_ID": "UM0vPsdnanG-AQZFGcqOng",
        "CAPTURED_AT": 1506972551200,
        "HEADING": 255.87846766964,
        "IMAGE_THUMB_URL": "https://scontent-bos5-1.xx.fbcdn.net/m1/v/t6/An_M8B3VpR9bp7xAVqOyCr-zTUGU05bBjWToUCzNyzaRmSXuXG0gzYcBfmJMEN-d_teykvK4EEcfrxcGnbkooTtikYWH_7rMzv51_E16EkIJe3EMqW_o4_2RYKt62dsZvY0K8wkBWIqLNDVFnSRxFCM?stp=s256x144&edm=AOnQwmMEAAAA&_nc_gid=iCt71ZK3-XI-1HCmRD9bEQ&_nc_oc=AdoQ2atH2i29g4cBsaDgzi-WB6vIgdnGtLciYoSpiYg6wmB32pN-k45A9448ehYv80g&ccb=10-5&oh=00_Af5QxnfUzTU-eNTwr9Qbms708b1qgQHIkvaoSUpNf2ztWw&oe=6A393BE2&_nc_sid=201bca",
        "IMAGE_PREVIEW_URL": "https://scontent-bos5-1.xx.fbcdn.net/m1/v/t6/An_M8B3VpR9bp7xAVqOyCr-zTUGU05bBjWToUCzNyzaRmSXuXG0gzYcBfmJMEN-d_teykvK4EEcfrxcGnbkooTtikYWH_7rMzv51_E16EkIJe3EMqW_o4_2RYKt62dsZvY0K8wkBWIqLNDVFnSRxFCM?stp=s1024x576&edm=AOnQwmMEAAAA&_nc_gid=iCt71ZK3-XI-1HCmRD9bEQ&_nc_oc=AdoQ2atH2i29g4cBsaDgzi-WB6vIgdnGtLciYoSpiYg6wmB32pN-k45A9448ehYv80g&ccb=10-5&oh=00_Af585eB6atnfI-y0Gj1uOMRwhWDwYD3EafSBR6_hhQknGg&oe=6A393BE2&_nc_sid=201bca",
        "IMAGE_ORIGINAL_URL": "https://scontent-bos5-1.xx.fbcdn.net/m1/v/t6/An_M8B3VpR9bp7xAVqOyCr-zTUGU05bBjWToUCzNyzaRmSXuXG0gzYcBfmJMEN-d_teykvK4EEcfrxcGnbkooTtikYWH_7rMzv51_E16EkIJe3EMqW_o4_2RYKt62dsZvY0K8wkBWIqLNDVFnSRxFCM?edm=AOnQwmMEAAAA&_nc_gid=iCt71ZK3-XI-1HCmRD9bEQ&_nc_oc=AdoQ2atH2i29g4cBsaDgzi-WB6vIgdnGtLciYoSpiYg6wmB32pN-k45A9448ehYv80g&ccb=10-5&oh=00_Af5XsshGRo0OgfibIdeZaOSr8O-dRIxGnVCxGIYyifIkmQ&oe=6A393BE2&_nc_sid=201bca",
        "SOURCE_URL": "https://www.mapillary.com/app/?pKey=302971451205483",
        "SAMPLE_MUNICIPALITY": "Medford",
        "SAMPLE_STREET_NAME": "SALEM STREET",
        "SAMPLE_SEGMENT_ID": 391695,
        "SAMPLE_LAT": 42.4221387206014,
        "SAMPLE_LNG": -71.0939332864899
      }
    },
    {
      "type": "Feature",
      "geometry": {
        "type": "Point",
        "coordinates": [
          -71.094112668624,
          42.422102450555
        ]
      },
      "properties": {
        "PROVIDER": "mapillary",
        "IMAGE_ID": "799431957676094",
        "SEQUENCE_ID": "29HE-Ccwwa-WXqJhPOSLlQ",
        "CAPTURED_AT": 1506972555200,
        "HEADING": 257.563596101,
        "IMAGE_THUMB_URL": "https://scontent-bos5-1.xx.fbcdn.net/m1/v/t6/An-3x6JpUfWCntm2q_ekPijcSqLp0ZejS-ExQMiF896pHeeRkSsC2edXKqqrP0Fpq8NO1BxFd0vawNZKb08h0a1nG5eAUpqWlYzVy2YGLG6J7D9ExopBaeCuOMDdyWTmjUb0YyCG1Sji5-XTK81xew?stp=s256x144&edm=AOnQwmMEAAAA&_nc_gid=iCt71ZK3-XI-1HCmRD9bEQ&_nc_oc=AdrZzds14sGiglQmm1SUnubIvn8iVD2mHyLKnrhopGJPWNlbXu2XYZ7T-Dzca_efPlY&ccb=10-5&oh=00_Af5jYoMR3tXzk1GGWl7pyCMer6g4piJnI7bBxOJaC0EY1A&oe=6A393B4B&_nc_sid=201bca",
        "IMAGE_PREVIEW_URL": "https://scontent-bos5-1.xx.fbcdn.net/m1/v/t6/An-3x6JpUfWCntm2q_ekPijcSqLp0ZejS-ExQMiF896pHeeRkSsC2edXKqqrP0Fpq8NO1BxFd0vawNZKb08h0a1nG5eAUpqWlYzVy2YGLG6J7D9ExopBaeCuOMDdyWTmjUb0YyCG1Sji5-XTK81xew?stp=s1024x576&edm=AOnQwmMEAAAA&_nc_gid=iCt71ZK3-XI-1HCmRD9bEQ&_nc_oc=AdrZzds14sGiglQmm1SUnubIvn8iVD2mHyLKnrhopGJPWNlbXu2XYZ7T-Dzca_efPlY&ccb=10-5&oh=00_Af4JLdA3TqwVQkXO4LfT9mxBOlaZ2KZSMEdk9L8IYNem4Q&oe=6A393B4B&_nc_sid=201bca",
        "IMAGE_ORIGINAL_URL": "https://scontent-bos5-1.xx.fbcdn.net/m1/v/t6/An-3x6JpUfWCntm2q_ekPijcSqLp0ZejS-ExQMiF896pHeeRkSsC2edXKqqrP0Fpq8NO1BxFd0vawNZKb08h0a1nG5eAUpqWlYzVy2YGLG6J7D9ExopBaeCuOMDdyWTmjUb0YyCG1Sji5-XTK81xew?edm=AOnQwmMEAAAA&_nc_gid=iCt71ZK3-XI-1HCmRD9bEQ&_nc_oc=AdrZzds14sGiglQmm1SUnubIvn8iVD2mHyLKnrhopGJPWNlbXu2XYZ7T-Dzca_efPlY&ccb=10-5&oh=00_Af7IcZbY_oCWX9Nqj_eMb71lBmsUs7CkKYNp_4bfcGSHXQ&oe=6A393B4B&_nc_sid=201bca",
        "SOURCE_URL": "https://www.mapillary.com/app/?pKey=799431957676094",
        "SAMPLE_MUNICIPALITY": "Medford",
        "SAMPLE_STREET_NAME": "SALEM STREET",
        "SAMPLE_SEGMENT_ID": 391695,
        "SAMPLE_LAT": 42.4221387206014,
        "SAMPLE_LNG": -71.0939332864899
      }
    },
    {
      "type": "Feature",
      "geometry": {
        "type": "Point",
        "coordinates": [
          -71.093634626313,
          42.422182630548
        ]
      },
      "properties": {
        "PROVIDER": "mapillary",
        "IMAGE_ID": "288658456065875",
        "SEQUENCE_ID": "UM0vPsdnanG-AQZFGcqOng",
        "CAPTURED_AT": 1506972549800,
        "HEADING": 256.8222529015,
        "IMAGE_THUMB_URL": "https://scontent-bos5-1.xx.fbcdn.net/m1/v/t6/An-1GL9B00y_uF9EW6KyfJCOcuthLjpsKrfYtT_NoIG6chOp34lkD88Exr3O8G9lAYGSUfW9uvQiYldguWJxlp0Ec_2VpcOvhdwem_B8TIeyAGucgK_DCWsI7NI6KriE6txyrfl0C5y17WwSbPbA1A?stp=s256x144&edm=AOnQwmMEAAAA&_nc_gid=iCt71ZK3-XI-1HCmRD9bEQ&_nc_oc=Adrv0CUXzu_IxDqXYiuv7VUBwEvbowgwnm2GA1SqNJRvPN2ZNwzrQ1qwnqTZTXrYkes&ccb=10-5&oh=00_Af5v8VH5gU-5m3cMXJpHJx-N7fXqGXfybvh2sGvnFIYkBA&oe=6A393DEE&_nc_sid=201bca",
        "IMAGE_PREVIEW_URL": "https://scontent-bos5-1.xx.fbcdn.net/m1/v/t6/An-1GL9B00y_uF9EW6KyfJCOcuthLjpsKrfYtT_NoIG6chOp34lkD88Exr3O8G9lAYGSUfW9uvQiYldguWJxlp0Ec_2VpcOvhdwem_B8TIeyAGucgK_DCWsI7NI6KriE6txyrfl0C5y17WwSbPbA1A?stp=s1024x576&edm=AOnQwmMEAAAA&_nc_gid=iCt71ZK3-XI-1HCmRD9bEQ&_nc_oc=Adrv0CUXzu_IxDqXYiuv7VUBwEvbowgwnm2GA1SqNJRvPN2ZNwzrQ1qwnqTZTXrYkes&ccb=10-5&oh=00_Af5ksRFWnD697HHnSihb7ssr3PE1-IGVF8ZtGlD3ovxlqQ&oe=6A393DEE&_nc_sid=201bca",
        "IMAGE_ORIGINAL_URL": "https://scontent-bos5-1.xx.fbcdn.net/m1/v/t6/An-1GL9B00y_uF9EW6KyfJCOcuthLjpsKrfYtT_NoIG6chOp34lkD88Exr3O8G9lAYGSUfW9uvQiYldguWJxlp0Ec_2VpcOvhdwem_B8TIeyAGucgK_DCWsI7NI6KriE6txyrfl0C5y17WwSbPbA1A?edm=AOnQwmMEAAAA&_nc_gid=iCt71ZK3-XI-1HCmRD9bEQ&_nc_oc=Adrv0CUXzu_IxDqXYiuv7VUBwEvbowgwnm2GA1SqNJRvPN2ZNwzrQ1qwnqTZTXrYkes&ccb=10-5&oh=00_Af5nsA-Wcma3eWFFQ8xApUot_riC01fJKi0E3I2-FBV6OQ&oe=6A393DEE&_nc_sid=201bca",
        "SOURCE_URL": "https://www.mapillary.com/app/?pKey=288658456065875",
        "SAMPLE_MUNICIPALITY": "Medford",
        "SAMPLE_STREET_NAME": "SALEM STREET",
        "SAMPLE_SEGMENT_ID": 391695,
        "SAMPLE_LAT": 42.4221387206014,
        "SAMPLE_LNG": -71.0939332864899
      }
    },
    {
      "type": "Feature",
      "geometry": {
        "type": "Point",
        "coordinates": [
          -71.093864157983,
          42.422141827819
        ]
      },
      "properties": {
        "PROVIDER": "mapillary",
        "IMAGE_ID": "2936440336682881",
        "SEQUENCE_ID": "29HE-Ccwwa-WXqJhPOSLlQ",
        "CAPTURED_AT": 1506972552000,
        "HEADING": 255.82587925087,
        "IMAGE_THUMB_URL": "https://scontent-bos5-1.xx.fbcdn.net/m1/v/t6/An-JaWzd8ik103Eu0mkGR9AfkVVj82-Ly0Skt3_6pY_gylfbXfGvlzBgkrXrRoYdWrHyYzs-QqXSwCxxz6b3R4W3EzbdeoderhIFthZWlsD6re8XJk0lwtCVOmMkETaQbPKOLTTv5fHYfBvDHaqg4A?stp=s256x144&edm=AOnQwmMEAAAA&_nc_gid=iCt71ZK3-XI-1HCmRD9bEQ&_nc_oc=Adoxpcw6Nq0EKRL9ztL4SbOuubPtNuIr3ScJVkoD-HYDHJ5ccDI4pDhwtRXpwVw2f6s&ccb=10-5&oh=00_Af43XHotRuX53qai4qUnT8bKLFrNAu-P7psSMLTPJ65q4g&oe=6A39563A&_nc_sid=201bca",
        "IMAGE_PREVIEW_URL": "https://scontent-bos5-1.xx.fbcdn.net/m1/v/t6/An-JaWzd8ik103Eu0mkGR9AfkVVj82-Ly0Skt3_6pY_gylfbXfGvlzBgkrXrRoYdWrHyYzs-QqXSwCxxz6b3R4W3EzbdeoderhIFthZWlsD6re8XJk0lwtCVOmMkETaQbPKOLTTv5fHYfBvDHaqg4A?stp=s1024x576&edm=AOnQwmMEAAAA&_nc_gid=iCt71ZK3-XI-1HCmRD9bEQ&_nc_oc=Adoxpcw6Nq0EKRL9ztL4SbOuubPtNuIr3ScJVkoD-HYDHJ5ccDI4pDhwtRXpwVw2f6s&ccb=10-5&oh=00_Af6chHj6tkA3UYh6HQbue-St0UfZvldLPILW-IIo3prF_g&oe=6A39563A&_nc_sid=201bca",
        "IMAGE_ORIGINAL_URL": "https://scontent-bos5-1.xx.fbcdn.net/m1/v/t6/An-JaWzd8ik103Eu0mkGR9AfkVVj82-Ly0Skt3_6pY_gylfbXfGvlzBgkrXrRoYdWrHyYzs-QqXSwCxxz6b3R4W3EzbdeoderhIFthZWlsD6re8XJk0lwtCVOmMkETaQbPKOLTTv5fHYfBvDHaqg4A?edm=AOnQwmMEAAAA&_nc_gid=iCt71ZK3-XI-1HCmRD9bEQ&_nc_oc=Adoxpcw6Nq0EKRL9ztL4SbOuubPtNuIr3ScJVkoD-HYDHJ5ccDI4pDhwtRXpwVw2f6s&ccb=10-5&oh=00_Af4909O_0FEH6XKwLJuDz3F8IJIq4AwByxJBZj3ywpKvsA&oe=6A39563A&_nc_sid=201bca",
        "SOURCE_URL": "https://www.mapillary.com/app/?pKey=2936440336682881",
        "SAMPLE_MUNICIPALITY": "Medford",
        "SAMPLE_STREET_NAME": "SALEM STREET",
        "SAMPLE_SEGMENT_ID": 391695,
        "SAMPLE_LAT": 42.4221387206014,
        "SAMPLE_LNG": -71.0939332864899
      }
    }
  ]
}
